State,Year,HLp,Tscr1r,NPr,LTFdiar,Dr,TDia3r,EIr,EI6r,PerTscr,PerTNscr,PerTscr1,PerPas1,PerNotPas1,PerPIS,PerNPIS,PerReferToOPS,PerReferStDia,PerOPS,PerNPOS,PerLTFscr,PerD,PerDHL,PerHL3,PerTDia3,PerLTFdia,PerEI,PerEI6,PerLTFei,Tscr1,PIS,NPIS,ReferToOPS,OPS,POS,NPOS,EI,EI6,Birth,Tscr,TNscr,NoInPaOut,NoInReOut,PaInPaOut,PaInReOut,PaInNoOut,ReInPaOut,ReInReOut,ReInNoOut,ReInStDia,TotPas,TotNotPas,TotPas1,TotNotPas1,TotNotPasNoscr,NoscrStDia,LTFscr,TDia,TDia3,HL,NHL,HL3,NHL3,LTFdia,ToEnrEIPC,ToEnrEINPC,ToEnrEI6PC,ToEnrEI6NPC,LTFei
Alabama,2007,NA,NA,NA,NA,NA,NA,NA,NA,NA,NA,NA,NA,NA,NA,NA,NA,NA,NA,NA,NA,NA,NA,NA,NA,NA,NA,NA,NA,NA,NA,NA,NA,NA,NA,NA,NA,NA,NA,NA,NA,NA,NA,NA,NA,NA,NA,NA,NA,NA,NA,NA,NA,NA,NA,NA,NA,NA,NA,NA,NA,NA,NA,NA,NA,NA,NA,NA,NA
Alaska,2007,1.5846290977518074,964.0487273447559,28.028127166485092,20.99633554521145,4.35773001881747,0.49519659304743985,0.49519659304743985,0.09903931860948796,92.49725174056431,NA,89.17185782337853,97.56523525785906,2.4347647421409495,NA,NA,NA,NA,NA,NA,NA,15.547703180212014,36.36363636363637,12.5,1.76678445229682,74.91166077738515,31.25,6.25,1325,9734,NA,NA,NA,NA,NA,NA,5,1,10916,10097,NA,NA,NA,NA,NA,NA,NA,NA,NA,NA,9814,283,9497,237,NA,NA,NA,44,5,16,28,2,3,212,5,0,1,0,11
American Samoa,2007,NA,NA,NA,NA,NA,NA,NA,NA,NA,NA,NA,NA,NA,NA,NA,NA,NA,NA,NA,NA,NA,NA,NA,NA,NA,NA,NA,NA,NA,NA,NA,NA,NA,NA,NA,NA,NA,NA,NA,NA,NA,NA,NA,NA,NA,NA,NA,NA,NA,NA,NA,NA,NA,NA,NA,NA,NA,NA,NA,NA,NA,NA,NA,NA,NA,NA,NA,NA
Arizona,2007,1.4364763841259243,980.4052481968175,14.314183686888613,11.168098085035355,2.9437649843707323,1.4061282915035456,1.3960122606294194,1.0925313344056327,94.58169084159364,NA,92.72838608442726,98.8278509224483,1.172149077551694,NA,NA,NA,NA,NA,NA,NA,20.565371024734983,48.797250859106526,58.45070422535211,9.823321554770319,78.02120141342756,97.1830985915493,76.05633802816901,777.4647887323944,96916,NA,NA,NA,NA,NA,NA,138,108,104516,98853,NA,NA,NA,NA,NA,NA,NA,NA,NA,NA,97438,1415,95780,1136,NA,NA,NA,291,139,142,149,83,56,1104,83,55,60,48,0
Arkansas,2007,0.8960802887938759,974.0648762129088,26.75439719398858,15.310171791392508,4.249980798279526,2.5090248086228524,0.4608412913797076,0.25602293965539313,97.21973317403425,NA,94.69832735961768,97.45571150712296,2.5442884928770435,NA,NA,NA,NA,NA,NA,NA,15.885167464114833,21.084337349397593,28.57142857142857,9.37799043062201,57.224880382775126,51.42857142857142,28.57142857142857,1708.5714285714284,38046,NA,NA,NA,NA,NA,NA,18,10,40176,39059,NA,NA,NA,NA,NA,NA,NA,NA,NA,NA,38014,1045,37078,968,NA,NA,NA,166,98,35,131,10,88,598,18,0,10,0,17
California,2007,NA,NA,NA,NA,NA,NA,NA,NA,NA,NA,NA,NA,NA,NA,NA,NA,NA,NA,NA,NA,NA,NA,NA,NA,NA,NA,NA,NA,NA,NA,NA,NA,NA,NA,NA,NA,NA,NA,NA,NA,NA,NA,NA,NA,NA,NA,NA,NA,NA,NA,NA,NA,NA,NA,NA,NA,NA,NA,NA,NA,NA,NA,NA,NA,NA,NA,NA,NA
Colorado,2007,1.5434304170120332,986.7093491868409,2.45805584931546,0.1572012461771515,2.3008546031383084,2.0007431331637466,1.186154857518507,1.0575356561008373,98.23807718766233,NA,96.93242920720493,99.79288569607786,0.20711430392213662,NA,NA,NA,NA,NA,NA,NA,93.6046511627907,67.08074534161491,80.55555555555556,81.3953488372093,6.395348837209303,76.85185185185185,68.51851851851852,10.185185185185185,69044,NA,NA,NA,NA,NA,NA,83,74,71229,69974,NA,NA,NA,NA,NA,NA,NA,NA,NA,NA,69802,172,68901,143,NA,NA,NA,161,140,108,53,87,53,11,53,30,44,30,25
Commonwealth of the Northern Mariana Islands,2007,2.204261572373255,988.9786921381337,40.41146216017634,23.51212343864805,2.9390154298310063,0.7347538574577516,2.204261572373255,1.4695077149155031,98.62318840579711,NA,97.53623188405797,96.2109955423477,3.789004457652303,NA,NA,NA,NA,NA,NA,NA,7.2727272727272725,75,0,1.8181818181818181,58.18181818181818,100,66.66666666666666,1066.6666666666665,1346,NA,NA,NA,NA,NA,NA,3,2,1380,1361,NA,NA,NA,NA,NA,NA,NA,NA,NA,NA,1306,55,1295,51,NA,NA,NA,4,1,3,1,0,1,32,3,0,2,0,0
Connecticut,2007,1.575555025065648,7.471950346144665,8.307471950346144,1.121986154213416,6.8990212461207925,5.299594175220816,1.241346383385056,0.95488183337312,99.51300629528448,NA,0.7435562418339471,0,100,NA,NA,NA,NA,NA,NA,NA,83.04597701149426,22.837370242214533,57.57575757575758,63.793103448275865,13.505747126436782,78.78787878787878,60.60606060606061,71.21212121212122,313,NA,NA,NA,NA,NA,NA,52,40,42095,41890,NA,NA,NA,NA,NA,NA,NA,NA,NA,NA,41542,348,0,313,NA,NA,NA,289,222,66,223,38,184,47,52,0,40,0,10
Delaware,2007,NA,NA,NA,NA,NA,NA,NA,NA,NA,NA,NA,NA,NA,NA,NA,NA,NA,NA,NA,NA,NA,NA,NA,NA,NA,NA,NA,NA,NA,NA,NA,NA,NA,NA,NA,NA,NA,NA,NA,NA,NA,NA,NA,NA,NA,NA,NA,NA,NA,NA,NA,NA,NA,NA,NA,NA,NA,NA,NA,NA,NA,NA,NA,NA,NA,NA,NA,NA
District of Columbia,2007,NA,NA,NA,NA,NA,NA,NA,NA,NA,NA,NA,NA,NA,NA,NA,NA,NA,NA,NA,NA,NA,NA,NA,NA,NA,NA,NA,NA,NA,NA,NA,NA,NA,NA,NA,NA,NA,NA,NA,NA,NA,NA,NA,NA,NA,NA,NA,NA,NA,NA,NA,NA,NA,NA,NA,NA,NA,NA,NA,NA,NA,NA,NA,NA,NA,NA,NA,NA
Florida,2007,0.789351560704171,875.373532434976,28.49038682563571,5.061391600778943,18.97913422879919,16.242426345258902,0.4814177100997966,0.3166080435791455,96.4239712278354,NA,84.40699230511876,98.19059226889424,1.8094077311057604,NA,NA,NA,NA,NA,NA,NA,66.61592327599331,4.159049360146253,51.098901098901095,57.01019942152534,17.765261074745016,60.98901098901099,40.10989010989011,641.2087912087912,201834,NA,NA,NA,NA,NA,NA,111,73,239120,230569,NA,NA,NA,NA,NA,NA,NA,NA,NA,NA,224000,6569,198182,3652,NA,NA,NA,4376,3745,182,4194,93,3652,1167,111,0,73,0,48
Georgia,2007,NA,NA,NA,NA,NA,NA,NA,NA,NA,NA,NA,NA,NA,NA,NA,NA,NA,NA,NA,NA,NA,NA,NA,NA,NA,NA,NA,NA,NA,NA,NA,NA,NA,NA,NA,NA,NA,NA,NA,NA,NA,NA,NA,NA,NA,NA,NA,NA,NA,NA,NA,NA,NA,NA,NA,NA,NA,NA,NA,NA,NA,NA,NA,NA,NA,NA,NA,NA
Guam,2007,2.0134228187919465,951.6778523489933,30.87248322147651,26.510067114093957,3.6912751677852347,3.3557046979865772,2.0134228187919465,2.0134228187919465,85.31348411107929,NA,81.19095333524191,96.89703808180536,3.1029619181946404,NA,NA,NA,NA,NA,NA,NA,11.956521739130435,54.54545454545454,100,10.869565217391305,85.86956521739131,100,100,1316.6666666666665,2836,NA,NA,NA,NA,NA,NA,6,6,3493,2980,NA,NA,NA,NA,NA,NA,NA,NA,NA,NA,2888,92,2748,88,NA,NA,NA,11,10,6,5,6,4,79,6,0,6,0,0
Hawaii,2007,3.6571792017808873,988.551439020512,14.363703821487254,4.823236338580591,8.798431123125033,6.466316849525627,3.0211480362537766,2.438119467853925,98.63550815558344,NA,97.50627352572145,98.72392901184924,1.2760709881507692,NA,NA,NA,NA,NA,NA,NA,61.254612546125465,41.566265060240966,84.05797101449275,45.018450184501845,33.579335793357934,82.6086956521739,66.66666666666666,131.8840579710145,18651,NA,NA,NA,NA,NA,NA,57,46,19128,18867,NA,NA,NA,NA,NA,NA,NA,NA,NA,NA,18596,271,18413,238,NA,NA,NA,166,122,69,97,58,64,91,57,0,46,0,2
Idaho,2007,1.1106839249861165,986.2873253876714,54.295356486821305,4.998077662437524,34.772950574565336,15.12238882481097,0.6834977999914562,0,93.54993406066419,NA,92.26711425488551,94.73319473319474,5.2668052668052665,NA,NA,NA,NA,NA,NA,NA,64.04405979543665,3.194103194103194,57.692307692307686,27.852084972462627,9.205350118017309,61.53846153846154,0,450,23088,NA,NA,NA,NA,NA,NA,16,0,25023,23409,NA,NA,NA,NA,NA,NA,NA,NA,NA,NA,22138,1271,21872,1216,NA,NA,NA,814,354,26,788,15,339,117,16,0,0,0,10
Illinois,2007,NA,NA,NA,NA,NA,NA,NA,NA,99.22731733884007,NA,NA,NA,NA,NA,NA,NA,NA,NA,NA,NA,NA,NA,NA,NA,NA,NA,NA,NA,NA,NA,NA,NA,NA,NA,NA,NA,NA,176269,174907,NA,NA,NA,NA,NA,NA,NA,NA,NA,NA,NA,NA,NA,NA,NA,NA,NA,NA,NA,NA,NA,NA,NA,NA,NA,NA,NA,NA,NA
Indiana,2007,1.5048737388132019,980.6532520093485,19.87117368751069,4.149803340363678,14.444507780881263,6.73773014877729,1.1856580972467652,0,98.11192018164938,NA,96.21377358701609,98.08412192796855,1.9158780720314355,NA,NA,NA,NA,NA,NA,NA,72.69076305220884,10.418310970797158,39.39393939393939,33.90705679862307,20.883534136546185,78.78787878787878,0,275.75757575757575,86018,NA,NA,NA,NA,NA,NA,104,0,89403,87715,NA,NA,NA,NA,NA,NA,NA,NA,NA,NA,85972,1743,84370,1648,NA,NA,NA,1267,591,132,1135,52,539,364,94,10,0,0,28
Iowa,2007,1.5013906323069728,951.0448202023185,28.526422013832484,16.638361761303504,4.725688547589161,1.4275517487508922,0,0,98.61407766990291,NA,93.7864077669903,97.5672877846791,2.432712215320911,NA,NA,NA,NA,NA,NA,NA,16.566005176876615,31.770833333333332,22.950819672131146,5.0043140638481445,58.326143226919754,0,0,1108.1967213114756,38640,NA,NA,NA,NA,NA,NA,0,0,41200,40629,NA,NA,NA,NA,NA,NA,NA,NA,NA,NA,39470,1159,37700,940,NA,NA,NA,192,58,61,131,14,44,676,0,0,0,0,58
Kansas,2007,1.3332698442931288,979.9057187752965,22.451311842293222,18.04675967811057,3.7379172420360933,2.833198419122899,0.04761678015332604,0.02380839007666302,97.79278230500582,NA,95.82770663562282,97.98338111667235,2.016618883327664,NA,NA,NA,NA,NA,NA,NA,16.64899257688229,35.6687898089172,67.85714285714286,12.61930010604454,80.38176033934252,3.571428571428571,1.7857142857142856,1353.5714285714287,41158,NA,NA,NA,NA,NA,NA,2,1,42950,42002,NA,NA,NA,NA,NA,NA,NA,NA,NA,NA,41059,943,40328,830,NA,NA,NA,157,119,56,101,38,81,758,2,0,1,0,53
Kentucky,2007,0.9024800846942849,945.9379718495635,36.6892865200715,21.572745101442234,15.116541418629271,13.190093545531855,0.1909092486853295,0.034710772488241726,99.02894266465007,NA,93.6752371786058,99.524805518861,0.475194481138999,NA,NA,NA,NA,NA,NA,NA,41.20151371807001,5.970149253731343,21.153846153846153,35.950804162724694,58.798486281929996,21.153846153846153,3.8461538461538463,2390.3846153846152,54504,NA,NA,NA,NA,NA,NA,11,2,58184,57619,NA,NA,NA,NA,NA,NA,NA,NA,NA,NA,55505,2114,54245,259,NA,NA,NA,871,760,52,819,11,749,1243,11,0,2,0,41
Louisiana,2007,0.7914147329766691,0,47.83310646110988,16.904618696381654,27.88945519009782,0,0.5539903130836683,0.42736395580740133,97.47735793745082,NA,0,NA,NA,NA,NA,NA,NA,NA,NA,NA,58.305757776307075,2.837684449489217,0,0,35.34083388484447,70,54,2136,0,NA,NA,NA,NA,NA,NA,35,27,64813,63178,NA,NA,NA,NA,NA,NA,NA,NA,NA,NA,60156,3022,0,0,NA,NA,NA,1762,0,50,1712,0,0,1068,0,35,0,27,13
Maine,2007,1.3967507167536573,980.1514371829744,25.72961846651474,14.629125928104095,9.189149452326692,6.689700801293832,0.44107917371168126,0.22053958685584063,97.3381037567084,NA,95.40608228980322,97.7049426235656,2.2950573764344107,NA,NA,NA,NA,NA,NA,NA,35.714285714285715,15.2,36.84210526315789,26,56.85714285714286,31.57894736842105,15.789473684210526,1047.3684210526314,13333,NA,NA,NA,NA,NA,NA,6,3,13975,13603,NA,NA,NA,NA,NA,NA,NA,NA,NA,NA,13253,350,13027,306,NA,NA,NA,125,91,19,106,7,84,199,5,1,3,0,13
Marshall Islands,2007,NA,NA,NA,NA,NA,NA,NA,NA,NA,NA,NA,NA,NA,NA,NA,NA,NA,NA,NA,NA,NA,NA,NA,NA,NA,NA,NA,NA,NA,NA,NA,NA,NA,NA,NA,NA,NA,NA,NA,NA,NA,NA,NA,NA,NA,NA,NA,NA,NA,NA,NA,NA,NA,NA,NA,NA,NA,NA,NA,NA,NA,NA,NA,NA,NA,NA,NA,NA
Maryland,2007,1.1047282368537341,970.2413831197525,15.217631462660185,12.580092797171895,2.63753866548829,1.1047282368537341,0,0,94.9394304892758,NA,92.11416435051655,98.55538634519861,1.4446136548013835,NA,NA,NA,NA,NA,NA,NA,17.33212341197822,41.8848167539267,47.5,7.259528130671507,82.66787658802178,0,0,1138.75,70261,NA,NA,NA,NA,NA,NA,0,0,76276,72416,NA,NA,NA,NA,NA,NA,NA,NA,NA,NA,71314,1102,69246,1015,NA,NA,NA,191,80,80,111,38,42,911,0,0,0,0,80
Massachusetts,2007,2.726267328515213,986.8187546616599,18.479462976775288,1.0287801239680048,15.907512666855277,15.045909313032071,1.9546822355392093,1.1959568941128056,98.7780092474976,NA,97.4759920735735,98.23292544665546,1.7670745533445404,NA,NA,NA,NA,NA,NA,NA,86.0821155184412,17.13823767178658,87.73584905660378,81.41962421711901,5.567153792623522,71.69811320754717,43.86792452830189,37.735849056603776,76737,NA,NA,NA,NA,NA,NA,152,93,78724,77762,NA,NA,NA,NA,NA,NA,NA,NA,NA,NA,76325,1437,75381,1356,NA,NA,NA,1237,1170,212,1025,186,984,80,152,0,93,0,50
Michigan,2007,1.104699093157461,970.3050288540808,15.968672712283594,10.032976092333058,5.028854080791427,3.02555647155812,0.5523495465787305,0.20610057708161583,98.31494824889162,NA,95.39548869742825,98.64228788934392,1.3577121106560859,NA,NA,NA,NA,NA,NA,NA,31.491997934950955,21.9672131147541,43.28358208955223,18.946824987093443,62.8291171915333,50,18.65671641791045,908.2089552238806,117698,NA,NA,NA,NA,NA,NA,67,25,123379,121300,NA,NA,NA,NA,NA,NA,NA,NA,NA,NA,119363,1937,116100,1598,NA,NA,NA,610,367,134,476,58,309,1217,67,0,25,0,67
Micronesia,2007,NA,NA,NA,NA,NA,NA,NA,NA,NA,NA,NA,NA,NA,NA,NA,NA,NA,NA,NA,NA,NA,NA,NA,NA,NA,NA,NA,NA,NA,NA,NA,NA,NA,NA,NA,NA,NA,NA,NA,NA,NA,NA,NA,NA,NA,NA,NA,NA,NA,NA,NA,NA,NA,NA,NA,NA,NA,NA,NA,NA,NA,NA,NA,NA,NA,NA,NA,NA
Minnesota,2007,1.3299091993029442,0,16.203491393805983,13.176801491944113,2.629245773334556,0.9936103213182916,0.3821578158916506,0.32101256534898653,88.874699417175,NA,0,NA,NA,NA,NA,NA,NA,NA,NA,NA,16.22641509433962,50.58139534883721,34.48275862068966,6.132075471698113,81.32075471698114,28.735632183908045,24.137931034482758,990.8045977011493,0,NA,NA,NA,NA,NA,NA,25,21,73607,65418,NA,NA,NA,NA,NA,NA,NA,NA,NA,NA,64358,1060,0,0,NA,NA,NA,172,65,87,85,30,35,862,25,0,21,0,58
Mississippi,2007,1.905615962336061,0,12.689160408026007,1.0312745207936331,9.909203004147518,7.308597690841834,1.905615962336061,1.0985315547584351,98.01357973148168,NA,0,NA,NA,NA,NA,NA,NA,NA,NA,NA,78.09187279151944,19.230769230769234,48.23529411764706,57.59717314487632,8.12720848056537,100,57.647058823529406,54.11764705882353,0,NA,NA,NA,NA,NA,NA,85,49,45509,44605,NA,NA,NA,NA,NA,NA,NA,NA,NA,NA,44039,566,0,0,NA,NA,NA,442,326,85,357,41,285,46,85,0,49,0,0
Missouri,2007,1.6442081839535172,976.4247743849672,18.420076647298803,10.45864754605019,6.057609098776116,4.438125849919643,0.8282853257510199,0.5439485721349981,97.6661072407423,NA,95.36360672759983,98.38193028879633,1.6180697112036766,NA,NA,NA,NA,NA,NA,NA,32.88590604026846,27.142857142857142,66.16541353383458,24.093959731543624,56.77852348993289,50.37593984962406,33.08270676691729,636.0902255639098,78983,NA,NA,NA,NA,NA,NA,67,44,82823,80890,NA,NA,NA,NA,NA,NA,NA,NA,NA,NA,79400,1490,77705,1278,NA,NA,NA,490,359,133,357,88,271,846,66,1,43,1,63
Montana,2007,0.9365687526607067,0,26.905065985525756,25.71306939123031,1.191996594295445,0.9365687526607067,0.8514261387824607,0.7662835249042146,94.71010402386905,NA,0,NA,NA,NA,NA,NA,NA,NA,NA,NA,4.430379746835443,78.57142857142857,100,3.481012658227848,95.56962025316456,90.9090909090909,81.81818181818183,2745.4545454545455,0,NA,NA,NA,NA,NA,NA,10,9,12401,11745,NA,NA,NA,NA,NA,NA,NA,NA,NA,NA,11429,316,0,0,NA,NA,NA,14,11,11,3,11,0,302,4,6,3,6,0
Nebraska,2007,1.859219871341985,977.8380991336036,8.366489421038933,4.239021306659725,3.3094113709887334,1.487375897073588,1.487375897073588,1.2642695125125496,99.17029279445387,NA,96.97249059665167,99.25466783283264,0.7453321671673575,NA,NA,NA,NA,NA,NA,NA,39.55555555555556,56.17977528089888,56.00000000000001,17.77777777777778,50.66666666666667,80,68,227.99999999999997,26297,NA,NA,NA,NA,NA,NA,40,34,27118,26893,NA,NA,NA,NA,NA,NA,NA,NA,NA,NA,26668,225,26101,196,NA,NA,NA,89,40,50,39,28,12,114,40,0,34,0,8
Nevada,2007,NA,970.3954160644229,29.60458393557712,NA,NA,NA,NA,NA,95.1870869469081,NA,92.36911284180526,100,0,NA,NA,NA,NA,NA,NA,NA,NA,NA,NA,NA,NA,NA,NA,NA,37597,NA,NA,NA,NA,NA,NA,NA,NA,40703,38744,NA,NA,NA,NA,NA,NA,NA,NA,NA,NA,37597,1147,37597,0,NA,NA,NA,NA,NA,NA,NA,NA,NA,NA,NA,NA,NA,NA,NA
New Hampshire,2007,2.9199211621286225,987.2983429447405,20.22045404774071,8.248777283013357,10.51171618366304,7.445798963427988,1.0949704357982335,0.8759763486385868,98.22888283378747,NA,96.98121325111143,98.07763401109058,1.9223659889094271,NA,NA,NA,NA,NA,NA,NA,51.985559566786996,27.77777777777778,70,36.8231046931408,40.794223826714806,37.5,30,282.5,13525,NA,NA,NA,NA,NA,NA,15,12,13946,13699,NA,NA,NA,NA,NA,NA,NA,NA,NA,NA,13422,277,13265,260,NA,NA,NA,144,102,40,104,28,74,113,15,0,12,0,21
New Jersey,2007,0.8413816560897236,974.543729468945,16.818682253112666,13.095120881481547,2.756867553996115,1.8975841605427806,0.581806464317362,0.3401330099086116,98.96623201757494,NA,96.44692084189639,98.55616888782754,1.4438311121724514,NA,NA,NA,NA,NA,NA,NA,16.391697711548698,30.519480519480517,52.12765957446809,11.28259712613092,77.8605641298563,69.14893617021278,40.42553191489361,1556.3829787234044,108877,NA,NA,NA,NA,NA,NA,65,38,112888,111721,NA,NA,NA,NA,NA,NA,NA,NA,NA,NA,109842,1879,107305,1572,NA,NA,NA,308,212,94,214,49,163,1463,65,0,38,0,18
New Mexico,2007,NA,NA,NA,NA,NA,NA,NA,NA,NA,NA,NA,NA,NA,NA,NA,NA,NA,NA,NA,NA,NA,NA,NA,NA,NA,NA,NA,NA,NA,NA,NA,NA,NA,NA,NA,NA,NA,NA,NA,NA,NA,NA,NA,NA,NA,NA,NA,NA,NA,NA,NA,NA,NA,NA,NA,NA,NA,NA,NA,NA,NA,NA,NA,NA,NA,NA,NA,NA
New York,2007,NA,961.5163262859198,12.957116022541065,NA,NA,NA,NA,NA,98.93868577348613,NA,95.13116167247938,99.07764952344532,0.922350476554674,NA,NA,NA,NA,NA,NA,NA,NA,NA,NA,NA,NA,NA,NA,NA,240581,NA,NA,NA,NA,NA,NA,NA,NA,252894,250210,NA,NA,NA,NA,NA,NA,NA,NA,NA,NA,246968,3242,238362,2219,NA,NA,NA,NA,NA,NA,NA,NA,NA,NA,NA,NA,NA,NA,NA
North Carolina,2007,1.434008893906225,963.0590155681498,9.854997292164056,0.1983203789444779,3.6689270104728418,1.4187534801412651,1.3119655837865463,0.5873334299509538,98.23979018358936,NA,94.61071562382915,99.27133330165218,0.7286666983478274,NA,NA,NA,NA,NA,NA,NA,37.22910216718267,39.08523908523909,30.851063829787233,14.396284829721361,2.0123839009287927,91.48936170212765,40.95744680851064,13.829787234042554,126258,NA,NA,NA,NA,NA,NA,172,77,133450,131101,NA,NA,NA,NA,NA,NA,NA,NA,NA,NA,129809,1292,125338,920,NA,NA,NA,481,186,188,293,58,128,26,172,0,77,0,14
North Dakota,2007,0.41584364279031083,978.4800914856014,48.86162802786152,39.50514606507953,1.1435700176733548,0.31188273209273315,0,0,98.76784064072287,NA,96.64236574596981,95.11262218444539,4.887377815554611,NA,NA,NA,NA,NA,NA,NA,2.3404255319148937,36.36363636363637,0,0.6382978723404255,80.85106382978722,0,0,9500,9412,NA,NA,NA,NA,NA,NA,0,0,9739,9619,NA,NA,NA,NA,NA,NA,NA,NA,NA,NA,9149,470,8952,460,NA,NA,NA,11,3,4,7,0,3,380,0,0,0,0,4
Ohio,2007,0.7596170383534943,989.5445164249269,35.809493779739725,8.857421315140744,19.062087943587684,17.30636931720461,0.5159662902023735,0.3654761222266812,92.197709989230475,NA,91.23373834677872,96.66871854292646,3.3312814570735414,NA,NA,NA,NA,NA,NA,NA,53.2319391634981,3.984962406015038,53.77358490566038,48.328997398439064,24.734840904542725,67.9245283018868,48.113207547169814,1166.0377358490566,138085,NA,NA,NA,NA,NA,NA,72,51,151353,139544,NA,NA,NA,NA,NA,NA,NA,NA,NA,NA,134547,4997,133485,4600,NA,NA,NA,2660,2415,106,2554,57,2358,1236,72,0,51,0,30
Oklahoma,2007,2.0285118611596324,984.4292932138765,20.99885426644879,15.514359234424598,2.0285118611596324,0.9015608271820589,1.840686688830037,1.2020811029094118,99.00697350069734,NA,97.4653649465365,98.4755399526826,1.5244600473174081,NA,NA,NA,NA,NA,NA,NA,9.66010733452594,100,44.44444444444444,4.293381037567084,73.8819320214669,90.74074074074075,59.25925925925925,764.8148148148148,52412,NA,NA,NA,NA,NA,NA,98,64,53775,53241,NA,NA,NA,NA,NA,NA,NA,NA,NA,NA,52123,1118,51613,799,NA,NA,NA,108,48,108,0,48,0,826,89,9,64,0,8
Oregon,2007,1.5596937328670006,977.0772284715001,34.45505246242556,24.50609698459212,7.349465923055109,5.624350127611305,NA,NA,98.2539240271199,NA,96.00167177486765,96.7856624582789,3.2143375417210858,NA,NA,NA,NA,NA,NA,NA,21.330589849108367,21.221864951768488,45.45454545454545,16.323731138545952,71.12482853223594,NA,NA,1571.2121212121212,41346,NA,NA,NA,NA,NA,NA,NA,NA,43068,42316,NA,NA,NA,NA,NA,NA,NA,NA,NA,NA,40858,1458,40017,1329,NA,NA,NA,311,238,66,245,30,208,1037,NA,NA,NA,NA,NA
Palau,2007,NA,NA,NA,NA,NA,NA,NA,NA,NA,NA,NA,NA,NA,NA,NA,NA,NA,NA,NA,NA,NA,NA,NA,NA,NA,NA,NA,NA,NA,NA,NA,NA,NA,NA,NA,NA,NA,NA,NA,NA,NA,NA,NA,NA,NA,NA,NA,NA,NA,NA,NA,NA,NA,NA,NA,NA,NA,NA,NA,NA,NA,NA,NA,NA,NA,NA,NA,NA
Pennsylvania,2007,1.0726624317396634,0,9.633065864259445,1.5323749024852333,6.846929677922657,4.527471302797281,1.0726624317396634,0.703499387050039,95.71136192425384,NA,0,NA,NA,NA,NA,NA,NA,NA,NA,NA,71.07736804049168,15.666327568667345,48.701298701298704,46.99927693420101,15.907447577729572,100,65.5844155844156,142.85714285714286,0,NA,NA,NA,NA,NA,NA,154,101,150001,143568,NA,NA,NA,NA,NA,NA,NA,NA,NA,NA,142185,1383,0,0,NA,NA,NA,983,650,154,829,75,575,220,119,35,86,15,0
Puerto Rico,2007,NA,NA,NA,NA,NA,NA,NA,NA,NA,NA,NA,NA,NA,NA,NA,NA,NA,NA,NA,NA,NA,NA,NA,NA,NA,NA,NA,NA,NA,NA,NA,NA,NA,NA,NA,NA,NA,NA,NA,NA,NA,NA,NA,NA,NA,NA,NA,NA,NA,NA,NA,NA,NA,NA,NA,NA,NA,NA,NA,NA,NA,NA,NA,NA,NA,NA,NA,NA
Rhode Island,2007,1.0668292311209329,978.5872132896442,15.469023851253525,1.2954354949325613,13.640173740760497,12.725748685513983,0.8382229673093042,0.5334146155604664,98.63950691521347,NA,96.52736019242333,98.87867933343716,1.1213206665628406,NA,NA,NA,NA,NA,NA,NA,88.17733990147784,7.82122905027933,64.28571428571429,82.26600985221675,8.374384236453201,78.57142857142857,50,121.42857142857142,12842,NA,NA,NA,NA,NA,NA,11,7,13304,13123,NA,NA,NA,NA,NA,NA,NA,NA,NA,NA,12920,203,12698,144,NA,NA,NA,179,167,14,165,9,158,17,10,1,7,0,0
South Carolina,2007,1.3422125858241702,987.2661882883348,37.289418890781754,8.621134685870631,17.035775127768314,0.7399377075697349,0.8087691222273845,0.4646120489391358,96.52199910309433,NA,95.292906140482,96.22296202046259,3.777037979537413,NA,NA,NA,NA,NA,NA,NA,45.68527918781726,7.878787878787878,55.12820512820513,1.9843101061375175,23.119520073834796,60.256410256410255,34.61538461538461,642.3076923076924,57373,NA,NA,NA,NA,NA,NA,47,27,60207,58113,NA,NA,NA,NA,NA,NA,NA,NA,NA,NA,55946,2167,55206,2167,NA,NA,NA,990,43,78,912,43,0,501,47,0,27,0,0
South Dakota,2007,0.6339144215530903,979.5562599049128,27.57527733755943,24.32646592709984,1.347068145800317,0.7923930269413629,0,0,98.47834568864612,NA,96.46507998439328,97.35479695842096,2.645203041579032,NA,NA,NA,NA,NA,NA,NA,4.885057471264368,47.05882352941176,62.5,2.8735632183908044,88.2183908045977,0,0,3837.5,12362,NA,NA,NA,NA,NA,NA,0,0,12815,12620,NA,NA,NA,NA,NA,NA,NA,NA,NA,NA,12272,348,12035,327,NA,NA,NA,17,10,8,9,5,5,307,0,0,0,0,8
Tennessee,2007,0.6102230305350819,986.1084521872308,43.038671388915475,13.233464152388244,28.955681056762707,24.55250311094094,0.3828850387671102,0.28716377907533264,91.0205726358894,NA,89.75615599917231,95.78596129345385,4.214038706546138,NA,NA,NA,NA,NA,NA,NA,67.2782874617737,2.1074380165289255,56.86274509803921,57.04753961634695,30.747845426744508,62.745098039215684,47.05882352941176,2168.6274509803925,82415,NA,NA,NA,NA,NA,NA,32,24,91821,83576,NA,NA,NA,NA,NA,NA,NA,NA,NA,NA,79979,3597,78942,3473,NA,NA,NA,2420,2052,51,2369,29,2023,1106,29,3,24,0,12
Texas,2007,0.6568144499178982,980.7395730706075,16.782922824302137,14.707389162561576,1.6735632183908047,0.9405582922824303,0.2049261083743842,0.08144499178981938,98.4173074834646,NA,96.52174812409177,98.45617663289525,1.5438233671047485,NA,NA,NA,NA,NA,NA,NA,9.971822166562303,39.24646781789639,42.8,5.604257983719474,87.63306199123356,31.2,12.4,2239.2,373294,NA,NA,NA,NA,NA,NA,78,31,386746,380625,NA,NA,NA,NA,NA,NA,NA,NA,NA,NA,374237,6388,367531,5763,NA,NA,NA,637,358,250,387,107,251,5598,63,15,20,11,156
Utah,2007,1.2156841398581097,979.4603813982183,14.64264329649992,9.126703318636256,3.211583473953514,1.8144539400867308,0.8890824306424981,0.4536134850216827,97.85688920454545,NA,95.84694602272728,98.74956003038106,1.25043996961894,NA,NA,NA,NA,NA,NA,NA,21.933085501858738,37.85310734463277,50.74626865671642,12.391573729863694,62.32961586121437,73.13432835820896,37.3134328358209,750.7462686567164,53981,NA,NA,NA,NA,NA,NA,49,25,56320,55113,NA,NA,NA,NA,NA,NA,NA,NA,NA,NA,54306,807,53306,675,NA,NA,NA,177,100,67,110,34,66,503,49,0,25,0,12
Vermont,2007,1.9733596447952642,965.7950994902154,8.057885216247328,5.097845749054431,1.9733596447952642,0.657786548265088,1.808913007728992,0.657786548265088,97.92270531400966,NA,94.573268921095,99.50621488166185,0.49378511833815764,NA,NA,NA,NA,NA,NA,NA,24.489795918367346,100,33.33333333333333,8.16326530612245,63.26530612244898,91.66666666666666,33.33333333333333,258.33333333333337,5873,NA,NA,NA,NA,NA,NA,11,4,6210,6081,NA,NA,NA,NA,NA,NA,NA,NA,NA,NA,6032,49,5844,29,NA,NA,NA,12,4,12,0,4,0,31,11,0,4,0,0
Virgin Islands,2007,NA,NA,NA,NA,NA,NA,NA,NA,NA,NA,NA,NA,NA,NA,NA,NA,NA,NA,NA,NA,NA,NA,NA,NA,NA,NA,NA,NA,NA,NA,NA,NA,NA,NA,NA,NA,NA,NA,NA,NA,NA,NA,NA,NA,NA,NA,NA,NA,NA,NA,NA,NA,NA,NA,NA,NA,NA,NA,NA,NA,NA,NA,NA,NA,NA,NA,NA,NA
Virginia,2007,1.1630765739357376,996.2176371579326,20.670612931898557,3.924201448644969,14.183860657752899,10.439321444106133,0.8983111749910169,0.7281048470979821,96.22222626608192,NA,95.8582788928721,98.07506122216527,1.9249387778347287,NA,NA,NA,NA,NA,NA,NA,68.6184812442818,8.200000000000001,45.52845528455284,50.503202195791395,18.98444647758463,77.23577235772358,62.601626016260155,337.3983739837398,105354,NA,NA,NA,NA,NA,NA,95,77,109906,105754,NA,NA,NA,NA,NA,NA,NA,NA,NA,NA,103568,2186,103326,2028,NA,NA,NA,1500,1104,123,1377,56,1048,415,42,53,30,47,23
Washington,2007,1.5352560587783748,938.199851348223,26.367413580923834,18.65457957134676,5.190627627298315,3.094881261346883,0,0,95.57920970803686,NA,89.67240034006079,97.55061754048754,2.4493824595124614,NA,NA,NA,NA,NA,NA,NA,19.68576709796673,29.577464788732392,54.761904761904766,11.737523105360443,70.74861367837339,0,0,1215.079365079365,76999,NA,NA,NA,NA,NA,NA,0,0,85867,82071,NA,NA,NA,NA,NA,NA,NA,NA,NA,NA,79907,2164,75113,1886,NA,NA,NA,426,254,126,300,69,185,1531,0,0,0,0,126
West Virginia,2007,0.3982675362174541,967.4416289142231,3.2857071737939965,0.14935032608154528,3.0865734056852694,1.9415542390600886,0.3982675362174541,0.2489172101359088,91.65031710544326,NA,88.66633207099511,99.87135285339372,0.12864714660628826,NA,NA,NA,NA,NA,NA,NA,93.93939393939394,12.903225806451612,37.5,59.09090909090909,4.545454545454546,100,62.5,37.5,19433,NA,NA,NA,NA,NA,NA,8,5,21917,20087,NA,NA,NA,NA,NA,NA,NA,NA,NA,NA,20021,66,19408,25,NA,NA,NA,62,39,8,54,3,36,3,8,0,5,0,0
Wisconsin,2007,1.4192327541716843,984.6608177074374,15.382189345719365,9.232180744308733,4.358048053214061,2.480073398704054,0.5160846378806124,0.35839210963931417,97.70158410017228,NA,96.20292169138759,98.56448184491745,1.4355181550825495,NA,NA,NA,NA,NA,NA,NA,28.33178005591799,32.56578947368421,42.42424242424242,16.123019571295433,60.01863932898416,36.36363636363637,25.252525252525253,650.5050505050506,68686,NA,NA,NA,NA,NA,NA,36,25,71397,69756,NA,NA,NA,NA,NA,NA,NA,NA,NA,NA,68683,1073,67700,986,NA,NA,NA,304,173,99,205,42,131,644,36,0,25,0,53
Wyoming,2007,2.6477146042363433,989.6878483835005,5.992196209587514,1.5328874024526198,3.483835005574136,2.926421404682274,1.3935340022296545,0.9754738015607581,98.76135425268373,NA,97.74291219377925,99.42269783159674,0.5773021684032666,NA,NA,NA,NA,NA,NA,NA,58.139534883720934,76,89.47368421052632,48.837209302325576,25.581395348837212,52.63157894736842,36.84210526315789,57.89473684210527,7102,NA,NA,NA,NA,NA,NA,10,7,7266,7176,NA,NA,NA,NA,NA,NA,NA,NA,NA,NA,7133,43,7061,41,NA,NA,NA,25,21,19,6,17,4,11,10,0,7,0,1
US,2007,1.0252274704768862,809.7934032141927,19.52983606224177,8.402680655990153,7.680537924598854,5.096845138942235,0.6115496806401485,0.37153287049643424,96.99356391151828,NA,78.54474820978169,98.25888698101758,1.741113018982417,NA,NA,NA,NA,NA,NA,NA,39.32720121213976,13.34838107098381,51.22448979591837,26.097736420820645,43.02483968227245,59.650145772594755,36.23906705539358,819.591836734694,2709244,NA,NA,NA,NA,NA,NA,2046,1243,3449300,3345599,NA,NA,NA,NA,NA,NA,NA,NA,NA,NA,3105353,65339,2662073,47171,NA,NA,NA,25696,17052,3430,22266,1757,15295,28112,1792,254,1058,185,1141
State/Territory average,2007,1.4215157299846368,846.5859813882583,22.509010616537424,11.482273222294667,8.254886690689927,5.031600653268925,0.8865465064964297,0.5735725086310818,96.70051114600733,NA,81.94394885965326,95.67787953906819,4.32212046093182,NA,NA,NA,NA,NA,NA,NA,40.48633665401681,33.295956718782534,49.60910287694953,26.695966720364808,48.1706579419955,59.02457982202021,37.26359354262663,1133.2603570945105,58896.608695652176,NA,NA,NA,NA,NA,NA,47.58139534883721,28.906976744186046,73389.36170212766,71182.9574468085,NA,NA,NA,NA,NA,NA,NA,NA,NA,NA,67507.67391304347,1420.4130434782608,57871.15217391304,1025.4565217391305,NA,NA,NA,584,387.54545454545456,77.95454545454545,506.04545454545456,39.93181818181818,347.6136363636364,638.9090909090909,41.674418604651166,5.906976744186046,24.6046511627907,4.3023255813953485,26.53488372093023
State/Territory median,2007,1.3694816512889139,977.4576638025519,20.0458138676257,10.245811819191625,4.54186830040161,2.671111613872876,0.8087691222273845,0.42736395580740133,97.92270531400966,NA,95.21203390648068,98.23292544665546,1.7670745533445404,NA,NA,NA,NA,NA,NA,NA,34.30009587727709,30.048472654106455,49.72378367900756,16.22337535492069,57.041011619958994,67.9245283018868,37.3134328358209,771.1398017736046,39899,NA,NA,NA,NA,NA,NA,35,24,56320,55113,NA,NA,NA,NA,NA,NA,NA,NA,NA,NA,53214.5,1110,38858.5,737,NA,NA,NA,240.5,130.5,66.5,157,36,82.5,397.5,29,0,20,0,13
State/Territory SD,2007,0.6755290246126023,331.564513081057,12.341606062921214,8.995470685459926,7.994308360168176,5.669406272758305,0.7005910815079759,0.5586844290406444,2.9894308213479106,NA,32.2176204180139,15.36660061503666,15.366600615036658,NA,NA,NA,NA,NA,NA,NA,27.858172111062043,25.27104989474011,23.744453279571015,24.5598903413834,29.027669225636863,32.31762528892928,26.85977940478366,1544.6480479581974,71315.13263333488,NA,NA,NA,NA,NA,NA,47.8893727937428,31.02442505778492,74349.34829176248,72756.64351496272,NA,NA,NA,NA,NA,NA,NA,NA,NA,NA,70611.95195686047,1510.4609535736206,70245.22068138393,1262.6253021475486,NA,NA,NA,853.8045089684662,722.657963887174,60.466002188988945,829.7333826344027,36.49491696194412,708.6495580248356,896.3616073205188,43.23453256601198,13.919520300793709,26.47473147027245,11.679316034525737,34.11210428740404
Alabama,2008,NA,1000,82.92997741206841,NA,NA,NA,NA,NA,87.91073708098908,NA,87.91073708098908,91.70700225879315,8.292997741206841,NA,NA,NA,NA,NA,NA,NA,NA,NA,NA,NA,NA,NA,NA,NA,55782,NA,NA,NA,NA,NA,NA,NA,NA,63453,55782,NA,NA,NA,NA,NA,NA,NA,NA,NA,NA,51156,4626,51156,4626,NA,NA,NA,NA,NA,NA,NA,NA,NA,NA,NA,NA,NA,NA,NA
Alaska,2008,1.7740429505135387,965.546218487395,20.915032679738562,14.37908496732026,4.295051353874884,2.147525676937442,0.5602240896358543,0.09337068160597571,94.82071713147411,NA,91.55378486055777,98.03694033459045,1.9630596654095347,NA,NA,NA,NA,NA,NA,NA,20.535714285714285,41.30434782608695,36.84210526315789,10.267857142857142,68.75,31.57894736842105,5.263157894736842,810.5263157894736,10341,NA,NA,NA,NA,NA,NA,6,1,11295,10710,NA,NA,NA,NA,NA,NA,NA,NA,NA,NA,10486,224,10138,203,NA,NA,NA,46,23,19,27,7,16,154,6,0,1,0,13
American Samoa,2008,NA,NA,NA,NA,NA,NA,NA,NA,NA,NA,NA,NA,NA,NA,NA,NA,NA,NA,NA,NA,NA,NA,NA,NA,NA,NA,NA,NA,NA,NA,NA,NA,NA,NA,NA,NA,NA,NA,NA,NA,NA,NA,NA,NA,NA,NA,NA,NA,NA,NA,NA,NA,NA,NA,NA,NA,NA,NA,NA,NA,NA,NA,NA,NA,NA,NA,NA,NA
Arizona,2008,1.409788838150112,981.2845423805,11.278310705200896,8.274847528272396,2.993247315782484,1.3893571158580813,1.2871985043979282,0.9296433642873927,97.8009351770442,NA,95.97054591959076,99.00577793972204,0.9942220602779658,NA,NA,NA,NA,NA,NA,NA,26.53985507246377,47.098976109215016,51.449275362318836,12.318840579710146,73.36956521739131,91.30434782608695,65.94202898550725,586.9565217391305,96055,NA,NA,NA,NA,NA,NA,126,91,100088,97887,NA,NA,NA,NA,NA,NA,NA,NA,NA,NA,96783,1104,95100,955,NA,NA,NA,293,136,138,155,71,65,810,79,47,53,38,1
Arkansas,2008,0.856297680211739,974.1034822772328,23.171934194820697,14.505163734495822,2.335357309668379,1.0119881675229643,0.5708651201411593,0.5708651201411593,97.5102474571125,NA,94.98507160568798,97.79968034096963,2.2003196590303675,NA,NA,NA,NA,NA,NA,NA,10.078387458006718,36.666666666666664,42.42424242424242,4.367301231802911,62.597984322508395,66.66666666666666,66.66666666666666,1693.9393939393938,37540,NA,NA,NA,NA,NA,NA,22,22,39522,38538,NA,NA,NA,NA,NA,NA,NA,NA,NA,NA,37645,893,36714,826,NA,NA,NA,90,39,33,57,14,25,559,22,0,22,0,10
California,2008,NA,NA,NA,NA,NA,NA,NA,NA,NA,NA,NA,NA,NA,NA,NA,NA,NA,NA,NA,NA,NA,NA,NA,NA,NA,NA,NA,NA,NA,NA,NA,NA,NA,NA,NA,NA,NA,NA,NA,NA,NA,NA,NA,NA,NA,NA,NA,NA,NA,NA,NA,NA,NA,NA,NA,NA,NA,NA,NA,NA,NA,NA,NA,NA,NA,NA,NA,NA
Colorado,2008,1.6551094369774277,976.0294495334304,12.741489027765889,10.344433981108923,2.3970550466569644,1.9975458722141368,0.8560910880917729,0.727677424878007,99.37188957733699,NA,96.98989068326505,99.79095400988217,0.20904599011782593,NA,NA,NA,NA,NA,NA,NA,18.81298992161254,69.04761904761905,81.89655172413794,15.677491601343785,81.18701007838746,51.724137931034484,43.96551724137931,625,68406,NA,NA,NA,NA,NA,NA,60,51,70529,70086,NA,NA,NA,NA,NA,NA,NA,NA,NA,NA,69193,893,68263,143,NA,NA,NA,168,140,116,52,95,45,725,60,0,51,0,56
Commonwealth of the Northern Mariana Islands,2008,3.215434083601286,983.1189710610932,28.938906752411576,24.919614147909968,4.019292604501607,2.411575562700965,0.8038585209003215,0,98.65186360031721,NA,96.98651863600317,97.3834832379395,2.616516762060507,NA,NA,NA,NA,NA,NA,NA,13.88888888888889,80,75,8.333333333333332,86.11111111111111,25,0,775,1223,NA,NA,NA,NA,NA,NA,1,0,1261,1244,NA,NA,NA,NA,NA,NA,NA,NA,NA,NA,1208,36,1191,32,NA,NA,NA,5,3,4,1,3,0,31,1,0,0,0,0
Connecticut,2008,1.5963455965420696,10.290289306940421,11.493688295102903,2.1366471830640013,8.914976177611868,7.122157276880004,1.1788398251387593,0.7613340537354487,99.48204251160519,NA,1.023698998289763,0,100,NA,NA,NA,NA,NA,NA,NA,77.56410256410257,17.90633608815427,53.84615384615385,61.965811965811966,18.58974358974359,73.84615384615385,47.69230769230769,133.84615384615384,419,NA,NA,NA,NA,NA,NA,48,31,40930,40718,NA,NA,NA,NA,NA,NA,NA,NA,NA,NA,40250,468,0,419,NA,NA,NA,363,290,65,298,35,255,87,48,0,31,0,13
Delaware,2008,2.218876297646406,967.5885569379508,21.079324827640857,3.4075600285284096,15.611379665583643,0.47547349235280134,NA,NA,98.67844854551142,NA,95.48013762902721,98.61588861588861,1.3841113841113841,NA,NA,NA,NA,NA,NA,NA,74.06015037593986,14.213197969543149,21.428571428571427,2.2556390977443606,16.165413533834585,NA,NA,153.57142857142858,12210,NA,NA,NA,NA,NA,NA,NA,NA,12788,12619,NA,NA,NA,NA,NA,NA,NA,NA,NA,NA,12353,266,12041,169,NA,NA,NA,197,6,28,169,6,0,43,NA,NA,NA,NA,NA
District of Columbia,2008,1.1778563015312131,0,4.318806438947782,0,4.318806438947782,0.39261876717707106,0.9815469179426777,0.2944640753828033,70.26206896551724,NA,0,NA,NA,NA,NA,NA,NA,NA,NA,NA,100,27.27272727272727,33.33333333333333,9.090909090909092,0,83.33333333333334,25,0,0,NA,NA,NA,NA,NA,NA,10,3,14500,10188,NA,NA,NA,NA,NA,NA,NA,NA,NA,NA,10144,44,0,0,NA,NA,NA,44,4,12,32,4,0,0,10,0,3,0,1
Florida,2008,0.9845603043186395,864.4752741105392,19.13179682255538,8.704408144998881,9.433877825016783,6.62340568359812,0.778697695233833,0,96.5572970006525,NA,83.47139579201183,99.25038955929325,0.749610440706746,NA,NA,NA,NA,NA,NA,NA,49.30994152046784,10.436432637571158,51.81818181818182,34.619883040935676,45.49707602339181,79.0909090909091,0,884.0909090909091,193167,NA,NA,NA,NA,NA,NA,174,0,231417,223450,NA,NA,NA,NA,NA,NA,NA,NA,NA,NA,219175,4275,191719,1448,NA,NA,NA,2108,1480,220,1888,114,1366,1945,174,0,0,0,14
Georgia,2008,NA,NA,NA,NA,NA,NA,NA,NA,NA,NA,NA,NA,NA,NA,NA,NA,NA,NA,NA,NA,NA,NA,NA,NA,NA,NA,NA,NA,NA,NA,NA,NA,NA,NA,NA,NA,NA,NA,NA,NA,NA,NA,NA,NA,NA,NA,NA,NA,NA,NA,NA,NA,NA,NA,NA,NA,NA,NA,NA,NA,NA,NA,NA,NA,NA,NA,NA,NA
Guam,2008,3.6569148936170213,944.4813829787234,32.579787234042556,25.26595744680851,6.316489361702128,5.319148936170213,3.6569148936170213,3.324468085106383,86.78592036930178,NA,81.96768609347951,97.36008447729672,2.6399155227032733,NA,NA,NA,NA,NA,NA,NA,19.387755102040817,57.89473684210527,90.9090909090909,16.3265306122449,77.55102040816327,100,90.9090909090909,690.9090909090909,2841,NA,NA,NA,NA,NA,NA,11,10,3466,3008,NA,NA,NA,NA,NA,NA,NA,NA,NA,NA,2910,98,2766,75,NA,NA,NA,19,16,11,8,10,6,76,11,0,10,0,0
Hawaii,2008,3.7037037037037037,990.4538341158059,11.945748565466875,2.7647365675534687,7.82472613458529,5.425143453312468,3.0255607720396456,1.98226395409494,98.58575469272306,NA,97.64463872460787,98.94664770632538,1.0533522936746194,NA,NA,NA,NA,NA,NA,NA,65.50218340611353,47.333333333333336,73.23943661971832,45.414847161572055,23.144104803493452,81.69014084507043,53.52112676056338,74.64788732394366,18987,NA,NA,NA,NA,NA,NA,58,38,19445,19170,NA,NA,NA,NA,NA,NA,NA,NA,NA,NA,18941,229,18787,200,NA,NA,NA,150,104,71,79,52,52,53,57,1,38,0,8
Idaho,2008,1.539119281744335,986.746472851646,42.967079948696025,11.970927746900385,23.899102180418982,17.699871740059855,1.496365968362548,0,94.78845842113795,NA,93.53217701410277,95.88821490467939,4.111785095320624,NA,NA,NA,NA,NA,NA,NA,55.62189054726369,6.440071556350627,80.55555555555556,41.19402985074627,27.860696517412936,97.22222222222221,0,777.7777777777777,23080,NA,NA,NA,NA,NA,NA,35,0,24676,23390,NA,NA,NA,NA,NA,NA,NA,NA,NA,NA,22385,1005,22131,949,NA,NA,NA,559,414,36,523,29,385,280,35,0,0,0,0
Illinois,2008,1.1573668151369552,971.4691544207905,10.159108710646606,6.283683466021348,3.0980020809221527,2.1686014566455065,1.1398309543015468,0.8008043114836507,99.28097634011735,NA,96.4484061352043,99.12393123822933,0.8760687617706698,NA,NA,NA,NA,NA,NA,NA,30.49482163406214,37.35849056603773,51.515151515151516,21.3463751438435,61.85270425776754,98.48484848484848,69.1919191919192,542.929292929293,166197,NA,NA,NA,NA,NA,NA,195,137,172317,171078,NA,NA,NA,NA,NA,NA,NA,NA,NA,NA,169340,1738,164741,1456,NA,NA,NA,530,371,198,332,102,269,1075,195,0,137,0,2
Indiana,2008,1.5759262880609204,999.9539875536333,22.016955586486144,3.358908584772181,16.840555370227648,7.005394959336501,1.2193298287186685,0,97.29817453300055,NA,97.29369760596327,97.79820313129105,2.2017968687089464,NA,NA,NA,NA,NA,NA,NA,76.48902821316614,9.35792349726776,42.33576642335766,31.818181818181817,15.256008359456635,77.37226277372264,0,213.13868613138686,86929,NA,NA,NA,NA,NA,NA,106,0,89347,86933,NA,NA,NA,NA,NA,NA,NA,NA,NA,NA,85019,1914,85015,1914,NA,NA,NA,1464,609,137,1327,58,551,292,106,0,0,0,14
Iowa,2008,2.1063189568706115,953.1845536609829,27.73319959879639,14.568706118355067,7.973921765295888,4.438314944834504,1.1534603811434303,0.7271815446339017,98.46913580246913,NA,93.85925925925926,97.59555941388473,2.4044405861152764,NA,NA,NA,NA,NA,NA,NA,28.75226039783002,26.41509433962264,52.38095238095239,16.00361663652803,52.53164556962025,54.761904761904766,34.523809523809526,691.6666666666667,38013,NA,NA,NA,NA,NA,NA,46,29,40500,39880,NA,NA,NA,NA,NA,NA,NA,NA,NA,NA,38774,1106,37099,914,NA,NA,NA,318,177,84,234,44,133,581,46,0,29,0,34
Kansas,2008,1.3410603956128166,975.8130178648403,17.625365199482733,12.261123617031465,4.3344987786771405,2.7300158053546624,0.7663202260644666,0.5747401695483499,98.05339657642004,NA,95.68178082513444,98.5348974182782,1.4651025817218022,NA,NA,NA,NA,NA,NA,NA,24.592391304347828,30.939226519337016,58.92857142857143,15.489130434782608,69.56521739130434,57.14285714285714,42.857142857142854,914.2857142857142,40748,NA,NA,NA,NA,NA,NA,32,24,42587,41758,NA,NA,NA,NA,NA,NA,NA,NA,NA,NA,41022,736,40151,597,NA,NA,NA,181,114,56,125,33,81,512,32,0,24,0,23
Kentucky,2008,0.8331856053891155,938.751994327247,42.77610352774331,21.964190746321574,20.811912781421736,19.127814217337352,0.03545470661230279,0.03545470661230279,99.16323875821818,NA,93.08968814822627,98.97271268057784,1.0272873194221508,NA,NA,NA,NA,NA,NA,NA,48.653128885205135,4.003407155025554,27.659574468085108,44.716121011189394,51.34687111479486,4.25531914893617,4.25531914893617,2636.1702127659573,52955,NA,NA,NA,NA,NA,NA,2,2,56886,56410,NA,NA,NA,NA,NA,NA,NA,NA,NA,NA,53997,2413,52411,544,NA,NA,NA,1174,1079,47,1127,13,1066,1239,2,0,2,0,45
Louisiana,2008,1.0031847133757963,0,54.50636942675159,20.461783439490446,30.955414012738853,0,0.7324840764331211,0.07961783439490445,96.94200460011423,NA,0,NA,NA,NA,NA,NA,NA,NA,NA,NA,56.792287467134095,3.2407407407407405,0,0,37.54016944200993,73.01587301587301,7.936507936507936,2039.6825396825395,0,NA,NA,NA,NA,NA,NA,46,5,64781,62800,NA,NA,NA,NA,NA,NA,NA,NA,NA,NA,59377,3423,0,0,NA,NA,NA,1944,0,63,1881,0,0,1285,41,5,0,5,17
Maine,2008,1.3659128851115496,984.4437699195629,18.136287752314466,6.829564425557748,8.423129458187889,6.298376081347701,0.6829564425557748,0.45530429503718317,97.6148148148148,NA,96.09629629629629,98.32729515146843,1.6727048485315656,NA,NA,NA,NA,NA,NA,NA,46.44351464435147,16.216216216216218,61.111111111111114,34.72803347280335,37.65690376569037,50,33.33333333333333,500,12973,NA,NA,NA,NA,NA,NA,9,6,13500,13178,NA,NA,NA,NA,NA,NA,NA,NA,NA,NA,12939,239,12756,217,NA,NA,NA,111,83,18,93,11,72,90,5,4,3,3,7
Marshall Islands,2008,NA,NA,NA,NA,NA,NA,NA,NA,NA,NA,NA,NA,NA,NA,NA,NA,NA,NA,NA,NA,NA,NA,NA,NA,NA,NA,NA,NA,NA,NA,NA,NA,NA,NA,NA,NA,NA,NA,NA,NA,NA,NA,NA,NA,NA,NA,NA,NA,NA,NA,NA,NA,NA,NA,NA,NA,NA,NA,NA,NA,NA,NA,NA,NA,NA,NA,NA,NA
Maryland,2008,1.8045319925614711,962.2563537433707,23.073214408705834,9.380811350643985,4.724843308767822,2.369309181073077,1.8045319925614711,0,97.2927695503585,NA,93.62058567312202,97.8927778970725,2.107222102927493,NA,NA,NA,NA,NA,NA,NA,20.477611940298505,38.19241982507289,44.274809160305345,10.26865671641791,40.65671641791045,100,0,519.8473282442749,69855,NA,NA,NA,NA,NA,NA,131,0,74615,72595,NA,NA,NA,NA,NA,NA,NA,NA,NA,NA,70920,1675,68383,1472,NA,NA,NA,343,172,131,212,58,114,681,131,0,0,0,0
Massachusetts,2008,2.6296262546051006,987.7110535428357,18.290222216436465,0.7680591535727769,16.363565356626786,15.41325487847742,2.017782522097973,1.3538669825689627,99.05991282593557,NA,97.84257086116628,98.25497871443069,1.7450212855693064,NA,NA,NA,NA,NA,NA,NA,89.4661921708185,16.070007955449483,83.66336633663366,84.27046263345196,4.199288256227758,76.73267326732673,51.48514851485149,29.207920792079207,75873,NA,NA,NA,NA,NA,NA,155,104,77546,76817,NA,NA,NA,NA,NA,NA,NA,NA,NA,NA,75412,1405,74549,1324,NA,NA,NA,1257,1184,202,1055,169,1015,59,155,0,104,0,40
Michigan,2008,1.053740779768177,970.2211142237871,14.272619017022626,8.601266202335363,4.720416013433053,2.6129344538966994,0.2998449373324081,0.18847396060894223,97.61904761904762,NA,94.71206115041731,98.80884054003938,1.1911594599606186,NA,NA,NA,NA,NA,NA,NA,33.073229291716686,22.323049001814883,53.65853658536586,18.30732292917167,60.26410564225691,28.455284552845526,17.88617886178862,816.260162601626,113251,NA,NA,NA,NA,NA,NA,35,22,119574,116727,NA,NA,NA,NA,NA,NA,NA,NA,NA,NA,115061,1666,111902,1349,NA,NA,NA,551,305,123,428,66,239,1004,35,0,22,0,79
Micronesia,2008,NA,NA,NA,NA,NA,NA,NA,NA,NA,NA,NA,NA,NA,NA,NA,NA,NA,NA,NA,NA,NA,NA,NA,NA,NA,NA,NA,NA,NA,NA,NA,NA,NA,NA,NA,NA,NA,NA,NA,NA,NA,NA,NA,NA,NA,NA,NA,NA,NA,NA,NA,NA,NA,NA,NA,NA,NA,NA,NA,NA,NA,NA,NA,NA,NA,NA,NA,NA
Minnesota,2008,1.5242148855400897,972.3484412745887,11.762337512941448,5.104681927988036,4.687679742321408,2.5307718854250547,0.6326929713562637,0.445760957091913,96.27999058575958,NA,93.6176987719954,98.87460995844486,1.1253900415551383,NA,NA,NA,NA,NA,NA,NA,39.85330073349633,32.515337423312886,53.77358490566038,21.515892420537895,43.39853300733496,41.509433962264154,29.245283018867923,334.9056603773585,67621,NA,NA,NA,NA,NA,NA,44,31,72231,69544,NA,NA,NA,NA,NA,NA,NA,NA,NA,NA,68726,818,66860,761,NA,NA,NA,326,176,106,220,57,119,355,44,0,31,0,50
Mississippi,2008,1.9994943807313095,0,12.042931672450646,0.4596538806278872,9.285008388683321,7.239548619889224,1.7007193583231826,0.9422904552871688,98.58392242160593,NA,0,NA,NA,NA,NA,NA,NA,NA,NA,NA,77.09923664122137,21.534653465346533,48.275862068965516,60.1145038167939,3.816793893129771,85.0574712643678,47.12643678160919,22.988505747126435,0,NA,NA,NA,NA,NA,NA,74,41,44136,43511,NA,NA,NA,NA,NA,NA,NA,NA,NA,NA,42987,524,0,0,NA,NA,NA,404,315,87,317,42,273,20,74,0,41,0,5
Missouri,2008,0.763903672999136,982.4176925099871,15.979362077817992,8.891337833268631,4.620991071093133,2.955430603734362,0.5760585075075452,0.400736353048727,97.9250720461095,NA,96.20332331841314,98.49456334688779,1.505436653112213,NA,NA,NA,NA,NA,NA,NA,28.91849529780564,16.53116531165312,85.24590163934425,18.495297805642632,55.64263322884012,75.40983606557377,52.459016393442624,1163.934426229508,78449,NA,NA,NA,NA,NA,NA,46,32,81545,79853,NA,NA,NA,NA,NA,NA,NA,NA,NA,NA,78577,1276,77268,1181,NA,NA,NA,369,236,61,308,52,184,710,46,0,32,0,10
Montana,2008,0.8262414277451872,967.6113360323886,21.564901264149384,18.342559695943155,3.0570932826571924,2.0656035693629677,0.7436172849706684,0.24787242832355616,96.43056330172894,NA,93.30730619074178,98.10434634104688,1.8956536589531212,NA,NA,NA,NA,NA,NA,NA,14.17624521072797,27.027027027027028,70,9.578544061302683,85.0574712643678,90,30,2220,11711,NA,NA,NA,NA,NA,NA,9,3,12551,12103,NA,NA,NA,NA,NA,NA,NA,NA,NA,NA,11842,261,11489,222,NA,NA,NA,37,25,10,27,7,18,222,4,5,0,3,1
Nebraska,2008,1.5982753493904251,977.5126375260185,10.072851620576866,4.051442164733869,4.5346416889681835,3.1965506987808503,1.263752601843592,1.0407374368123699,99.33906878853892,NA,97.10519514086327,99.07601049469562,0.9239895053043842,NA,NA,NA,NA,NA,NA,NA,45.018450184501845,35.24590163934426,20.930232558139537,31.73431734317343,40.22140221402214,79.06976744186046,65.11627906976744,253.48837209302326,26299,NA,NA,NA,NA,NA,NA,34,28,27083,26904,NA,NA,NA,NA,NA,NA,NA,NA,NA,NA,26633,271,26056,243,NA,NA,NA,122,86,43,79,9,77,109,34,0,28,0,3
Nevada,2008,NA,NA,NA,NA,NA,NA,NA,NA,NA,NA,NA,NA,NA,NA,NA,NA,NA,NA,NA,NA,NA,NA,NA,NA,NA,NA,NA,NA,NA,NA,NA,NA,NA,NA,NA,NA,NA,NA,NA,NA,NA,NA,NA,NA,NA,NA,NA,NA,NA,NA,NA,NA,NA,NA,NA,NA,NA,NA,NA,NA,NA,NA,NA,NA,NA,NA,NA,NA
New Hampshire,2008,1.9443613520789709,984.295542925516,20.640143583607536,9.647023631468741,9.946156147173198,8.300927310798683,0.6730481603350285,0.6730481603350285,98.1143150634676,NA,96.57348301416097,98.00182343108949,1.9981765689105,NA,NA,NA,NA,NA,NA,NA,48.188405797101446,19.548872180451127,84.61538461538461,40.21739130434783,46.73913043478261,34.61538461538461,34.61538461538461,496.1538461538462,13162,NA,NA,NA,NA,NA,NA,9,9,13629,13372,NA,NA,NA,NA,NA,NA,NA,NA,NA,NA,13096,276,12899,263,NA,NA,NA,133,111,26,107,22,89,129,9,0,9,0,17
New Jersey,2008,0.9744080011766436,974.7665097808501,14.43226945138991,9.449919105750844,3.971172231210472,2.702603324018238,0.6434769819091043,0.41366377408442423,99.16047582152136,NA,96.65831092475274,98.74291534246834,1.257084657531663,NA,NA,NA,NA,NA,NA,NA,27.515923566878982,24.537037037037038,57.54716981132076,18.726114649681527,65.47770700636943,66.0377358490566,42.45283018867924,969.811320754717,106039,NA,NA,NA,NA,NA,NA,70,45,109705,108784,NA,NA,NA,NA,NA,NA,NA,NA,NA,NA,107214,1570,104706,1333,NA,NA,NA,432,294,106,326,61,233,1028,70,0,45,0,26
New Mexico,2008,2.2147167930900835,987.9851613974863,60.73860805049554,18.160677703338685,22.75621504900061,16.001328830075852,2.2147167930900835,1.1073583965450418,60.778705074707226,NA,60.04845874276484,94.47433310916836,5.525666890831652,NA,NA,NA,NA,NA,NA,NA,37.46581586144029,9.732360097323602,32.5,26.34457611668186,29.899726526891524,100,50,819.9999999999999,17844,NA,NA,NA,NA,NA,NA,40,20,29716,18061,NA,NA,NA,NA,NA,NA,NA,NA,NA,NA,16964,1097,16858,986,NA,NA,NA,411,289,40,371,13,276,328,32,8,12,8,0
New York,2008,NA,965.2652380507956,10.623318549417908,NA,NA,NA,NA,NA,99.01721678686943,NA,95.57787733290476,99.31898149899739,0.6810185010026105,NA,NA,NA,NA,NA,NA,NA,NA,NA,NA,NA,NA,NA,NA,NA,237879,NA,NA,NA,NA,NA,NA,NA,NA,248885,246439,NA,NA,NA,NA,NA,NA,NA,NA,NA,NA,243821,2618,236259,1620,NA,NA,NA,NA,NA,NA,NA,NA,NA,NA,NA,NA,NA,NA,NA
North Carolina,2008,1.4638832553103889,946.2937830708001,12.17615395172235,7.677762698424801,2.8591469830281038,1.1665319690754663,1.3190198081702984,0.4574635172844966,99.16979191870313,NA,93.84375756109364,98.93485021834765,1.0651497816523519,NA,NA,NA,NA,NA,NA,NA,23.481527864746397,51.2,41.14583333333333,9.580463368816531,63.055729492798996,90.10416666666666,31.25,524.4791666666667,124114,NA,NA,NA,NA,NA,NA,173,60,132256,131158,NA,NA,NA,NA,NA,NA,NA,NA,NA,NA,129561,1597,122792,1322,NA,NA,NA,375,153,192,183,79,74,1007,173,0,60,0,19
North Dakota,2008,0.5917743367195976,983.1344314034915,35.506460203175855,26.53121609626196,1.8739520662787257,0.6904033928395306,0,0,98.49426850592579,NA,96.83310666407617,96.6994382022472,3.300561797752809,NA,NA,NA,NA,NA,NA,NA,5.277777777777778,31.57894736842105,50,1.9444444444444444,74.72222222222223,0,0,4483.333333333334,9968,NA,NA,NA,NA,NA,NA,0,0,10294,10139,NA,NA,NA,NA,NA,NA,NA,NA,NA,NA,9779,360,9639,329,NA,NA,NA,19,7,6,13,3,4,269,0,0,0,0,6
Ohio,2008,1.3085125609976505,985.2810410265679,28.527019699981928,8.111332007952287,17.914332188686064,16.00578348093259,0.9036688957166095,0.6361829025844931,92.61367060131094,NA,91.25049378335129,97.34094461035006,2.659055389649935,NA,NA,NA,NA,NA,NA,NA,62.79776989356311,7.304277643260694,61.87845303867403,56.10745058286872,28.43385707045109,69.06077348066299,48.61878453038674,619.8895027624309,136289,NA,NA,NA,NA,NA,NA,125,88,149357,138325,NA,NA,NA,NA,NA,NA,NA,NA,NA,NA,134379,3946,132665,3624,NA,NA,NA,2478,2214,181,2297,112,2102,1122,125,0,88,0,43
Oklahoma,2008,1.5100037750094375,1000,49.20724801812004,9.229898074745186,32.030955077387695,31.23820309550774,1.3212533031332578,0.8305020762551907,99.24879638822802,NA,99.24879638822802,95.079275198188,4.920724801812004,NA,NA,NA,NA,NA,NA,NA,65.0939777522056,4.714201532115498,47.5,63.48293057153816,18.757192174913694,87.5,55.00000000000001,611.25,52980,NA,NA,NA,NA,NA,NA,70,44,53381,52980,NA,NA,NA,NA,NA,NA,NA,NA,NA,NA,50373,2607,50373,2607,NA,NA,NA,1697,1655,80,1617,38,1617,489,63,7,41,3,2
Oregon,2008,2.6046711871703803,981.1215154450543,24.10935313744484,4.714239586696803,18.189645893875795,13.0233559358519,1.3130986976644063,0.4735765794855236,98.48211825062009,NA,96.62292510228743,97.74013778577384,2.2598622142261617,NA,NA,NA,NA,NA,NA,NA,75.44642857142857,14.319526627218934,24.793388429752067,54.01785714285714,19.553571428571427,50.413223140495866,18.181818181818183,180.99173553719007,45578,NA,NA,NA,NA,NA,NA,61,22,47171,46455,NA,NA,NA,NA,NA,NA,NA,NA,NA,NA,45335,1120,44548,1030,NA,NA,NA,845,605,121,724,30,575,219,61,0,22,0,47
Palau,2008,NA,NA,NA,NA,NA,NA,NA,NA,NA,NA,NA,NA,NA,NA,NA,NA,NA,NA,NA,NA,NA,NA,NA,NA,NA,NA,NA,NA,NA,NA,NA,NA,NA,NA,NA,NA,NA,NA,NA,NA,NA,NA,NA,NA,NA,NA,NA,NA,NA,NA,NA,NA,NA,NA,NA,NA,NA,NA,NA,NA,NA,NA,NA,NA,NA,NA,NA,NA
Pennsylvania,2008,1.3161413831449444,951.8376712039527,13.281063048098986,0.8938500302642136,10.62766571416506,4.511479286609141,1.2387213017834773,0.9712701116256809,95.70131479685311,NA,91.09211660739304,100,0,NA,NA,NA,NA,NA,NA,NA,80.02119766825649,12.3841059602649,48.1283422459893,33.969263381028085,6.7302596714361425,94.11764705882352,73.79679144385027,67.9144385026738,135239,NA,NA,NA,NA,NA,NA,176,138,148464,142082,NA,NA,NA,NA,NA,NA,NA,NA,NA,NA,140195,1887,135239,0,NA,NA,NA,1510,641,187,1323,90,551,127,143,33,117,21,3
Puerto Rico,2008,NA,NA,NA,NA,NA,NA,NA,NA,NA,NA,NA,NA,NA,NA,NA,NA,NA,NA,NA,NA,NA,NA,NA,NA,NA,NA,NA,NA,NA,NA,NA,NA,NA,NA,NA,NA,NA,NA,NA,NA,NA,NA,NA,NA,NA,NA,NA,NA,NA,NA,NA,NA,NA,NA,NA,NA,NA,NA,NA,NA,NA,NA,NA,NA,NA,NA,NA,NA
Rhode Island,2008,1.0262077676034103,979.4758446479318,10.577833912219766,3.3943795389958953,5.999368487527629,4.420587306599305,1.0262077676034103,0.5525734133249132,98.87605369965658,NA,96.84670621292538,99.21018697614443,0.7898130238555771,NA,NA,NA,NA,NA,NA,NA,56.71641791044776,17.105263157894736,69.23076923076923,41.7910447761194,32.08955223880597,100,53.84615384615385,330.7692307692308,12408,NA,NA,NA,NA,NA,NA,13,7,12812,12668,NA,NA,NA,NA,NA,NA,NA,NA,NA,NA,12534,134,12310,98,NA,NA,NA,76,56,13,63,9,47,43,13,0,7,0,0
South Carolina,2008,1.440162984298711,963.1353401945977,31.841652323580035,7.288629737609329,17.70346692894025,14.50700762232604,0.9835259404966806,0.8605851979345955,94.26352995712134,NA,90.7885369931957,100,0,NA,NA,NA,NA,NA,NA,NA,55.5984555984556,8.134920634920634,54.87804878048781,45.559845559845556,22.890237175951462,68.29268292682927,59.756097560975604,506.0975609756097,54839,NA,NA,NA,NA,NA,NA,56,49,60403,56938,NA,NA,NA,NA,NA,NA,NA,NA,NA,NA,55125,1813,54839,0,NA,NA,NA,1008,826,82,926,45,781,415,56,0,49,0,26
South Dakota,2008,0.6422091996467849,980.3323432608172,24.323673436621977,17.901581440154132,2.0871798988520514,1.5252468491611144,0,0,98.61462951234958,NA,96.67511082963901,97.60072060268588,2.3992793973141175,NA,NA,NA,NA,NA,NA,NA,8.58085808580858,30.76923076923077,50,6.270627062706271,73.5973597359736,0,0,2787.5,12212,NA,NA,NA,NA,NA,NA,0,0,12632,12457,NA,NA,NA,NA,NA,NA,NA,NA,NA,NA,12154,303,11919,293,NA,NA,NA,26,19,8,18,4,15,223,0,0,0,0,8
Tennessee,2008,0.8787037362482865,984.2536290464307,41.87316204468501,10.696753482595808,29.196396143076402,24.861457710918184,0.18745679706630114,0.128876547983082,93.91318699455356,NA,92.4343951147054,95.92662690902165,4.073373090978348,NA,NA,NA,NA,NA,NA,NA,69.72579742585339,3.009630818619583,41.333333333333336,59.37325125909345,25.545607162842753,21.333333333333336,14.666666666666666,1217.3333333333335,84009,NA,NA,NA,NA,NA,NA,16,11,90885,85353,NA,NA,NA,NA,NA,NA,NA,NA,NA,NA,81779,3574,80587,3422,NA,NA,NA,2492,2122,75,2417,31,2091,913,16,0,11,0,59
Texas,2008,0.8891042210545034,980.2154982462741,16.90844288214086,14.225667536872054,2.296208292636413,1.3684473663186703,0.23451734526365162,0.11081588842128592,98.0212901400481,NA,96.08198775336984,98.45012803861665,1.549871961383343,NA,NA,NA,NA,NA,NA,NA,13.580246913580247,38.72053872053872,49.56521739130435,8.093278463648835,84.13351623228166,26.3768115942029,12.46376811594203,1600,380354,NA,NA,NA,NA,NA,NA,91,43,395864,388031,NA,NA,NA,NA,NA,NA,NA,NA,NA,NA,381470,6561,374459,5895,NA,NA,NA,891,531,345,546,171,360,5520,63,28,29,14,223
Utah,2008,1.2027645633246566,978.2604793106543,14.038237142087784,8.329593393770757,3.446728300870658,2.172156897944529,0.9155372049187684,0.5205995871106723,98.092906952173,NA,95.96041417200817,98.83106397034535,1.168936029654641,NA,NA,NA,NA,NA,NA,NA,24.55242966751918,34.89583333333333,64.17910447761194,15.473145780051151,59.33503836317136,76.11940298507463,43.28358208955223,692.5373134328357,54494,NA,NA,NA,NA,NA,NA,51,29,56788,55705,NA,NA,NA,NA,NA,NA,NA,NA,NA,NA,54923,782,53857,637,NA,NA,NA,192,121,67,125,43,78,464,51,0,29,0,12
Vermont,2008,0.8707767328456983,960.8150470219435,13.932427725531173,10.449320794148381,0.8707767328456983,0,0.8707767328456983,0.8707767328456983,96.39080073862682,NA,92.61373174416653,98.94870400580025,1.0512959941997464,NA,NA,NA,NA,NA,NA,NA,6.25,100,0,0,75,100,100,1200,5517,NA,NA,NA,NA,NA,NA,5,5,5957,5742,NA,NA,NA,NA,NA,NA,NA,NA,NA,NA,5662,80,5459,58,NA,NA,NA,5,0,5,0,0,0,60,5,0,5,0,0
Virgin Islands,2008,NA,NA,NA,NA,NA,NA,NA,NA,NA,NA,NA,NA,NA,NA,NA,NA,NA,NA,NA,NA,NA,NA,NA,NA,NA,NA,NA,NA,NA,NA,NA,NA,NA,NA,NA,NA,NA,NA,NA,NA,NA,NA,NA,NA,NA,NA,NA,NA,NA,NA,NA,NA,NA,NA,NA,NA,NA,NA,NA,NA,NA,NA,NA,NA,NA,NA,NA,NA
Virginia,2008,1.3070353882288195,979.5394911406586,27.408433817820885,1.2284167182601688,25.639513743526244,21.020666882868007,0.7861866996865081,0.5208486885423116,96.92065911039145,NA,94.9376131060101,97.63732129420617,2.36267870579383,NA,NA,NA,NA,NA,NA,NA,93.54607386159914,5.097738597163664,11.278195488721805,76.69415561133023,4.481893151667264,60.150375939849624,39.849624060150376,93.98496240601504,99675,NA,NA,NA,NA,NA,NA,80,53,104990,101757,NA,NA,NA,NA,NA,NA,NA,NA,NA,NA,98968,2789,97320,2355,NA,NA,NA,2609,2139,133,2476,15,2124,125,37,43,27,26,45
Washington,2008,1.5893465618340097,934.8367909648057,23.033484642336823,16.290802258798596,4.647634642938846,2.396060347007333,0.6020252128159127,0.3973366404585024,95.52250822349504,NA,89.29795505256136,97.87225821408792,2.127741785912083,NA,NA,NA,NA,NA,NA,NA,20.177731312075274,34.196891191709845,43.93939393939394,10.40250914793518,70.72660742289597,37.878787878787875,25,1025,77641,NA,NA,NA,NA,NA,NA,50,33,86946,83053,NA,NA,NA,NA,NA,NA,NA,NA,NA,NA,81140,1913,75989,1652,NA,NA,NA,386,199,132,254,58,141,1353,50,0,33,0,82
West Virginia,2008,0.5760645192261533,964.0919783015698,1.2001344150544861,0,1.1521290384523066,0.5760645192261533,0.0960107532043589,0.0960107532043589,96.14159782157198,NA,92.68934324087321,99.87551660608474,0.12448339391525172,NA,NA,NA,NA,NA,NA,NA,96,50,25,48,0,16.666666666666664,16.666666666666664,0,20083,NA,NA,NA,NA,NA,NA,2,2,21667,20831,NA,NA,NA,NA,NA,NA,NA,NA,NA,NA,20806,25,20058,25,NA,NA,NA,24,12,12,12,3,9,0,2,0,2,0,9
Wisconsin,2008,1.4238867794269936,984.6824301001036,10.916465308940284,1.596479116327235,5.666781728224601,3.984006443447244,0.6040731791508458,0.3595673685421701,98.12162181233153,NA,96.61863701152994,99.01844792077472,0.9815520792252749,NA,NA,NA,NA,NA,NA,NA,51.91040843214756,25.12690355329949,49.494949494949495,36.49538866930172,14.624505928853754,42.42424242424242,25.252525252525253,112.12121212121211,68463,NA,NA,NA,NA,NA,NA,42,25,70859,69528,NA,NA,NA,NA,NA,NA,NA,NA,NA,NA,68769,759,67791,672,NA,NA,NA,394,277,99,295,49,228,111,42,0,25,0,56
Wyoming,2008,3.4397358282883874,989.5432030820033,7.2922399559713815,1.2383048981838194,4.540451293340671,3.026967528893781,1.6510731975784259,1.2383048981838194,98.33581382762819,NA,97.30753619266676,99.37430478309233,0.6256952169076753,NA,NA,NA,NA,NA,NA,NA,62.264150943396224,75.75757575757575,60,41.509433962264154,16.9811320754717,48,36,36,7192,NA,NA,NA,NA,NA,NA,12,9,7391,7268,NA,NA,NA,NA,NA,NA,NA,NA,NA,NA,7215,53,7147,45,NA,NA,NA,33,22,25,8,15,7,9,12,0,9,0,2
US,2008,1.197988065627524,921.0690167012066,20.534827498879288,7.964227024353083,8.631483327309901,5.874692339584404,0.7851638604766479,0.4145972511286176,96.8901864817282,NA,89.24254879072193,98.3796421063979,1.6203578936021128,NA,NA,NA,NA,NA,NA,NA,42.03338609871924,13.879283782395838,50.616674888998524,28.60843286803857,38.78399769751043,65.5402072027627,34.60779477059694,664.8001973359645,3116904,NA,NA,NA,NA,NA,NA,2657,1403,3492621,3384007,NA,NA,NA,NA,NA,NA,NA,NA,NA,NA,3314517,69490,3066399,50505,NA,NA,NA,29209,19880,4054,25155,2052,17828,26951,2476,181,1282,121,1131
State/Territory average,2008,1.553864681212097,894.5395310052719,22.721830755944527,9.480354206963423,9.58764398117522,6.368062900014573,1.01168925446291,0.5786444559454326,95.89107482186232,NA,86.1279089191816,96.01535677508974,3.984643224910254,NA,NA,NA,NA,NA,NA,NA,45.32903016799125,28.973311687771268,50.281322968273585,28.630668808487346,43.179271561385924,63.017353735582034,35.42716944682936,801.6653734225615,62338.08,NA,NA,NA,NA,NA,NA,56.53191489361702,29.851063829787233,69852.42,67680.14,NA,NA,NA,NA,NA,NA,NA,NA,NA,NA,66290.34,1389.8,61327.98,1010.1,NA,NA,NA,608.5208333333334,414.1666666666667,84.45833333333333,524.0625,42.75,371.4166666666667,561.4791666666666,52.680851063829785,3.851063829787234,27.27659574468085,2.574468085106383,24.06382978723404
State/Territory median,2008,1.4168378087885527,975.9212336991353,18.711009519495924,8.652837173667123,5.195812518496211,2.9911990663140715,0.8707767328456983,0.4735765794855236,97.97318109307881,NA,94.96134235584904,98.45012803861665,1.549871961383343,NA,NA,NA,NA,NA,NA,NA,45.730982414426656,25.770998946461063,50.72463768115942,21.4311337821907,42.02762471262271,69.06077348066299,34.61538461538461,615.5697513812154,49266.5,NA,NA,NA,NA,NA,NA,46,22,55084.5,54342.5,NA,NA,NA,NA,NA,NA,NA,NA,NA,NA,50764.5,1051,47460.5,654.5,NA,NA,NA,353,174,69,227,34,116.5,286,42,0,22,0,12
State/Territory SD,2008,0.7684725791857574,266.54812073974455,15.380134660708379,7.090805036595249,8.564396723184617,7.207280911135166,0.7119612148565757,0.5923725004262012,6.832951133489618,NA,26.24634531041688,14.389889167007295,14.389889167007295,NA,NA,NA,NA,NA,NA,NA,26.605707113068945,21.53218333142365,21.108114003542223,21.47487142387492,26.376546408129524,29.211107840319436,25.333100114460194,857.2225787108987,70506.67976079592,NA,NA,NA,NA,NA,NA,53.562580653413896,34.01341086114241,72992.91200677065,71566.30340075829,NA,NA,NA,NA,NA,NA,NA,NA,NA,NA,70478.32143597819,1399.3797313999733,69663.20879672952,1232.329058394415,NA,NA,NA,731.6163100209375,592.6303190315705,72.17088419039007,698.2528776288868,41.18846151171621,578.9440436464986,861.7484944238917,51.0873533159153,10.848720067571698,31.499966961790523,7.462208208121146,36.960851354371734
Alabama,2009,NA,1000,59.70863071150026,NA,NA,NA,0.16555073210212642,0,88.66056721626954,NA,88.66056721626954,94.02913692884998,5.970863071150026,NA,NA,NA,NA,NA,NA,NA,NA,NA,NA,NA,NA,NA,NA,NA,54364,NA,NA,NA,NA,NA,NA,9,0,61317,54364,NA,NA,NA,NA,NA,NA,NA,NA,NA,NA,51118,3246,51118,3246,NA,NA,NA,NA,NA,NA,NA,NA,NA,NA,6,3,0,0,18
Alaska,2009,1.7966903073286051,973.4278959810874,21.37115839243499,16.926713947990542,2.8368794326241136,1.1347517730496455,0,0,95.27027027027027,NA,92.73873873873873,97.9696910821838,2.0303089178162037,NA,NA,NA,NA,NA,NA,NA,13.274336283185843,63.33333333333333,31.57894736842105,5.3097345132743365,79.20353982300885,0,0,942.1052631578947,10294,NA,NA,NA,NA,NA,NA,0,0,11100,10575,NA,NA,NA,NA,NA,NA,NA,NA,NA,NA,10349,226,10085,209,NA,NA,NA,30,12,19,11,6,6,179,0,0,0,0,19
American Samoa,2009,1.6129032258064515,917.741935483871,140.32258064516128,137.90322580645162,2.4193548387096775,0,0,0,90.70958302852962,NA,83.24798829553768,85.32513181019333,14.674868189806677,NA,NA,NA,NA,NA,NA,NA,1.7241379310344827,66.66666666666666,0,0,98.27586206896551,0,0,8550,1138,NA,NA,NA,NA,NA,NA,0,0,1367,1240,NA,NA,NA,NA,NA,NA,NA,NA,NA,NA,1066,174,971,167,NA,NA,NA,3,0,2,1,0,0,171,0,0,0,0,0
Arizona,2009,1.25161894189223,981.6828288764815,10.578900969732588,6.530185783785549,3.852809612433474,2.0243575929735202,1.1210152262165192,0.48976393378391614,98.44638973117185,NA,96.64313036397338,99.1030843255948,0.8969156744051975,NA,NA,NA,NA,NA,NA,NA,36.41975308641975,32.48587570621469,57.391304347826086,19.1358024691358,61.72839506172839,89.56521739130436,39.130434782608695,521.7391304347826,90198,NA,NA,NA,NA,NA,NA,103,45,93331,91881,NA,NA,NA,NA,NA,NA,NA,NA,NA,NA,90909,972,89389,809,NA,NA,NA,354,186,115,239,66,120,600,66,37,45,0,8
Arkansas,2009,1.0807676086039646,970.2920708561788,16.738717840573596,13.021931674398989,2.372416701813581,1.212568536482497,0.31632222690847744,0.31632222690847744,97.81353135313532,NA,94.90769389438944,98.42701513216876,1.572984867831237,NA,NA,NA,NA,NA,NA,NA,14.173228346456693,45.55555555555556,43.90243902439025,7.244094488188976,77.79527559055119,29.268292682926827,29.268292682926827,1204.878048780488,36809,NA,NA,NA,NA,NA,NA,12,12,38784,37936,NA,NA,NA,NA,NA,NA,NA,NA,NA,NA,37301,635,36230,579,NA,NA,NA,90,46,41,49,18,28,494,12,0,12,0,27
California,2009,1.8018470865949923,977.380245801329,5.361075076317504,0.8313242996092776,3.971023514877805,2.395373970269523,1.5563164213615543,1.2334532631412072,97.9825609920117,NA,95.7662195466161,99.57788296637108,0.4221170336289207,NA,NA,NA,NA,NA,NA,NA,74.07140281283809,45.37487828627069,66.52360515021459,44.680851063829785,15.506671474936892,86.37339055793991,68.45493562231759,46.137339055793994,505547,NA,NA,NA,NA,NA,NA,805,638,527897,517247,NA,NA,NA,NA,NA,NA,NA,NA,NA,NA,514474,2773,503413,2134,NA,NA,NA,2054,1239,932,1122,620,619,430,805,0,638,0,34
Colorado,2009,1.9927031897903265,987.662822898504,3.238142683409281,0.9230904482116954,2.1392254831572624,1.9487465017802459,1.6117452270362935,1.3333528696391157,97.77653615277718,NA,96.57024970988954,99.70477843547407,0.29522156452593945,NA,NA,NA,NA,NA,NA,NA,66.06334841628959,93.15068493150685,91.91176470588235,60.18099547511312,28.50678733031674,80.88235294117648,66.91176470588235,46.32352941176471,67407,NA,NA,NA,NA,NA,NA,110,91,69801,68249,NA,NA,NA,NA,NA,NA,NA,NA,NA,NA,68028,221,67208,199,NA,NA,NA,146,133,136,10,125,8,63,110,0,91,0,26
Commonwealth of the Northern Mariana Islands,2009,4.578754578754579,989.0109890109891,38.46153846153847,21.062271062271062,12.82051282051282,11.904761904761903,3.663003663003663,3.663003663003663,98.28982898289829,NA,97.20972097209722,96.11111111111111,3.888888888888889,NA,NA,NA,NA,NA,NA,NA,33.33333333333333,35.714285714285715,100,30.952380952380953,54.761904761904766,80,80,459.99999999999994,1080,NA,NA,NA,NA,NA,NA,4,4,1111,1092,NA,NA,NA,NA,NA,NA,NA,NA,NA,NA,1050,42,1038,42,NA,NA,NA,14,13,5,9,5,8,23,4,0,4,0,0
Connecticut,2009,1.9708216022523675,14.998720245712823,15.868953160993089,2.7386741745584846,12.336831328384951,9.444586639365243,1.177373944202713,0.9982083439979523,98.9589929333097,NA,1.4842582508041844,0,100,NA,NA,NA,NA,NA,NA,NA,77.74193548387098,15.975103734439832,57.14285714285714,59.51612903225807,17.258064516129032,59.74025974025974,50.649350649350644,138.96103896103895,586,NA,NA,NA,NA,NA,NA,46,39,39481,39070,NA,NA,NA,NA,NA,NA,NA,NA,NA,NA,38450,620,0,586,NA,NA,NA,482,369,77,405,44,325,107,46,0,39,0,18
Delaware,2009,NA,NA,NA,NA,NA,NA,NA,NA,NA,NA,NA,NA,NA,NA,NA,NA,NA,NA,NA,NA,NA,NA,NA,NA,NA,NA,NA,NA,NA,NA,NA,NA,NA,NA,NA,NA,NA,NA,NA,NA,NA,NA,NA,NA,NA,NA,NA,NA,NA,NA,NA,NA,NA,NA,NA,NA,NA,NA,NA,NA,NA,NA,NA,NA,NA,NA,NA,NA
District of Columbia,2009,NA,NA,NA,NA,NA,NA,NA,NA,NA,NA,NA,NA,NA,NA,NA,NA,NA,NA,NA,NA,NA,NA,NA,NA,NA,NA,NA,NA,NA,NA,NA,NA,NA,NA,NA,NA,NA,NA,NA,NA,NA,NA,NA,NA,NA,NA,NA,NA,NA,NA,NA,NA,NA,NA,NA,NA,NA,NA,NA,NA,NA,NA,NA,NA,NA,NA,NA,NA
Florida,2009,1.0629262018589074,930.50209915791,8.187929235324095,6.814376198218749,1.08234037906181,0.5290363287790909,0.7911277210182736,0.417404809862402,95.71137238870797,NA,89.05963292097721,99.37198773185337,0.6280122681466336,NA,NA,NA,NA,NA,NA,NA,13.218731475992888,98.20627802690582,49.77168949771689,6.461173681090695,83.22465915826912,74.42922374429224,39.26940639269406,641.0958904109589,191716,NA,NA,NA,NA,NA,NA,163,86,215267,206035,NA,NA,NA,NA,NA,NA,NA,NA,NA,NA,204348,1687,190512,1204,NA,NA,NA,223,109,219,4,109,0,1404,163,0,86,0,36
Georgia,2009,1.4712935189926923,988.8067890847904,4.657741361231009,0.3088903520537144,3.438437339966347,1.707025629770527,1.2680761821152486,0.5121076889311581,98.95989188667407,NA,97.85221294464019,99.71556344743678,0.28443655256321726,NA,NA,NA,NA,NA,NA,NA,73.82198952879581,42.78959810874704,42.5414364640884,36.64921465968586,6.631762652705062,86.1878453038674,34.806629834254146,20.994475138121548,121644,NA,NA,NA,NA,NA,NA,156,63,124314,123021,NA,NA,NA,NA,NA,NA,NA,NA,NA,NA,122448,573,121298,346,NA,NA,NA,423,210,181,242,77,133,38,53,103,26,37,12
Guam,2009,0,954.1284403669725,23.10567448182127,9.174311926605505,2.7183146449201496,1.6989466530750934,0,0,85.85180863477247,NA,81.91365227537923,97.93447293447294,2.0655270655270654,NA,NA,NA,NA,NA,NA,NA,11.76470588235294,0,NA,7.352941176470589,39.705882352941174,NA,NA,Inf,2808,NA,NA,NA,NA,NA,NA,0,0,3428,2943,NA,NA,NA,NA,NA,NA,NA,NA,NA,NA,2875,68,2750,58,NA,NA,NA,8,5,0,8,0,5,27,0,0,0,0,0
Hawaii,2009,3.1540594920876615,981.6194464081788,11.202349230518246,1.305128065691446,6.688781336668661,5.166131926695307,2.3927347871009843,1.7401707542552611,97.4251655629139,NA,95.63443708609272,99.05268406182482,0.9473159381751703,NA,NA,NA,NA,NA,NA,NA,59.70873786407766,47.15447154471545,77.58620689655173,46.116504854368934,11.650485436893204,75.86206896551724,55.172413793103445,41.37931034482759,18051,NA,NA,NA,NA,NA,NA,44,32,18875,18389,NA,NA,NA,NA,NA,NA,NA,NA,NA,NA,18183,206,17880,171,NA,NA,NA,123,95,58,65,45,50,24,44,0,32,0,7
Idaho,2009,1.9387709094188197,984.1742188556742,41.02980296677037,11.271923891969882,23.084900130754317,19.79349835429911,1.5780693448757834,1.3526308670363856,99.27487578890829,NA,97.70377333154289,95.99596848085028,4.004031519149716,NA,NA,NA,NA,NA,NA,NA,56.26373626373626,8.3984375,74.4186046511628,48.24175824175824,27.472527472527474,81.3953488372093,69.76744186046511,581.3953488372092,21828,NA,NA,NA,NA,NA,NA,35,30,22341,22179,NA,NA,NA,NA,NA,NA,NA,NA,NA,NA,21269,910,20954,874,NA,NA,NA,512,439,43,469,32,407,250,35,0,30,0,4
Illinois,2009,1.1085205467898087,971.6785049431583,9.723653057167127,6.506533644201052,3.1869965720207003,2.0905251616090417,1.0542994330881335,0.7892184327688313,99.2596800717596,NA,96.44849753326356,99.24109966147093,0.7589003385290726,NA,NA,NA,NA,NA,NA,NA,32.77571251548947,34.78260869565217,51.08695652173913,21.499380421313507,66.91449814126395,95.1086956521739,71.19565217391305,586.9565217391305,161286,NA,NA,NA,NA,NA,NA,175,131,167225,165987,NA,NA,NA,NA,NA,NA,NA,NA,NA,NA,164373,1614,160062,1224,NA,NA,NA,529,347,184,345,94,253,1080,175,0,131,0,3
Indiana,2009,1.541635756676558,986.4034681008902,23.02021513353116,5.227652077151335,16.772533382789316,7.789317507418398,1.054803412462908,0.6954747774480713,98.53801169590643,NA,97.19823647660819,97.78493284292412,2.215067157075876,NA,NA,NA,NA,NA,NA,NA,72.8600201409869,9.191430545957152,39.097744360902254,33.8368580060423,22.70896273917422,68.42105263157895,45.11278195488722,339.09774436090225,85099,NA,NA,NA,NA,NA,NA,91,60,87552,86272,NA,NA,NA,NA,NA,NA,NA,NA,NA,NA,84286,1986,83214,1885,NA,NA,NA,1447,672,133,1314,52,620,451,86,5,60,0,32
Iowa,2009,1.661002223187591,983.9777170163289,21.77190606393581,13.262463905143997,6.465131730253239,3.833082053509825,1.1243707356962156,0.741062530345233,98.64633224098816,NA,97.06579279052181,97.88084973770322,2.119150262296785,NA,NA,NA,NA,NA,NA,NA,29.694835680751176,25.691699604743086,58.46153846153847,17.6056338028169,60.91549295774647,67.6923076923077,44.61538461538462,798.4615384615385,38506,NA,NA,NA,NA,NA,NA,44,29,39670,39133,NA,NA,NA,NA,NA,NA,NA,NA,NA,NA,38281,852,37690,816,NA,NA,NA,253,150,65,188,38,112,519,44,0,29,0,7
Kansas,2009,1.3661529611964622,973.3720010545742,18.143470028521442,11.360640414160056,5.656352611269564,3.691009754811495,0.7909306617453203,0.5512547036406777,98.13251170120188,NA,95.51943928311029,98.51275485078303,1.4872451492169803,NA,NA,NA,NA,NA,NA,NA,31.175693527080583,24.152542372881356,59.64912280701754,20.343461030383093,62.615587846763546,57.89473684210527,40.35087719298245,831.578947368421,40612,NA,NA,NA,NA,NA,NA,33,23,42517,41723,NA,NA,NA,NA,NA,NA,NA,NA,NA,NA,40966,757,40008,604,NA,NA,NA,236,154,57,179,34,120,474,33,0,23,0,23
Kentucky,2009,1.5925276455641841,943.778406040869,38.811151272232756,19.21769316107791,19.59345811115485,17.320974841641917,0.5010199334359232,0.4115520881795083,99.13611125893601,NA,93.56252106504887,98.91741240709844,1.0825875929015623,NA,NA,NA,NA,NA,NA,NA,50.48409405255878,8.12785388127854,38.20224719101123,44.628861226371605,49.51590594744122,31.46067415730337,25.842696629213485,1206.741573033708,52744,NA,NA,NA,NA,NA,NA,28,23,56373,55886,NA,NA,NA,NA,NA,NA,NA,NA,NA,NA,53717,2169,52173,571,NA,NA,NA,1095,968,89,1006,34,934,1074,28,0,23,0,61
Louisiana,2009,0.8860899697780029,0,50.253959714552444,17.69015332521084,29.794775233785344,0,0.7278596180319309,0.5063371255874302,97.48268575218646,NA,0,NA,NA,NA,NA,NA,NA,NA,NA,NA,59.28841309823678,2.973977695167286,0,0,35.20151133501259,82.14285714285714,57.14285714285714,1996.4285714285716,0,NA,NA,NA,NA,NA,NA,46,32,64831,63199,NA,NA,NA,NA,NA,NA,NA,NA,NA,NA,60023,3176,0,0,NA,NA,NA,1883,0,56,1827,0,0,1118,40,6,28,4,6
Maine,2009,1.075268817204301,984.0245775729646,28.187403993855604,18.5099846390169,9.5238095238095255,7.296466973886329,0.15360983102918588,0.15360983102918588,97.50617838687936,NA,95.94847599790309,97.2291601623478,2.770839837652201,NA,NA,NA,NA,NA,NA,NA,33.787465940054496,11.29032258064516,57.14285714285714,25.885558583106267,65.66757493188011,14.285714285714285,14.285714285714285,1721.4285714285716,12812,NA,NA,NA,NA,NA,NA,2,2,13353,13020,NA,NA,NA,NA,NA,NA,NA,NA,NA,NA,12653,367,12457,355,NA,NA,NA,124,95,14,110,8,87,241,2,0,2,0,12
Marshall Islands,2009,NA,NA,NA,NA,NA,NA,NA,NA,NA,NA,NA,NA,NA,NA,NA,NA,NA,NA,NA,NA,NA,NA,NA,NA,NA,NA,NA,NA,NA,NA,NA,NA,NA,NA,NA,NA,NA,NA,NA,NA,NA,NA,NA,NA,NA,NA,NA,NA,NA,NA,NA,NA,NA,NA,NA,NA,NA,NA,NA,NA,NA,NA,NA,NA,NA,NA,NA,NA
Maryland,2009,0.6761420461748672,977.0252567226831,13.691876435041062,7.000887436435605,4.113197447563776,1.9016495048668143,0,0,98.90218587609189,NA,96.62993354602321,98.79613610149943,1.2038638985005767,NA,NA,NA,NA,NA,NA,NA,30.04115226337449,16.43835616438356,52.083333333333336,13.88888888888889,51.13168724279835,0,0,1035.4166666666665,69360,NA,NA,NA,NA,NA,NA,0,0,71779,70991,NA,NA,NA,NA,NA,NA,NA,NA,NA,NA,70019,972,68525,835,NA,NA,NA,292,135,48,244,25,110,497,0,0,0,0,48
Massachusetts,2009,2.8462617759069953,986.9446114785862,17.518540789737425,0.6681365671143181,15.474042894367608,13.175653103494355,2.285027059530968,1.6837041491280818,99.16780408942131,NA,97.87312987821846,98.32651845433128,1.6734815456687158,NA,NA,NA,NA,NA,NA,NA,88.32951945080092,18.393782383419687,68.54460093896714,75.20976353928299,3.8138825324180017,80.28169014084507,59.154929577464785,23.474178403755868,73858,NA,NA,NA,NA,NA,NA,171,126,75463,74835,NA,NA,NA,NA,NA,NA,NA,NA,NA,NA,73524,1311,72622,1236,NA,NA,NA,1158,986,213,945,146,840,50,169,2,126,0,15
Michigan,2009,1.050420168067227,969.5203081232493,13.28781512605042,7.352941176470588,5.339635854341736,3.063725490196078,0.3326330532212885,0.20133053221288513,97.38383244252358,NA,94.41560323589835,98.94003141985229,1.0599685801477094,NA,NA,NA,NA,NA,NA,NA,40.184453227931485,19.672131147540984,61.66666666666667,23.056653491436098,55.33596837944664,31.666666666666664,19.166666666666668,700,110758,NA,NA,NA,NA,NA,NA,38,23,117309,114240,NA,NA,NA,NA,NA,NA,NA,NA,NA,NA,112722,1518,109584,1174,NA,NA,NA,610,350,120,490,74,276,840,38,0,23,0,82
Micronesia,2009,NA,NA,NA,NA,NA,NA,NA,NA,NA,NA,NA,NA,NA,NA,NA,NA,NA,NA,NA,NA,NA,NA,NA,NA,NA,NA,NA,NA,NA,NA,NA,NA,NA,NA,NA,NA,NA,NA,NA,NA,NA,NA,NA,NA,NA,NA,NA,NA,NA,NA,NA,NA,NA,NA,NA,NA,NA,NA,NA,NA,NA,NA,NA,NA,NA,NA,NA,NA
Minnesota,2009,1.8453967603034651,969.9171036058467,14.367731919505552,8.157825361024049,5.433668238671315,3.7200855326752396,0.4540261870587891,0.23433609654647178,96.9431074384859,NA,94.02677798128664,98.595675283885,1.4043247161150036,NA,NA,NA,NA,NA,NA,NA,37.81855249745158,33.9622641509434,62.698412698412696,25.891946992864423,56.77879714576962,24.6031746031746,12.698412698412698,442.0634920634921,66224,NA,NA,NA,NA,NA,NA,31,16,70431,68278,NA,NA,NA,NA,NA,NA,NA,NA,NA,NA,67297,981,65294,930,NA,NA,NA,371,254,126,245,79,175,557,30,1,16,0,79
Mississippi,2009,1.8997411602669136,11.2797131390848,13.060720476835032,2.137208805300278,9.61743962385125,7.076535821994253,1.4248058702001853,0.8548835221201111,98.36950174028826,NA,1.1095797612651546,0,100,NA,NA,NA,NA,NA,NA,NA,73.63636363636363,19.753086419753085,43.75,54.18181818181819,16.363636363636363,75,45,112.5,475,NA,NA,NA,NA,NA,NA,60,36,42809,42111,NA,NA,NA,NA,NA,NA,NA,NA,NA,NA,41561,550,0,475,NA,NA,NA,405,298,80,325,35,263,90,60,0,36,0,10
Missouri,2009,1.1673700819724706,982.8742960501841,16.651058971431503,9.800777391505138,6.568060241427527,4.220491834823548,0.9108052287917078,0.564442676997678,98.27164540366094,NA,96.58867429781654,98.42465217050822,1.5753478294917644,NA,NA,NA,NA,NA,NA,NA,39.44530046224962,17.7734375,51.64835164835166,25.346687211093993,58.85978428351309,78.02197802197803,48.35164835164835,839.5604395604396,76618,NA,NA,NA,NA,NA,NA,71,44,79324,77953,NA,NA,NA,NA,NA,NA,NA,NA,NA,NA,76655,1298,75411,1207,NA,NA,NA,512,329,91,421,47,282,764,71,0,44,0,0
Montana,2009,2.1373001624348125,891.6816277678037,18.295289390441994,15.04659314354108,3.07771223390613,1.196888090963495,1.7953321364452424,1.2823800974608872,95.8456243854474,NA,85.46378236643723,98.5810162991371,1.4189837008628956,NA,NA,NA,NA,NA,NA,NA,16.822429906542055,69.44444444444444,40,6.5420560747663545,82.2429906542056,84,60,704,10430,NA,NA,NA,NA,NA,NA,21,15,12204,11697,NA,NA,NA,NA,NA,NA,NA,NA,NA,NA,11483,214,10282,148,NA,NA,NA,36,14,25,11,10,4,176,8,13,7,8,4
Nebraska,2009,1.5918261577758857,975.8264539295894,12.105282641691037,4.035094213897012,6.1822085662458814,5.404805093843705,1.4067300929182245,1.1105763891459668,99.31615132909299,NA,96.91532776940329,98.86570561456752,1.1342943854324734,NA,NA,NA,NA,NA,NA,NA,51.07033639143731,25.748502994011975,81.3953488372093,44.64831804281346,33.33333333333333,88.37209302325581,69.76744186046511,253.48837209302326,26360,NA,NA,NA,NA,NA,NA,38,30,27199,27013,NA,NA,NA,NA,NA,NA,NA,NA,NA,NA,26686,327,26061,299,NA,NA,NA,167,146,43,124,35,111,109,38,0,30,0,1
Nevada,2009,NA,NA,NA,NA,NA,NA,NA,NA,NA,NA,NA,NA,NA,NA,NA,NA,NA,NA,NA,NA,NA,NA,NA,NA,NA,NA,NA,NA,NA,NA,NA,NA,NA,NA,NA,NA,NA,NA,NA,NA,NA,NA,NA,NA,NA,NA,NA,NA,NA,NA,NA,NA,NA,NA,NA,NA,NA,NA,NA,NA,NA,NA,NA,NA,NA,NA,NA,NA
New Hampshire,2009,1.5426147319706902,978.5576552256075,15.04049363671423,3.470883146934053,11.569610489780178,9.101426918627073,0.6170458927882762,0.5399151561897416,96.84768805557631,NA,94.7710465376858,99.58224954678016,0.41775045321983134,NA,NA,NA,NA,NA,NA,NA,76.92307692307693,13.333333333333334,50,60.51282051282051,23.076923076923077,40,35,225,12687,NA,NA,NA,NA,NA,NA,8,7,13387,12965,NA,NA,NA,NA,NA,NA,NA,NA,NA,NA,12770,195,12634,53,NA,NA,NA,150,118,20,130,10,108,45,8,0,7,0,7
New Jersey,2009,1.102650130056169,976.0432766615147,12.741734836204623,7.190786745579975,4.872394164436235,3.4210427111999095,0.8104949673917141,0.47121800429750815,99.12281521200967,NA,96.74815735144375,99.0006372747813,0.9993627252187011,NA,NA,NA,NA,NA,NA,NA,38.2396449704142,22.63056092843327,49.572649572649574,26.849112426035504,56.43491124260355,73.50427350427351,42.73504273504273,652.1367521367521,103566,NA,NA,NA,NA,NA,NA,86,50,107047,106108,NA,NA,NA,NA,NA,NA,NA,NA,NA,NA,104756,1352,102531,1035,NA,NA,NA,517,363,117,400,58,305,763,86,0,50,0,22
New Mexico,2009,2.4723576677426,988.7370372913948,57.41363917313371,45.532587047592884,8.103839022045188,6.24957077123824,2.4723576677426,1.7169150470434722,51.423223619155245,NA,50.84404576917644,94.31131485726193,5.68868514273807,NA,NA,NA,NA,NA,NA,NA,14.114832535885165,30.508474576271187,72.22222222222221,10.885167464114833,79.30622009569377,100,69.44444444444444,1841.6666666666667,14397,NA,NA,NA,NA,NA,NA,36,25,28316,14561,NA,NA,NA,NA,NA,NA,NA,NA,NA,NA,13725,836,13578,819,NA,NA,NA,118,91,36,82,26,65,663,31,5,25,0,0
New York,2009,NA,967.5834491502694,10.000894025471599,NA,NA,NA,NA,NA,99.44715210591401,NA,96.22341844281178,99.41915405647184,0.5808459435281665,NA,NA,NA,NA,NA,NA,NA,NA,NA,NA,NA,NA,NA,NA,NA,238101,NA,NA,NA,NA,NA,NA,NA,NA,247446,246078,NA,NA,NA,NA,NA,NA,NA,NA,NA,NA,243617,2461,236718,1383,NA,NA,NA,NA,NA,NA,NA,NA,NA,NA,NA,NA,NA,NA,NA
North Carolina,2009,1.566793427340939,972.6322916912709,10.510900630654037,5.905000354300022,2.83440017006401,1.4880600892836053,1.5274267583122723,0.8424467172134696,99.24207499550715,NA,96.52604683507708,99.0456146031489,0.9543853968510948,NA,NA,NA,NA,NA,NA,NA,26.96629213483146,55.27777777777778,51.256281407035175,14.157303370786517,56.17977528089888,97.48743718592965,53.768844221105525,376.88442211055275,123535,NA,NA,NA,NA,NA,NA,194,107,127981,127011,NA,NA,NA,NA,NA,NA,NA,NA,NA,NA,125676,1335,122356,1179,NA,NA,NA,360,189,199,161,102,87,750,194,0,107,0,0
North Dakota,2009,0.7935720662632675,983.3349866084714,31.445293125681978,22.021624838805675,3.17428826505307,1.6863406408094435,0.7935720662632675,0.7935720662632675,98.80427325296482,NA,97.1576987160639,96.95349541006759,3.046504589932412,NA,NA,NA,NA,NA,NA,NA,10.094637223974763,25,37.5,5.3627760252365935,70.03154574132492,100,100,2775,9913,NA,NA,NA,NA,NA,NA,8,8,10203,10081,NA,NA,NA,NA,NA,NA,NA,NA,NA,NA,9764,317,9611,302,NA,NA,NA,32,17,8,24,3,14,222,0,8,0,8,0
Ohio,2009,1.068284761986155,987.8073099165313,31.250890237301654,14.030139874084837,16.807680255248837,13.403412813719624,0.7477993333903085,0.4629233968606672,96.47259285724101,NA,95.29633243098402,96.97692862292719,3.023071377072819,NA,NA,NA,NA,NA,NA,NA,53.78304466727438,6.3559322033898304,46.666666666666664,42.889699179580674,44.895168641750224,70,43.333333333333336,1313.3333333333333,138700,NA,NA,NA,NA,NA,NA,105,65,145546,140412,NA,NA,NA,NA,NA,NA,NA,NA,NA,NA,136024,4388,134507,4193,NA,NA,NA,2360,1882,150,2210,70,1812,1970,105,0,65,0,36
Oklahoma,2009,1.7657110309474084,1000,48.52857414087716,5.240174672489083,37.17486235048415,36.1685969242453,1.348015948357699,0.6265426238845643,98.20080171529784,NA,98.20080171529784,95.14714258591228,4.852857414087716,NA,NA,NA,NA,NA,NA,NA,76.60406885758998,4.749744637385087,43.01075268817204,74.53051643192488,10.7981220657277,76.34408602150538,35.483870967741936,296.7741935483871,52670,NA,NA,NA,NA,NA,NA,71,33,53635,52670,NA,NA,NA,NA,NA,NA,NA,NA,NA,NA,50114,2556,50114,2556,NA,NA,NA,1958,1905,93,1865,40,1865,276,64,7,29,4,10
Oregon,2009,1.6930274003118735,978.8817108487414,24.370683893963022,8.955223880597016,13.432835820895523,9.890844286032523,0.9356204054355091,0.5791935843172199,98.74397835507358,NA,96.65867446822551,98.04059897137135,1.959401028628647,NA,NA,NA,NA,NA,NA,NA,55.11882998171846,12.603648424543948,39.473684210526315,40.58500914076782,36.74588665447898,55.26315789473685,34.21052631578947,528.9473684210526,43942,NA,NA,NA,NA,NA,NA,42,26,45461,44890,NA,NA,NA,NA,NA,NA,NA,NA,NA,NA,43796,1094,43081,861,NA,NA,NA,603,444,76,527,30,414,402,42,0,26,0,27
Palau,2009,NA,NA,NA,NA,NA,NA,NA,NA,NA,NA,NA,NA,NA,NA,NA,NA,NA,NA,NA,NA,NA,NA,NA,NA,NA,NA,NA,NA,NA,NA,NA,NA,NA,NA,NA,NA,NA,NA,NA,NA,NA,NA,NA,NA,NA,NA,NA,NA,NA,NA,NA,NA,NA,NA,NA,NA,NA,NA,NA,NA,NA,NA,NA,NA,NA,NA,NA,NA
Pennsylvania,2009,1.4363585438197082,953.2249840205111,13.918314289612974,0.7684518209435439,11.3328689107375,9.774419890693114,1.2280865549658506,0.876178711730022,95.5072672524367,NA,91.03991330054667,100,0,NA,NA,NA,NA,NA,NA,NA,81.42414860681114,12.67427122940431,62.5,70.22703818369453,5.521155830753354,85.5,61,53.5,132728,NA,NA,NA,NA,NA,NA,171,122,145791,139241,NA,NA,NA,NA,NA,NA,NA,NA,NA,NA,137303,1938,132728,0,NA,NA,NA,1578,1361,200,1378,125,1236,107,171,0,122,0,0
Puerto Rico,2009,NA,NA,NA,NA,NA,NA,NA,NA,NA,NA,NA,NA,NA,NA,NA,NA,NA,NA,NA,NA,NA,NA,NA,NA,NA,NA,NA,NA,NA,NA,NA,NA,NA,NA,NA,NA,NA,NA,NA,NA,NA,NA,NA,NA,NA,NA,NA,NA,NA,NA,NA,NA,NA,NA,NA,NA,NA,NA,NA,NA,NA,NA,NA,NA,NA,NA,NA,NA
Rhode Island,2009,0.6613209886748781,979.995040092585,7.439861122592378,2.314623460362073,3.38927006695875,2.2319583367777134,0.5786558650905183,0.16533024716871952,98.9125102207686,NA,96.93376941946035,99.52762547448334,0.47237452551665965,NA,NA,NA,NA,NA,NA,NA,45.55555555555556,19.51219512195122,37.5,30,31.11111111111111,87.5,25,350,11855,NA,NA,NA,NA,NA,NA,7,2,12230,12097,NA,NA,NA,NA,NA,NA,NA,NA,NA,NA,12007,90,11799,56,NA,NA,NA,41,27,8,33,3,24,28,7,0,2,0,0
South Carolina,2009,1.1144464616324843,992.5224237413046,34.5118904247479,6.345154854133338,20.635234483130517,20.18586090989161,0.7729225459709166,0.5931731166753547,96.11118789302743,NA,95.39250915624352,96.60068457178042,3.39931542821957,NA,NA,NA,NA,NA,NA,NA,59.791666666666664,5.400696864111499,59.67741935483871,58.48958333333333,18.385416666666668,69.35483870967742,53.2258064516129,569.3548387096774,55217,NA,NA,NA,NA,NA,NA,43,33,57884,55633,NA,NA,NA,NA,NA,NA,NA,NA,NA,NA,53713,1920,53340,1877,NA,NA,NA,1148,1123,62,1086,37,1086,353,43,0,33,0,19
South Dakota,2009,0.32496547241855556,981.0707612316191,18.84799740027622,12.023722479486555,1.1373791534649442,0.73117231294175,0,0,98.61400416599903,NA,96.74731613523474,98.28585624378934,1.7141437562106658,NA,NA,NA,NA,NA,NA,NA,6.0344827586206895,28.57142857142857,50,3.8793103448275863,63.793103448275865,0,0,3700,12076,NA,NA,NA,NA,NA,NA,0,0,12482,12309,NA,NA,NA,NA,NA,NA,NA,NA,NA,NA,12077,232,11869,207,NA,NA,NA,14,9,4,10,2,7,148,0,0,0,0,4
Tennessee,2009,0.846262341325811,981.8288669487541,41.30230371415139,8.96803008932769,30.38316878232252,25.352609308885757,0.3643629525152797,0.03526093088857546,97.6348676283265,NA,95.8607314582114,95.96332032465821,4.036679675341777,NA,NA,NA,NA,NA,NA,NA,73.56289129197495,2.7852998065764023,33.33333333333333,61.38303927148549,21.713147410358566,43.05555555555556,4.166666666666666,1059.7222222222222,83534,NA,NA,NA,NA,NA,NA,31,3,87141,85080,NA,NA,NA,NA,NA,NA,NA,NA,NA,NA,81566,3514,80162,3372,NA,NA,NA,2585,2157,72,2513,24,2133,763,28,3,1,2,41
Texas,2009,1.1630190546389414,982.5011540923732,14.614252594476168,11.77046696745332,2.3311390700438426,0.9921368689792722,0.15812978374476833,0.08416585263834443,98.53708432184648,NA,96.81279906711167,98.63559194438531,1.3644080556146845,NA,NA,NA,NA,NA,NA,NA,15.951134380453752,49.89059080962801,29.605263157894733,6.788830715532286,80.54101221640488,13.596491228070176,7.236842105263158,1012.061403508772,385222,NA,NA,NA,NA,NA,NA,62,33,397904,392083,NA,NA,NA,NA,NA,NA,NA,NA,NA,NA,386353,5730,379966,5256,NA,NA,NA,914,389,456,458,135,254,4615,60,2,32,1,361
Utah,2009,1.3093591516828031,978.8842784693406,11.784232365145229,8.224988473951129,3.4854771784232366,1.991701244813278,1.0511756569847857,0.5532503457814661,98.45486237199506,NA,96.37591691480863,98.99020346646572,1.009796533534288,NA,NA,NA,NA,NA,NA,NA,29.577464788732392,37.56613756613756,43.66197183098591,16.901408450704224,69.79655712050078,80.28169014084507,42.25352112676056,628.169014084507,53080,NA,NA,NA,NA,NA,NA,57,30,55076,54225,NA,NA,NA,NA,NA,NA,NA,NA,NA,NA,53586,639,52544,536,NA,NA,NA,189,108,71,118,31,77,446,57,0,30,0,4
Vermont,2009,1.0681858643403952,967.9544240697882,9.43564180167349,5.162898344311911,1.0681858643403952,0.35606195478013175,0.8901548869503294,0.35606195478013175,97.24722991689751,NA,94.1308864265928,99.1907301820857,0.809269817914291,NA,NA,NA,NA,NA,NA,NA,11.320754716981133,100,33.33333333333333,3.7735849056603774,54.71698113207547,83.33333333333334,33.33333333333333,483.3333333333333,5437,NA,NA,NA,NA,NA,NA,5,2,5776,5617,NA,NA,NA,NA,NA,NA,NA,NA,NA,NA,5564,53,5393,44,NA,NA,NA,6,2,6,0,2,0,29,5,0,2,0,1
Virgin Islands,2009,NA,NA,NA,NA,NA,NA,NA,NA,NA,NA,NA,NA,NA,NA,NA,NA,NA,NA,NA,NA,NA,NA,NA,NA,NA,NA,NA,NA,NA,NA,NA,NA,NA,NA,NA,NA,NA,NA,NA,NA,NA,NA,NA,NA,NA,NA,NA,NA,NA,NA,NA,NA,NA,NA,NA,NA,NA,NA,NA,NA,NA,NA,NA,NA,NA,NA,NA,NA
Virginia,2009,0.9752311198240603,985.112798415747,10.419050841385623,7.911313676123756,2.0599269571793926,1.1643065410144393,0.6468369672302441,0.2388321109773209,97.5043906036231,NA,96.05282308535722,99.24035032780095,0.7596496721990443,NA,NA,NA,NA,NA,NA,NA,19.770773638968482,47.34299516908212,37.755102040816325,11.174785100286533,75.93123209169055,66.3265306122449,24.489795918367346,811.2244897959183,98993,NA,NA,NA,NA,NA,NA,65,24,103061,100489,NA,NA,NA,NA,NA,NA,NA,NA,NA,NA,99442,1047,98241,752,NA,NA,NA,207,117,98,109,37,80,795,42,23,17,7,30
Washington,2009,1.4509187119743467,936.4887767170221,20.459173098260116,14.935927917382982,4.462489483887486,2.2190521477254714,0.3292000438933392,0.14631113061926188,91.94730941704036,NA,86.10762331838565,98.16946151442558,1.8305384855744191,NA,NA,NA,NA,NA,NA,NA,21.811680572109655,32.51366120218579,42.016806722689076,10.846245530393325,73.0035756853397,22.689075630252102,10.084033613445378,1029.4117647058824,76808,NA,NA,NA,NA,NA,NA,27,12,89200,82017,NA,NA,NA,NA,NA,NA,NA,NA,NA,NA,80339,1678,75402,1406,NA,NA,NA,366,182,119,247,50,132,1225,27,0,12,0,92
West Virginia,2009,NA,NA,NA,NA,NA,NA,NA,NA,NA,NA,NA,NA,NA,NA,NA,NA,NA,NA,NA,NA,NA,NA,NA,NA,NA,NA,NA,NA,NA,NA,NA,NA,NA,NA,NA,NA,NA,NA,NA,NA,NA,NA,NA,NA,NA,NA,NA,NA,NA,NA,NA,NA,NA,NA,NA,NA,NA,NA,NA,NA,NA,NA,NA,NA,NA,NA,NA,NA
Wisconsin,2009,1.2764646331264582,984.2129201696084,9.316724621095412,2.5529292662529164,6.455683202018868,5.032498496119254,1.1004005457986707,0.8069604002523585,97.88593833029341,NA,96.34060520760028,99.13239218258524,0.8676078174147672,NA,NA,NA,NA,NA,NA,NA,69.29133858267717,19.772727272727273,54.02298850574713,54.01574803149606,27.401574803149607,86.20689655172413,63.2183908045977,200,67081,NA,NA,NA,NA,NA,NA,75,55,69629,68157,NA,NA,NA,NA,NA,NA,NA,NA,NA,NA,67522,635,66499,582,NA,NA,NA,440,343,87,353,47,296,174,75,0,55,0,0
Wyoming,2009,2.6847534265931894,988.4131694220715,6.499929348594037,1.5543309311855307,4.380387169704677,3.1086618623710613,2.260844990815317,2.11954217888936,97.80265339966833,NA,96.66943062465451,99.39957112223017,0.6004288777698357,NA,NA,NA,NA,NA,NA,NA,67.3913043478261,61.29032258064516,68.42105263157895,47.82608695652174,23.91304347826087,84.21052631578947,78.94736842105263,57.89473684210527,6995,NA,NA,NA,NA,NA,NA,16,15,7236,7077,NA,NA,NA,NA,NA,NA,NA,NA,NA,NA,7031,46,6953,42,NA,NA,NA,31,22,19,12,13,9,11,13,3,13,2,3
US,2009,1.2956662988843939,938.649064198439,15.963027665399862,6.547290670589677,6.946232274937681,4.75128723795513,0.8798680070287279,0.582832740795227,97.42403676641655,NA,91.44698094123122,98.66960496023427,1.3303950397657347,NA,NA,NA,NA,NA,NA,NA,43.51450376793971,18.65279258741773,53.282081608515675,29.76432377081967,41.01534375449993,67.90853538340232,44.983244628425,505.32229450029564,3675149,NA,NA,NA,NA,NA,NA,3445,2282,4018885,3915360,NA,NA,NA,NA,NA,NA,NA,NA,NA,NA,3852859,62501,3626255,48894,NA,NA,NA,27197,18603,5073,22124,2703,15900,25635,3224,221,2209,73,1249
State/Territory average,2009,1.5098981225698307,916.1103972671604,22.97151491107739,11.868039411132603,8.659416056032542,6.151890241816349,0.9855243380252924,0.690701529584518,96.36993288851765,NA,88.18097187821452,93.95974238240625,6.040257617593754,NA,NA,NA,NA,NA,NA,NA,43.173361306288264,31.66627932842658,51.05799071352356,30.322615239078257,46.80037281935977,62.92147944060408,41.766969232590846,Inf,73502.98,NA,NA,NA,NA,NA,NA,70.3061224489796,46.57142857142857,80377.7,78307.2,NA,NA,NA,NA,NA,NA,NA,NA,NA,NA,77057.18,1250.02,72525.1,977.88,NA,NA,NA,566.6041666666666,387.5625,105.6875,460.9166666666667,56.3125,331.25,534.0625,65.79591836734694,4.510204081632653,45.08163265306123,1.489795918367347,25.489795918367346
State/Territory median,2009,1.4436386278970275,978.8829946590411,16.260006066212295,7.632127426297172,5.3866520465065255,3.2648522867854854,0.8901548869503294,0.5512547036406777,98.05753634660678,NA,96.00064954163015,98.5810162991371,1.4189837008628956,NA,NA,NA,NA,NA,NA,NA,38.84247271633191,25.345849802371543,50,25.888752787985347,52.92433418743691,75,42.73504273504273,607.5627679118188,52912,NA,NA,NA,NA,NA,NA,42,29,57128.5,54998.5,NA,NA,NA,NA,NA,NA,NA,NA,NA,NA,53649.5,941,51645.5,678,NA,NA,NA,357,168,74,240.5,36,116,377.5,40,0,26,0,10
State/Territory SD,2009,0.7527990814372176,232.42903828870251,21.848676321684657,20.180126704228613,8.34819530134248,7.326414239076945,0.7540597280510809,0.673779353565095,7.0198530122259335,NA,23.425675414131575,19.71783054983562,19.71783054983562,NA,NA,NA,NA,NA,NA,NA,24.494656903882458,24.769082766676895,18.8989011772035,21.92044387810105,25.178219672652897,29.958140020334827,24.252852285612022,NA,94149.18559880355,NA,NA,NA,NA,NA,NA,119.57375758669359,92.80086206496145,96642.57111038867,95007.81543297866,NA,NA,NA,NA,NA,NA,NA,NA,NA,NA,94223.48620855348,1210.1540041984538,93508.85734697401,1103.033084411398,NA,NA,NA,672.9393365085499,533.6962203211733,146.54128112742868,619.8920233132347,91.57003046151839,510.58887571117333,737.9303837963221,119.17423861581774,15.754790870530451,93.05348747151955,5.5494836433206105,53.78433881754815
Alabama,2010,NA,1000,54.22333571939871,NA,NA,NA,NA,NA,95.05664614023746,NA,95.05664614023746,94.57766642806013,5.4223335719398715,NA,NA,NA,NA,NA,NA,NA,NA,NA,NA,NA,NA,NA,NA,NA,55880,NA,NA,NA,NA,NA,NA,NA,NA,58786,55880,NA,NA,NA,NA,NA,NA,NA,NA,NA,NA,52850,3030,52850,3030,NA,NA,NA,NA,NA,NA,NA,NA,NA,NA,NA,NA,NA,NA,NA
Alaska,2010,1.8765246762994932,985.5507599924939,22.236817414148994,16.51341715143554,2.81478701444924,1.9703509101144683,1.125914805779696,0.844436104334772,94.69569080408708,NA,93.32741003998223,97.83891850723533,2.1610814927646613,NA,NA,NA,NA,NA,NA,NA,12.658227848101266,66.66666666666666,85,8.860759493670885,74.26160337552743,60,45,880.0000000000001,10504,NA,NA,NA,NA,NA,NA,12,9,11255,10658,NA,NA,NA,NA,NA,NA,NA,NA,NA,NA,10421,237,10277,227,NA,NA,NA,30,21,20,10,17,4,176,12,0,9,0,3
American Samoa,2010,1.7286084701815039,889.3690579083838,162.48919619706137,154.71045808124458,3.4572169403630078,0,0.8643042350907519,0.8643042350907519,96.33638634471275,NA,85.67860116569526,85.03401360544217,14.965986394557824,NA,NA,NA,NA,NA,NA,NA,2.127659574468085,50,0,0,95.2127659574468,50,50,8950,1029,NA,NA,NA,NA,NA,NA,1,1,1201,1157,NA,NA,NA,NA,NA,NA,NA,NA,NA,NA,969,188,875,154,NA,NA,NA,4,0,2,2,0,0,179,1,0,1,0,0
Arizona,2010,1.6843756849986733,983.6754000392251,10.037033191430451,5.733799420851648,3.737929602325823,1.8920384406834414,1.2575133538688725,0.40378869160927094,98.38706015891033,NA,96.78093076049943,99.17198348658285,0.8280165134171515,NA,NA,NA,NA,NA,NA,NA,37.24137931034483,45.06172839506173,43.15068493150685,18.850574712643677,57.12643678160919,74.65753424657534,23.972602739726025,340.4109589041096,85264,NA,NA,NA,NA,NA,NA,109,35,88100,86679,NA,NA,NA,NA,NA,NA,NA,NA,NA,NA,85809,870,84558,706,NA,NA,NA,324,164,146,178,63,101,497,46,63,35,0,37
Arkansas,2010,0.8161044613710555,969.3688792165397,15.587595212187159,12.731229597388465,1.7682263329706203,0.9521218715995647,0.40805223068552776,0.02720348204570185,97.91699962708434,NA,94.91769218475308,98.60245832631756,1.3975416736824382,NA,NA,NA,NA,NA,NA,NA,11.343804537521814,46.15384615384615,50,6.108202443280978,81.67539267015707,50,3.3333333333333335,1560,35634,NA,NA,NA,NA,NA,NA,15,1,37542,36760,NA,NA,NA,NA,NA,NA,NA,NA,NA,NA,36187,573,35136,498,NA,NA,NA,65,35,30,35,15,20,468,15,0,1,0,8
California,2010,1.8286161625946185,994.5398509826093,6.239040658539044,1.1307766973017532,3.9774872639355374,2.2437614535620454,1.5992978113935636,1.1722912263984961,98.99526596879336,NA,98.45473706458753,99.49412127175327,0.5058787282467178,NA,NA,NA,NA,NA,NA,NA,63.751584283903675,45.97415506958251,67.02702702702703,35.963244613434725,18.124207858048162,87.45945945945945,64.10810810810811,61.83783783783784,503085,NA,NA,NA,NA,NA,NA,809,593,510981,505847,NA,NA,NA,NA,NA,NA,NA,NA,NA,NA,502691,3156,500540,2545,NA,NA,NA,2012,1135,925,1087,620,515,572,809,0,593,0,35
Colorado,2010,1.8220421930762398,986.9746570494963,35.02537306690358,7.483925371561083,27.541447695342498,27.164992696773027,1.3401797949073169,1.0841903958800765,98.15540151056062,NA,96.87689374344119,96.5595630416209,3.440436958379104,NA,NA,NA,NA,NA,NA,NA,78.63284608770421,6.61563696008748,98.34710743801654,77.55803955288049,21.367153912295787,73.55371900826447,59.50413223140496,410.7438016528926,65544,NA,NA,NA,NA,NA,NA,89,72,67657,66409,NA,NA,NA,NA,NA,NA,NA,NA,NA,NA,64083,2326,63289,2255,NA,NA,NA,1829,1804,121,1708,119,1685,497,89,0,72,0,32
Commonwealth of the Northern Mariana Islands,2010,3.7986704653371324,973.4093067426401,19.943019943019944,8.547008547008549,10.446343779677113,6.647673314339981,3.7986704653371324,1.8993352326685662,97.95348837209302,NA,95.34883720930233,98.14634146341463,1.8536585365853657,NA,NA,NA,NA,NA,NA,NA,52.38095238095239,36.36363636363637,75,33.33333333333333,42.857142857142854,100,50,225,1025,NA,NA,NA,NA,NA,NA,4,2,1075,1053,NA,NA,NA,NA,NA,NA,NA,NA,NA,NA,1032,21,1006,19,NA,NA,NA,11,7,4,7,3,4,9,4,0,2,0,0
Connecticut,2010,1.7775454188994904,15.73650503202196,16.75597961050843,4.443863547248726,11.240360737158543,10.011763168213307,1.176316821330545,1.0456149522938178,99.26308414852487,NA,1.5620540231972806,0,100,NA,NA,NA,NA,NA,NA,NA,67.08268330733229,15.813953488372093,73.52941176470588,59.75039001560063,26.521060842433698,66.17647058823529,58.82352941176471,250,602,NA,NA,NA,NA,NA,NA,45,40,38539,38255,NA,NA,NA,NA,NA,NA,NA,NA,NA,NA,37614,641,0,602,NA,NA,NA,430,383,68,362,50,333,170,45,0,40,0,22
Delaware,2010,0.9527934170636639,931.8319618882633,62.97098310957125,11.953226504980512,47.98614118666089,39.411000433087914,NA,NA,98.7258423122969,NA,91.99589533093895,94.08812046848857,5.911879531511433,NA,NA,NA,NA,NA,NA,NA,76.20357634112793,1.9855595667870036,27.27272727272727,62.58596973865199,18.982118294360383,NA,NA,1254.5454545454545,10758,NA,NA,NA,NA,NA,NA,NA,NA,11694,11545,NA,NA,NA,NA,NA,NA,NA,NA,NA,NA,10818,727,10122,636,NA,NA,NA,554,455,11,543,3,452,138,NA,NA,NA,NA,NA
District of Columbia,2010,NA,NA,NA,NA,NA,NA,NA,NA,NA,NA,NA,NA,NA,NA,NA,NA,NA,NA,NA,NA,NA,NA,NA,NA,NA,NA,NA,NA,NA,NA,NA,NA,NA,NA,NA,NA,NA,NA,NA,NA,NA,NA,NA,NA,NA,NA,NA,NA,NA,NA,NA,NA,NA,NA,NA,NA,NA,NA,NA,NA,NA,NA,NA,NA,NA,NA,NA,NA
Florida,2010,0.8804648080151324,971.1913849904938,7.232389494410016,4.687749444871776,1.872197146713496,1.0981621506562367,0.5611753721415129,0.42088152910613474,96.08919589814153,NA,93.32099924693895,99.40374787052811,0.596252129471891,NA,NA,NA,NA,NA,NA,NA,25.88628762541806,47.02842377260982,48.35164835164835,15.183946488294314,64.81605351170569,63.73626373626373,47.8021978021978,532.4175824175824,200754,NA,NA,NA,NA,NA,NA,116,87,215122,206709,NA,NA,NA,NA,NA,NA,NA,NA,NA,NA,205214,1495,199557,1197,NA,NA,NA,387,227,182,205,88,139,969,116,0,87,0,48
Georgia,2010,1.6771999908516364,983.8683855425361,6.914638144101974,1.0978036303756165,5.1230836084195435,2.9579708929565225,1.4637381738341555,0.5641490878319141,99.35541046189272,NA,97.75264728605838,99.59629615280306,0.4037038471969316,NA,NA,NA,NA,NA,NA,NA,74.090407938258,32.73809523809524,46.81818181818182,42.77839029768467,15.87651598676957,87.27272727272727,33.63636363636363,65.45454545454545,129055,NA,NA,NA,NA,NA,NA,192,74,132022,131171,NA,NA,NA,NA,NA,NA,NA,NA,NA,NA,130264,907,128534,521,NA,NA,NA,672,388,220,452,103,285,144,96,96,41,33,16
Guam,2010,0.3450655624568668,921.3250517598344,23.119392684610077,9.316770186335404,0.3450655624568668,0,0.3450655624568668,0.3450655624568668,84.68731735827002,NA,78.02454704850965,97.79026217228464,2.209737827715356,NA,NA,NA,NA,NA,NA,NA,1.4925373134328357,100,0,0,40.298507462686565,100,100,2700,2670,NA,NA,NA,NA,NA,NA,1,1,3422,2898,NA,NA,NA,NA,NA,NA,NA,NA,NA,NA,2831,67,2611,59,NA,NA,NA,1,0,1,0,0,0,27,1,0,1,0,0
Hawaii,2010,3.2878779712175925,979.3564383118634,14.714601412170538,4.743168220772921,8.947340052821646,3.503476526707271,2.533283027003719,1.1857920551932302,97.95670538542767,NA,95.93453009503696,98.81122729774353,1.1887727022564667,NA,NA,NA,NA,NA,NA,NA,60.8058608058608,36.74698795180723,42.62295081967213,23.809523809523807,32.234432234432234,77.04918032786885,36.0655737704918,144.2622950819672,18170,NA,NA,NA,NA,NA,NA,47,22,18940,18553,NA,NA,NA,NA,NA,NA,NA,NA,NA,NA,18280,273,17954,216,NA,NA,NA,166,65,61,105,26,39,88,47,0,22,0,8
Idaho,2010,1.941568047337278,971.5236686390533,44.702292899408285,15.07026627218935,28.753698224852073,24.500739644970416,1.386834319526627,1.201923076923077,99.45289871730036,NA,96.62084501861983,95.61286638751427,4.387133612485726,NA,NA,NA,NA,NA,NA,NA,64.32264736297827,6.752411575562702,69.04761904761905,54.80868665977249,33.71251292657704,71.42857142857143,61.904761904761905,776.1904761904761,21016,NA,NA,NA,NA,NA,NA,30,26,21751,21632,NA,NA,NA,NA,NA,NA,NA,NA,NA,NA,20665,967,20094,922,NA,NA,NA,622,530,42,580,29,501,326,29,1,25,1,8
Illinois,2010,1.3373411907336006,970.1472950087177,11.448640473943719,6.461732669245527,4.524462720051994,3.1308782082127746,1.262350095926109,0.9186409113917723,99.32343941058538,NA,96.35836607514167,99.08401077028124,0.9159892297187617,NA,NA,NA,NA,NA,NA,NA,39.519650655021834,29.55801104972376,45.794392523364486,27.347161572052403,56.4410480349345,94.39252336448598,68.69158878504673,483.1775700934579,155242,NA,NA,NA,NA,NA,NA,202,147,161109,160019,NA,NA,NA,NA,NA,NA,NA,NA,NA,NA,158187,1832,153820,1422,NA,NA,NA,724,501,214,510,98,403,1034,202,0,147,0,11
Indiana,2010,1.6202752049527218,987.7632947208048,26.238785035428407,4.498077434644869,19.62467654953931,13.143575729728424,1.1245193586612172,0.5562138763270538,97.45813643809143,NA,96.2655699454389,97.48684049455257,2.513159505447423,NA,NA,NA,NA,NA,NA,NA,74.7926267281106,8.256315465187923,62.68656716417911,50.092165898617516,17.142857142857142,69.40298507462687,34.32835820895522,277.6119402985075,81690,NA,NA,NA,NA,NA,NA,93,46,84859,82702,NA,NA,NA,NA,NA,NA,NA,NA,NA,NA,80532,2170,79637,2053,NA,NA,NA,1623,1087,134,1489,84,1003,372,93,0,46,0,33
Iowa,2010,1.6548463356973995,986.0257420541109,16.968741791436827,9.324927764644077,5.778828473863935,3.5198318886262148,1.12949829261886,0.9718938796952981,98.62438796922359,NA,97.24618533198623,98.380307954606,1.6196920453940007,NA,NA,NA,NA,NA,NA,NA,34.05572755417957,28.636363636363637,68.25396825396825,20.743034055727556,54.95356037151703,68.25396825396825,58.730158730158735,563.4920634920635,37538,NA,NA,NA,NA,NA,NA,43,37,38601,38070,NA,NA,NA,NA,NA,NA,NA,NA,NA,NA,37424,646,36930,608,NA,NA,NA,220,134,63,157,43,91,355,43,0,37,0,20
Kansas,2010,1.7313694888802185,977.0776433866563,13.338860710105346,5.925673039406945,6.413382754584472,4.267460007803355,0.9998049161139291,0.8047210300429185,98.56744543793866,NA,96.30804730314392,98.89437955475692,1.1056204452430867,NA,NA,NA,NA,NA,NA,NA,48.08043875685558,26.996197718631176,53.52112676056338,31.992687385740403,44.424131627056674,57.74647887323944,46.478873239436616,342.2535211267606,40068,NA,NA,NA,NA,NA,NA,41,33,41604,41008,NA,NA,NA,NA,NA,NA,NA,NA,NA,NA,40461,547,39625,443,NA,NA,NA,263,175,71,192,38,137,243,41,0,33,0,14
Kentucky,2010,1.5113814394986638,940.2451386968943,43.49829508801032,8.681227536632568,34.44843793198783,29.564095475071422,0.7925536816883236,0.4423555432679016,99.30084009004887,NA,93.36713216318611,95.61876384451023,4.381236155489778,NA,NA,NA,NA,NA,NA,NA,79.19491525423729,4.387372926698769,56.09756097560976,67.96610169491527,19.957627118644066,52.4390243902439,29.268292682926827,574.390243902439,51013,NA,NA,NA,NA,NA,NA,43,24,54637,54255,NA,NA,NA,NA,NA,NA,NA,NA,NA,NA,51895,2360,48778,2235,NA,NA,NA,1869,1604,82,1787,46,1558,471,42,1,24,0,39
Louisiana,2010,0.9860779168686176,0,49.437601323684255,16.696471846639813,30.000167131850315,0,0.8189460665519027,0.6016746611401735,96.25488650439986,NA,0,NA,NA,NA,NA,NA,NA,NA,NA,NA,60.68289384719405,3.286908077994429,0,0,33.77281947261663,83.05084745762711,61.016949152542374,1693.2203389830509,0,NA,NA,NA,NA,NA,NA,49,36,62161,59833,NA,NA,NA,NA,NA,NA,NA,NA,NA,NA,56875,2958,0,0,NA,NA,NA,1795,0,59,1736,0,0,999,48,1,35,1,9
Maine,2010,1.3597824348104304,984.1625339945609,15.51751719724844,3.839385698288274,10.478323468245081,7.518796992481203,0.639897616381379,0.39993601023836184,97.58039338120513,NA,96.03496721823291,98.48016905071522,1.5198309492847855,NA,NA,NA,NA,NA,NA,NA,67.5257731958763,12.977099236641221,52.94117647058824,48.45360824742268,24.742268041237114,47.05882352941176,29.411764705882355,282.3529411764706,12304,NA,NA,NA,NA,NA,NA,8,5,12812,12502,NA,NA,NA,NA,NA,NA,NA,NA,NA,NA,12308,194,12117,187,NA,NA,NA,131,94,17,114,9,85,48,6,2,4,1,9
Marshall Islands,2010,NA,NA,NA,NA,NA,NA,NA,NA,NA,NA,NA,NA,NA,NA,NA,NA,NA,NA,NA,NA,NA,NA,NA,NA,NA,NA,NA,NA,NA,NA,NA,NA,NA,NA,NA,NA,NA,NA,NA,NA,NA,NA,NA,NA,NA,NA,NA,NA,NA,NA,NA,NA,NA,NA,NA,NA,NA,NA,NA,NA,NA,NA,NA,NA,NA,NA,NA,NA
Maryland,2010,0.8964781216648879,982.5827107790822,13.717538242618284,5.948061188189257,5.549626467449306,3.3155460690145855,0,0,99.01652741183267,NA,97.29192791624985,98.81247194102909,1.1875280589709056,NA,NA,NA,NA,NA,NA,NA,40.45643153526971,16.153846153846153,52.38095238095239,24.1701244813278,43.36099585062241,0,0,663.4920634920635,69051,NA,NA,NA,NA,NA,NA,0,0,70973,70275,NA,NA,NA,NA,NA,NA,NA,NA,NA,NA,69311,964,68231,820,NA,NA,NA,390,233,63,327,33,200,418,0,0,0,0,63
Massachusetts,2010,2.6273074912652343,987.0697955927261,16.699221436628243,0.48144378112190156,14.55335772648491,12.723871358221684,2.049574953918952,1.403064733555256,99.20578602620087,NA,97.92303493449782,98.39878480448174,1.6012151955182699,NA,NA,NA,NA,NA,NA,NA,87.1499176276771,18.052930056710775,73.82198952879581,76.19439868204283,2.883031301482702,78.01047120418848,53.403141361256544,18.32460732984293,71758,NA,NA,NA,NA,NA,NA,149,102,73280,72698,NA,NA,NA,NA,NA,NA,NA,NA,NA,NA,71484,1214,70609,1149,NA,NA,NA,1058,925,191,867,141,784,35,147,2,102,0,19
Michigan,2010,1.2884522467386053,966.4376084894687,13.698752706644477,7.45333834398096,5.413288953311501,3.0600740860041875,0.39369374205901825,0.1789517009359174,98.23589905861878,NA,94.93886735402438,98.92325781633352,1.0767421836664783,NA,NA,NA,NA,NA,NA,NA,39.5166557805356,23.801652892561982,58.333333333333336,22.33834095362508,54.40888308295232,30.555555555555557,13.88888888888889,578.4722222222223,108011,NA,NA,NA,NA,NA,NA,44,20,113769,111762,NA,NA,NA,NA,NA,NA,NA,NA,NA,NA,110231,1531,106848,1163,NA,NA,NA,605,342,144,461,84,258,833,44,0,20,0,97
Micronesia,2010,9.749303621169917,1000,284.1225626740947,5.571030640668524,11.142061281337048,2.785515320334262,9.749303621169917,9.749303621169917,98.49108367626886,NA,98.49108367626886,71.58774373259052,28.412256267409468,NA,NA,NA,NA,NA,NA,NA,3.9215686274509802,87.5,28.57142857142857,0.9803921568627451,1.9607843137254901,100,100,57.14285714285714,718,NA,NA,NA,NA,NA,NA,7,7,729,718,NA,NA,NA,NA,NA,NA,NA,NA,NA,NA,514,204,514,204,NA,NA,NA,8,2,7,1,2,0,4,7,0,7,0,0
Minnesota,2010,1.6858329821181288,973.9599012583539,11.891143356011801,6.231561201758083,4.93708230477452,3.416822204828707,0.827864410861581,0.5268228069119153,97.30363079807256,NA,94.76983464417007,98.83936574660773,1.1606342533922664,NA,NA,NA,NA,NA,NA,NA,41.51898734177215,34.146341463414636,68.75,28.73417721518987,52.40506329113924,49.107142857142854,31.25,369.64285714285717,64706,NA,NA,NA,NA,NA,NA,55,35,68277,66436,NA,NA,NA,NA,NA,NA,NA,NA,NA,NA,65646,790,63955,751,NA,NA,NA,328,227,112,216,77,150,414,55,0,35,0,36
Mississippi,2010,1.980499695307739,0,14.193581149705464,0.8125126955108674,11.67986999796872,7.94738980296567,1.4726792606134471,0.6601665651025798,98.49939975990397,NA,0,NA,NA,NA,NA,NA,NA,NA,NA,NA,82.28980322003578,16.956521739130434,48.717948717948715,55.99284436493739,5.724508050089446,74.35897435897436,33.33333333333333,41.02564102564102,0,NA,NA,NA,NA,NA,NA,58,26,39984,39384,NA,NA,NA,NA,NA,NA,NA,NA,NA,NA,38825,559,0,0,NA,NA,NA,460,313,78,382,38,275,32,58,0,26,0,6
Missouri,2010,1.3172800800906288,982.980741365229,16.689938614748268,7.429459651711147,8.852122138209026,6.507363595647707,1.0801696656743158,0.5400848328371579,98.1549242962982,NA,96.48440025342315,98.43611803489587,1.5638819651041247,NA,NA,NA,NA,NA,NA,NA,53.03867403314917,14.880952380952381,59,38.989739542225735,44.514601420678765,82,41,564,74622,NA,NA,NA,NA,NA,NA,82,41,77341,75914,NA,NA,NA,NA,NA,NA,NA,NA,NA,NA,74647,1267,73455,1167,NA,NA,NA,672,494,100,572,59,435,564,82,0,41,0,3
Montana,2010,2,984.3478260869565,18.08695652173913,15.565217391304348,2.434782608695652,0.8695652173913044,1.217391304347826,0.8695652173913044,95.31703273932864,NA,93.8251139660174,98.28621908127208,1.7137809187279152,NA,NA,NA,NA,NA,NA,NA,13.461538461538462,82.14285714285714,21.73913043478261,4.807692307692308,86.0576923076923,60.86956521739131,43.47826086956522,778.2608695652174,11320,NA,NA,NA,NA,NA,NA,14,10,12065,11500,NA,NA,NA,NA,NA,NA,NA,NA,NA,NA,11292,208,11126,194,NA,NA,NA,28,10,23,5,5,5,179,9,5,8,2,8
Nebraska,2010,1.6897730327585545,0,10.100234263988632,4.147624716770998,4.301240447021775,0,1.1521179768808325,0,99.20374885705577,NA,0,NA,NA,NA,NA,NA,NA,NA,NA,NA,42.585551330798474,39.285714285714285,0,0,41.06463878326996,68.18181818181817,0,245.45454545454547,0,NA,NA,NA,NA,NA,NA,30,0,26248,26039,NA,NA,NA,NA,NA,NA,NA,NA,NA,NA,25776,263,0,0,NA,NA,NA,112,0,44,68,0,0,108,30,0,0,0,14
Nevada,2010,0.7264274298997531,0,24.20456196425977,19.991282870841204,4.067993607438616,2.32456777567921,0.4067993607438617,0.3196280691558913,99.62367925893761,NA,0,NA,NA,NA,NA,NA,NA,NA,NA,NA,16.80672268907563,17.857142857142858,44,9.603841536614647,82.59303721488595,56.00000000000001,44,2752,0,NA,NA,NA,NA,NA,NA,14,11,34545,34415,NA,NA,NA,NA,NA,NA,NA,NA,NA,NA,33582,833,0,0,NA,NA,NA,140,80,25,115,11,69,688,14,0,11,0,7
New Hampshire,2010,NA,NA,NA,NA,NA,NA,NA,NA,NA,NA,NA,NA,NA,NA,NA,NA,NA,NA,NA,NA,NA,NA,NA,NA,NA,NA,NA,NA,NA,NA,NA,NA,NA,NA,NA,NA,NA,NA,NA,NA,NA,NA,NA,NA,NA,NA,NA,NA,NA,NA,NA,NA,NA,NA,NA,NA,NA,NA,NA,NA,NA,NA,NA,NA,NA,NA,NA,NA
New Jersey,2010,0.9137569017808539,975.3674469243332,9.69165564973948,4.393809783031339,4.092464421805739,2.8287580682790265,0.5832490862430982,0.32078699743370404,99.14704550054454,NA,96.70480063995683,99.28541529629851,0.714584703701489,NA,NA,NA,NA,NA,NA,NA,42.226680040120364,22.327790973871732,53.191489361702125,29.187562688064194,45.336008024072214,63.829787234042556,35.1063829787234,480.8510638297872,100338,NA,NA,NA,NA,NA,NA,60,33,103757,102872,NA,NA,NA,NA,NA,NA,NA,NA,NA,NA,101875,997,99621,717,NA,NA,NA,421,291,94,327,50,241,452,60,0,33,0,24
New Mexico,2010,2.816306414137858,988.2419207209743,60.6209955643174,4.154051960853341,50.83433077518834,47.45476307822291,1.830599169189608,0.9857072449482505,52.55115255115255,NA,51.93325193325193,93.97264177828441,6.0273582217155885,NA,NA,NA,NA,NA,NA,NA,83.85598141695702,5.540166204986149,80,78.28106852497096,6.852497096399536,65,35,147.5,14036,NA,NA,NA,NA,NA,NA,26,14,27027,14203,NA,NA,NA,NA,NA,NA,NA,NA,NA,NA,13342,861,13190,846,NA,NA,NA,722,674,40,682,32,642,59,20,6,11,3,0
New York,2010,NA,967.1456531557905,9.5643955235116,NA,NA,NA,NA,NA,99.43734951282703,NA,96.17040034266371,99.40672835769264,0.5932716423073597,NA,NA,NA,NA,NA,NA,NA,NA,NA,NA,NA,NA,NA,NA,NA,231260,NA,NA,NA,NA,NA,NA,NA,NA,240469,239116,NA,NA,NA,NA,NA,NA,NA,NA,NA,NA,236829,2287,229888,1372,NA,NA,NA,NA,NA,NA,NA,NA,NA,NA,NA,NA,NA,NA,NA
North Carolina,2010,1.6497068095323653,975.7362429152442,7.88102510494422,2.768567368472633,3.3402479460333536,1.8620453097692042,1.3066984629959328,0.8983551933097038,99.49458835765593,NA,97.080475834498,99.28939108600126,0.7106089139987445,NA,NA,NA,NA,NA,NA,NA,42.38341968911917,49.38875305623472,52.475247524752476,23.626943005181346,35.129533678756474,79.20792079207921,54.45544554455446,167.8217821782178,119475,NA,NA,NA,NA,NA,NA,160,110,123068,122446,NA,NA,NA,NA,NA,NA,NA,NA,NA,NA,121481,965,118626,849,NA,NA,NA,409,228,202,207,106,122,339,130,30,89,21,24
North Dakota,2010,2.0497803806734995,981.8448023426062,29.96583699365544,23.5236700829673,4.685212298682284,3.0258662762323087,0.4880429477794046,0.29282576866764276,98.77554955649826,NA,96.98225993058233,97.07724425887265,2.9227557411273484,NA,NA,NA,NA,NA,NA,NA,15.63517915309446,43.75,61.904761904761905,10.097719869706841,78.50162866449512,23.809523809523807,14.285714285714285,1147.6190476190477,10059,NA,NA,NA,NA,NA,NA,5,3,10372,10245,NA,NA,NA,NA,NA,NA,NA,NA,NA,NA,9938,307,9765,294,NA,NA,NA,48,31,21,27,13,18,241,5,0,3,0,15
Ohio,2010,1.3414848698099928,985.3682852451325,33.88165611072015,13.106966924700915,19.675111423879894,16.735573539760733,0.886992728125733,0.3885174759558996,97.55078982558764,NA,96.1234544947476,96.69617616426127,3.3038238357387293,NA,NA,NA,NA,NA,NA,NA,58.070099524015575,6.8181818181818175,56.284153005464475,49.394201644309824,38.6845521419299,66.12021857923497,28.96174863387978,977.0491803278687,134420,NA,NA,NA,NA,NA,NA,121,53,139841,136416,NA,NA,NA,NA,NA,NA,NA,NA,NA,NA,131794,4622,129979,4441,NA,NA,NA,2684,2283,183,2501,103,2180,1788,121,0,53,0,39
Oklahoma,2010,1.628822400186151,1000,51.734501948769655,11.266021601287544,33.79806480386264,32.169242403676485,1.0858816001241007,0.7950204572337166,99.07021419652291,NA,99.07021419652291,94.82654980512304,5.173450194876965,NA,NA,NA,NA,NA,NA,NA,65.32983508245877,4.819277108433735,0,62.18140929535232,21.776611694152923,66.66666666666666,48.80952380952381,691.6666666666667,51571,NA,NA,NA,NA,NA,NA,56,41,52055,51571,NA,NA,NA,NA,NA,NA,NA,NA,NA,NA,48903,2668,48903,2668,NA,NA,NA,1743,1659,84,1659,0,1659,581,55,1,40,1,8
Oregon,2010,1.6432353478181487,974.4613839693262,23.096585722110646,15.702026656928977,7.280445499360964,5.340514880408983,1.004199379222202,0.5933905422676647,95.69737474337133,NA,93.25339623465688,97.82654519052862,2.1734548094713912,NA,NA,NA,NA,NA,NA,NA,31.521739130434785,22.570532915360502,50,23.122529644268774,67.98418972332016,61.111111111111114,36.11111111111111,955.5555555555555,42697,NA,NA,NA,NA,NA,NA,44,26,45786,43816,NA,NA,NA,NA,NA,NA,NA,NA,NA,NA,42804,1012,41769,928,NA,NA,NA,319,234,72,247,36,198,688,44,0,26,0,19
Palau,2010,0,755.1020408163265,28.57142857142857,0,0,0,0,0,99.19028340080972,NA,74.89878542510121,100,0,NA,NA,NA,NA,NA,NA,NA,0,NA,NA,0,0,NA,NA,NA,185,NA,NA,NA,NA,NA,NA,0,0,247,245,NA,NA,NA,NA,NA,NA,NA,NA,NA,NA,238,7,185,0,NA,NA,NA,0,0,0,0,0,0,0,0,0,0,0,0
Pennsylvania,2010,1.2857132421158748,967.5211302588228,14.106319718896332,1.0081160648408565,11.198854546384297,9.540576671609845,0.978895309338223,0.8474019095763722,95.95539012610492,NA,92.83886750923531,98.75040583496296,1.2495941650370348,NA,NA,NA,NA,NA,NA,NA,79.38891765924392,11.480756686236138,55.11363636363637,67.63335059554635,7.146556188503367,76.13636363636364,65.9090909090909,78.4090909090909,132443,NA,NA,NA,NA,NA,NA,134,116,142659,136889,NA,NA,NA,NA,NA,NA,NA,NA,NA,NA,134958,1931,130788,1655,NA,NA,NA,1533,1306,176,1357,97,1209,138,134,0,116,0,42
Puerto Rico,2010,NA,NA,NA,NA,NA,NA,NA,NA,NA,NA,NA,NA,NA,NA,NA,NA,NA,NA,NA,NA,NA,NA,NA,NA,NA,NA,NA,NA,NA,NA,NA,NA,NA,NA,NA,NA,NA,NA,NA,NA,NA,NA,NA,NA,NA,NA,NA,NA,NA,NA,NA,NA,NA,NA,NA,NA,NA,NA,NA,NA,NA,NA,NA,NA,NA,NA,NA,NA
Rhode Island,2010,1.4501407489550457,985.6691973044442,7.933122920754073,1.4501407489550457,5.374051010833405,4.1798174528704255,1.2795359549603345,0.9383263669709119,98.98674322384531,NA,97.56818373722874,99.38554738208568,0.6144526179143228,NA,NA,NA,NA,NA,NA,NA,67.74193548387096,26.984126984126984,82.35294117647058,52.68817204301075,18.27956989247312,88.23529411764706,64.70588235294117,100,11555,NA,NA,NA,NA,NA,NA,15,11,11843,11723,NA,NA,NA,NA,NA,NA,NA,NA,NA,NA,11630,93,11484,71,NA,NA,NA,63,49,17,46,14,35,17,15,0,11,0,0
South Carolina,2010,1.0618084274058344,991.6731865429754,30.140456763905966,7.451287209865504,20.397898737006816,17.566409597257927,0.5774747587645765,0.2980514883946202,96.55209626072411,NA,95.74812496627636,97.19733258194798,2.8026674180520335,NA,NA,NA,NA,NA,NA,NA,67.67614338689741,5.205479452054795,57.89473684210527,58.281829419035844,24.721878862793574,54.385964912280706,28.07017543859649,701.7543859649122,53235,NA,NA,NA,NA,NA,NA,31,16,55599,53682,NA,NA,NA,NA,NA,NA,NA,NA,NA,NA,52064,1618,51743,1492,NA,NA,NA,1095,943,57,1038,33,910,400,31,0,16,0,17
South Dakota,2010,0.5764638063081611,982.3766779214362,21.98797661203986,18.61154574652063,0.9882236679568475,0.5764638063081611,0,0,98.06977871103214,NA,96.34146341463415,97.90426691256602,2.095733087433984,NA,NA,NA,NA,NA,NA,NA,4.49438202247191,58.333333333333336,57.14285714285714,2.6217228464419478,84.6441947565543,0,0,3228.5714285714284,11929,NA,NA,NA,NA,NA,NA,0,0,12382,12143,NA,NA,NA,NA,NA,NA,NA,NA,NA,NA,11876,267,11679,250,NA,NA,NA,12,7,7,5,4,3,226,0,0,0,0,7
Tennessee,2010,0.7557565488742884,984.4216633957849,43.11469215110255,9.739507783073492,31.229810938966565,24.074502968172897,0.3291197874129966,0.2559820568767751,97.04730696887606,NA,95.53547135438232,95.7948959249124,4.205104075087606,NA,NA,NA,NA,NA,NA,NA,72.4342663273961,2.419984387197502,24.193548387096776,55.83828102912073,22.58976533785694,43.54838709677419,33.87096774193548,1288.7096774193549,80759,NA,NA,NA,NA,NA,NA,27,21,84533,82037,NA,NA,NA,NA,NA,NA,NA,NA,NA,NA,78500,3537,77363,3396,NA,NA,NA,2562,1975,62,2500,15,1960,799,25,2,21,0,34
Texas,2010,0.8545109181627222,981.8806647724567,14.574305412255221,11.627168685217224,2.1561188801938656,1.3174812298607916,0.16931485684957961,0.08994851770133917,98.60258614168217,NA,96.8159728290783,98.64850664834499,1.3514933516550136,NA,NA,NA,NA,NA,NA,NA,14.793973497912507,39.6319018404908,52.94117647058824,9.039753131239788,79.77854420039935,19.814241486068113,10.526315789473683,1360.6811145510835,371145,NA,NA,NA,NA,NA,NA,64,34,383351,377994,NA,NA,NA,NA,NA,NA,NA,NA,NA,NA,372485,5509,366129,5016,NA,NA,NA,815,498,323,492,171,327,4395,61,3,34,0,225
Utah,2010,1.2351778656126482,976.5316205533597,12.04773487382183,8.076162967467315,3.0404378230465183,1.691243539069626,0.9881422924901185,0.5510793554271814,98.6928227152529,NA,96.37666210311134,98.96281305337719,1.037186946622818,NA,NA,NA,NA,NA,NA,NA,25.236593059936908,40.625,55.38461538461539,14.037854889589903,67.03470031545741,80,44.61538461538462,653.8461538461538,51389,NA,NA,NA,NA,NA,NA,52,29,53321,52624,NA,NA,NA,NA,NA,NA,NA,NA,NA,NA,51990,634,50856,533,NA,NA,NA,160,89,65,95,36,53,425,52,0,29,0,7
Vermont,2010,0.8833922261484098,973.851590106007,14.31095406360424,4.593639575971731,4.063604240282685,3.7102473498233217,0.7067137809187278,0.3533568904593639,97.99168975069253,NA,95.42936288088643,98.9477503628447,1.0522496371552976,NA,NA,NA,NA,NA,NA,NA,28.39506172839506,21.73913043478261,60,25.925925925925924,32.098765432098766,80,40,520,5512,NA,NA,NA,NA,NA,NA,4,2,5776,5660,NA,NA,NA,NA,NA,NA,NA,NA,NA,NA,5579,81,5454,58,NA,NA,NA,23,21,5,18,3,18,26,4,0,2,0,0
Virgin Islands,2010,NA,NA,NA,NA,NA,NA,NA,NA,NA,NA,NA,NA,NA,NA,NA,NA,NA,NA,NA,NA,NA,NA,NA,NA,NA,NA,NA,NA,NA,NA,NA,NA,NA,NA,NA,NA,NA,NA,NA,NA,NA,NA,NA,NA,NA,NA,NA,NA,NA,NA,NA,NA,NA,NA,NA,NA,NA,NA,NA,NA,NA,NA,NA,NA,NA,NA,NA,NA
Virginia,2010,1.4790549930514196,970.8953742306928,11.157434981139568,6.5316656740123085,3.504069882866786,1.717292038912051,0.7643438554695255,0.4367679174111574,99.54348728286003,NA,96.6463113377206,99.2383036152462,0.7616963847538034,NA,NA,NA,NA,NA,NA,NA,31.405693950177938,42.20963172804532,22.14765100671141,15.391459074733097,58.54092526690391,51.67785234899329,29.53020134228188,441.61073825503354,97808,NA,NA,NA,NA,NA,NA,77,44,101202,100740,NA,NA,NA,NA,NA,NA,NA,NA,NA,NA,99616,1124,97063,745,NA,NA,NA,353,173,149,204,33,140,658,48,29,30,14,59
Washington,2010,1.4138833422217811,939.3518461099604,14.014808567636955,8.880179587989433,4.365674881246202,2.8897791117339913,0,0,93.20194197202636,NA,87.54941625245635,98.73512985384016,1.2648701461598384,NA,NA,NA,NA,NA,NA,NA,31.150442477876105,32.38636363636363,70.17543859649122,20.61946902654867,63.36283185840708,0,0,628.0701754385965,75739,NA,NA,NA,NA,NA,NA,0,0,86510,80629,NA,NA,NA,NA,NA,NA,NA,NA,NA,NA,79499,1130,74781,958,NA,NA,NA,352,233,114,238,80,153,716,0,0,0,0,114
West Virginia,2010,0.2445226917057903,924.83372456964,28.511345852895147,13.644366197183098,0.2445226917057903,0.19561815336463223,0.1467136150234742,0.04890453834115806,99.02179176755448,NA,91.57869249394673,99.9788482893554,0.021151710644598382,NA,NA,NA,NA,NA,NA,NA,0.8576329331046313,100,80,0.6861063464837049,47.85591766723842,60,20,5580,18911,NA,NA,NA,NA,NA,NA,3,1,20650,20448,NA,NA,NA,NA,NA,NA,NA,NA,NA,NA,19865,583,18907,4,NA,NA,NA,5,4,5,0,4,0,279,3,0,1,0,2
Wisconsin,2010,1.3777441332323996,982.2558667676003,11.33989401968206,2.800908402725208,7.4337623012869045,5.495836487509463,0.8024224072672218,0.6207418622255867,98.15139536957233,NA,96.40978393318869,98.9934954838312,1.006504516168809,NA,NA,NA,NA,NA,NA,NA,65.55407209612817,18.533604887983707,52.74725274725275,48.46461949265687,24.699599465954606,58.24175824175825,45.05494505494506,203.2967032967033,64878,NA,NA,NA,NA,NA,NA,53,41,67294,66050,NA,NA,NA,NA,NA,NA,NA,NA,NA,NA,65301,749,64225,653,NA,NA,NA,491,363,91,400,48,315,185,53,0,41,0,22
Wyoming,2010,2.809404110601804,986.692296318202,5.323081472719208,0.7393168712110011,3.992311104539406,2.9572674848440044,2.365813987875203,1.9222238651486028,97.71709290564947,NA,96.41670278861436,99.5054698036865,0.49453019631350215,NA,NA,NA,NA,NA,NA,NA,75,70.37037037037037,78.94736842105263,55.55555555555556,13.88888888888889,84.21052631578947,68.42105263157895,26.31578947368421,6673,NA,NA,NA,NA,NA,NA,16,13,6921,6763,NA,NA,NA,NA,NA,NA,NA,NA,NA,NA,6727,36,6640,33,NA,NA,NA,27,20,19,8,15,5,5,16,0,13,0,0
US,2010,1.3001642855228794,928.885187712185,16.757329463588185,6.048366317551341,8.08286833865492,5.801525773450883,0.8631689172615231,0.5542317435909063,97.86430995041536,NA,90.90470791861503,98.53089334732852,1.4691066526714762,NA,NA,NA,NA,NA,NA,NA,48.23482378990098,16.085431941345234,55.43004359889021,34.620825389015316,36.093855710683314,66.3892191835117,42.62782401902497,465.20015854141894,3605048,NA,NA,NA,NA,NA,NA,3350,2151,3965744,3881048,NA,NA,NA,NA,NA,NA,NA,NA,NA,NA,3816012,65036,3552086,52962,NA,NA,NA,31370,22516,5046,26324,2797,19719,23474,3108,242,2074,77,1263
State/Territory average,2010,1.6548183119325102,880.2174843420395,29.363237590878075,10.717146366119234,10.84435091511712,7.918821243910802,1.162189495639565,0.7968507360656029,96.91920565117012,NA,85.15610836615409,95.32758953980971,4.67241046019029,NA,NA,NA,NA,NA,NA,NA,45.30327653876528,31.91983753144589,51.44458446906232,31.743709717336724,40.93039637025481,63.09515441469946,40.517283102717606,937.5393291850205,66760.14814814815,NA,NA,NA,NA,NA,NA,65.68627450980392,42.1764705882353,73439.70370370371,71871.25925925926,NA,NA,NA,NA,NA,NA,NA,NA,NA,NA,70666.88888888889,1204.3703703703704,65779.37037037036,980.7777777777778,NA,NA,NA,603.2692307692307,433,97.03846153846153,506.2307692307692,53.78846153846154,379.21153846153845,451.4230769230769,60.94117647058823,4.745098039215686,40.666666666666664,1.5098039215686274,24.764705882352942
State/Territory median,2010,1.4952182162750418,976.804631970008,16.694580025688253,6.980562662861727,5.393669982072453,3.22321213861368,0.9881422924901185,0.5562138763270538,98.31147960876456,NA,95.98474865663493,98.5413136885164,1.458686311483612,NA,NA,NA,NA,NA,NA,NA,42.48448550995882,26.996197718631176,53.52112676056338,26.636543748989162,39.491529802308236,66.14834458373514,40.5,532.4175824175824,46855,NA,NA,NA,NA,NA,NA,43,26,52688,52097.5,NA,NA,NA,NA,NA,NA,NA,NA,NA,NA,50399,865.5,45273.5,679.5,NA,NA,NA,370,227.5,64,227,33,145,332.5,43,0,25,0,14
State/Territory SD,2010,1.3454312021289416,285.0952694528589,42.697001905136815,21.09374940441993,12.061797194145369,10.800746914176752,1.4085764815574917,1.355709657656179,6.566538737244537,NA,28.299762957876943,14.445708340847014,14.445708340847014,NA,NA,NA,NA,NA,NA,NA,26.40428356222005,24.86606376704357,23.398493782128092,23.918449022572364,25.31170714229129,23.951389182707974,22.6249043912295,1503.3944194272715,91376.57590689314,NA,NA,NA,NA,NA,NA,117.58120431362802,85.39173399863782,91811.84228825485,90756.15620060645,NA,NA,NA,NA,NA,NA,NA,NA,NA,NA,89966.58120084676,1184.184223561493,90686.48899436116,1113.4723805009107,NA,NA,NA,700.779625100687,572.8191720967172,137.1609847828687,650.1551734954711,90.15397211317317,548.8554699764564,655.7987300681318,115.7869443011095,16.651538231953108,85.04508608183465,5.70393740856124,37.06296708861508
Alabama,2011,NA,1000,53.270108258029886,NA,NA,NA,0.3041961170260356,0.1610450031314306,96.53319975126097,NA,96.53319975126097,94.67298917419701,5.327010825802988,NA,NA,NA,NA,NA,NA,NA,NA,NA,NA,NA,NA,NA,NA,NA,55885,NA,NA,NA,NA,NA,NA,17,9,57892,55885,NA,NA,NA,NA,NA,NA,NA,NA,NA,NA,52908,2977,52908,2977,NA,NA,NA,NA,NA,NA,NA,NA,NA,NA,17,0,9,0,59
Alaska,2011,1.6423357664233578,964.5985401459855,13.686131386861314,6.1131386861313866,4.744525547445255,2.737226277372263,1.0036496350364963,0.7299270072992701,96.69166299073666,NA,93.26863696515218,98.74195989405979,1.2580401059402195,NA,NA,NA,NA,NA,NA,NA,34.66666666666667,34.61538461538461,83.33333333333334,20,44.666666666666664,61.111111111111114,44.44444444444444,372.22222222222223,10572,NA,NA,NA,NA,NA,NA,11,8,11335,10960,NA,NA,NA,NA,NA,NA,NA,NA,NA,NA,10810,150,10439,133,NA,NA,NA,52,30,18,34,15,15,67,11,0,8,0,5
American Samoa,2011,0.8445945945945946,799.831081081081,104.72972972972973,88.68243243243244,7.601351351351352,1.6891891891891893,0.8445945945945946,0.8445945945945946,94.49321628092578,NA,75.57861133280129,89.22914466737065,10.770855332629356,NA,NA,NA,NA,NA,NA,NA,7.258064516129033,11.11111111111111,100,1.6129032258064515,84.67741935483872,100,100,10500,947,NA,NA,NA,NA,NA,NA,1,1,1253,1184,NA,NA,NA,NA,NA,NA,NA,NA,NA,NA,1060,124,845,102,NA,NA,NA,9,2,1,8,1,1,105,1,0,1,0,0
Arizona,2011,1.7720651647429915,982.1021418360958,8.954835965834583,4.229328859853273,3.804033220314955,1.9374579134523373,0.7324536014271031,0.5079920138929909,97.66811279826464,NA,95.9200627682651,99.25780686137709,0.742193138622913,NA,NA,NA,NA,NA,NA,NA,42.480211081794195,46.58385093167702,56.00000000000001,21.63588390501319,47.229551451187334,41.333333333333336,28.666666666666668,238.66666666666669,83132,NA,NA,NA,NA,NA,NA,62,43,86668,84647,NA,NA,NA,NA,NA,NA,NA,NA,NA,NA,83889,758,82515,617,NA,NA,NA,322,164,150,172,84,80,358,61,1,43,0,6
Arkansas,2011,1.05622359441014,963.4654966959159,17.68497454230311,11.185137038240711,1.977033907485646,0.9749756256093598,0.4604051565377532,0.29790921893619327,97.5303098338572,NA,93.9670884069838,98.34715390021083,1.6528460997891778,NA,NA,NA,NA,NA,NA,NA,11.179173047473201,53.42465753424658,28.205128205128204,5.51301684532925,63.24655436447168,43.58974358974359,28.205128205128204,1058.974358974359,35575,NA,NA,NA,NA,NA,NA,17,11,37859,36924,NA,NA,NA,NA,NA,NA,NA,NA,NA,NA,36271,653,34987,588,NA,NA,NA,73,36,39,34,11,25,413,13,4,9,2,17
California,2011,1.8158294014059475,993.3703946686924,5.593729498290805,0.4691908184840871,4.484733018237508,2.536880226349025,1.572093911284344,1.1739926107523913,97.87700590040873,NA,97.22811998027896,99.56816262602925,0.4318373739707569,NA,NA,NA,NA,NA,NA,NA,80.17429193899783,40.48913043478261,68.5682326621924,45.3522149600581,8.387799564270153,86.57718120805369,64.65324384787472,25.838926174496645,489073,NA,NA,NA,NA,NA,NA,774,578,503016,492337,NA,NA,NA,NA,NA,NA,NA,NA,NA,NA,489583,2754,486961,2112,NA,NA,NA,2208,1249,894,1314,613,636,231,774,0,578,0,17
Colorado,2011,1.7481971716667188,982.14341460369,11.550588455655106,7.476664689538913,2.5598601442262665,1.5921081384821902,1.2018855555208692,0.8897074891518122,97.78978538938242,NA,96.04359373569008,98.88751152220209,1.1124884777979085,NA,NA,NA,NA,NA,NA,NA,22.162162162162165,68.29268292682927,63.39285714285714,13.783783783783784,64.72972972972974,68.75,50.89285714285714,427.67857142857144,62922,NA,NA,NA,NA,NA,NA,77,57,65514,64066,NA,NA,NA,NA,NA,NA,NA,NA,NA,NA,63326,740,62222,700,NA,NA,NA,164,102,112,52,71,31,479,61,16,48,9,35
Commonwealth of the Northern Mariana Islands,2011,0.9871668311944718,975.3208292201382,19.743336623889437,12.833168805528134,6.910167818361304,3.948667324777887,0.9871668311944718,0.9871668311944718,98.44509232264335,NA,96.01554907677357,98.07692307692307,1.9230769230769231,NA,NA,NA,NA,NA,NA,NA,35,14.285714285714285,0,20,65,100,100,1300,988,NA,NA,NA,NA,NA,NA,1,1,1029,1013,NA,NA,NA,NA,NA,NA,NA,NA,NA,NA,993,20,969,19,NA,NA,NA,7,4,1,6,0,4,13,1,0,1,0,0
Connecticut,2011,2.0220294790613527,987.0962592454638,18.4377161709147,5.746820624700686,11.866120363965306,10.855105624434628,1.5963390624168572,1.277071249933486,99.37076988155668,NA,98.0885152284264,98.19681410204578,1.803185897954233,NA,NA,NA,NA,NA,NA,NA,64.35786435786436,17.040358744394617,76.31578947368422,58.87445887445888,31.16883116883117,78.94736842105263,63.1578947368421,284.2105263157895,37101,NA,NA,NA,NA,NA,NA,60,48,37824,37586,NA,NA,NA,NA,NA,NA,NA,NA,NA,NA,36893,693,36432,669,NA,NA,NA,446,408,76,370,58,350,216,60,0,48,0,10
Delaware,2011,0.8638562543192814,984.7961299239807,83.44851416724256,14.340013821700069,67.72633033863166,55.02764340013822,0.5183137525915688,0.2591568762957844,98.83879781420765,NA,97.3360655737705,91.86842105263158,8.131578947368421,NA,NA,NA,NA,NA,NA,NA,81.15942028985508,1.2755102040816326,40,65.94202898550725,17.184265010351968,60,30,1660.0000000000002,11400,NA,NA,NA,NA,NA,NA,6,3,11712,11576,NA,NA,NA,NA,NA,NA,NA,NA,NA,NA,10610,966,10473,927,NA,NA,NA,784,637,10,774,4,633,166,6,0,3,0,0
District of Columbia,2011,NA,0,34.720025308446694,NA,NA,NA,NA,NA,94.44983939642937,NA,0,NA,NA,NA,NA,NA,NA,NA,NA,NA,NA,NA,NA,NA,NA,NA,NA,NA,0,NA,NA,NA,NA,NA,NA,NA,NA,13387,12644,NA,NA,NA,NA,NA,NA,NA,NA,NA,NA,12205,439,0,0,NA,NA,NA,NA,NA,NA,NA,NA,NA,NA,NA,NA,NA,NA,NA
Florida,2011,0.8226926877710871,975.2705393261709,7.243590055641286,4.089123418507178,2.7309502830744363,1.7962935017013673,0.5549524639402599,0.3943083296417636,96.82365362317475,NA,94.429256888604,99.38904778305206,0.6109522169479343,NA,NA,NA,NA,NA,NA,NA,37.70161290322581,30.124777183600713,56.80473372781065,24.798387096774192,56.451612903225815,67.45562130177515,47.928994082840234,497.0414201183432,200343,NA,NA,NA,NA,NA,NA,114,81,212162,205423,NA,NA,NA,NA,NA,NA,NA,NA,NA,NA,203935,1488,199119,1224,NA,NA,NA,561,369,169,392,96,273,840,114,0,81,0,34
Georgia,2011,NA,NA,NA,NA,NA,NA,NA,NA,NA,NA,NA,NA,NA,NA,NA,NA,NA,NA,NA,NA,NA,NA,NA,NA,NA,NA,NA,NA,NA,NA,NA,NA,NA,NA,NA,NA,NA,NA,NA,NA,NA,NA,NA,NA,NA,NA,NA,NA,NA,NA,NA,NA,NA,NA,NA,NA,NA,NA,NA,NA,NA,NA,NA,NA,NA,NA,NA,NA
Guam,2011,0,936.2989323843416,11.743772241992882,4.6263345195729535,1.0676156583629894,0.35587188612099646,0,0,99.2231638418079,NA,92.90254237288136,99.2018244013683,0.798175598631699,NA,NA,NA,NA,NA,NA,NA,9.090909090909092,0,NA,3.0303030303030303,39.39393939393939,NA,NA,Inf,2631,NA,NA,NA,NA,NA,NA,0,0,2832,2810,NA,NA,NA,NA,NA,NA,NA,NA,NA,NA,2777,33,2610,21,NA,NA,NA,3,1,0,3,0,1,13,0,0,0,0,0
Hawaii,2011,2.7908973808501503,985.4014598540147,10.680549592099613,2.6298840704164874,6.333190210390725,3.3812795191069127,2.2541863460712754,1.4491197939029627,98.47780126849895,NA,97.04016913319239,99.08496732026144,0.9150326797385622,NA,NA,NA,NA,NA,NA,NA,59.2964824120603,44.06779661016949,42.30769230769231,31.65829145728643,24.623115577889447,80.76923076923077,51.92307692307693,94.23076923076923,18360,NA,NA,NA,NA,NA,NA,42,27,18920,18632,NA,NA,NA,NA,NA,NA,NA,NA,NA,NA,18433,199,18192,168,NA,NA,NA,118,63,52,66,22,41,49,42,0,27,0,6
Idaho,2011,2.5842313130820616,986.7862889463163,47.9301769954654,14.383929006777512,32.61982544248866,28.962894339070655,2.3891949875664342,2.0478814179140867,99.34605696570432,NA,98.0333268746367,95.30091906314854,4.699080936851468,NA,NA,NA,NA,NA,NA,NA,68.05696846388607,7.922272047832586,69.81132075471697,60.42726347914547,30.010172939979658,92.45283018867924,79.24528301886792,556.6037735849056,20238,NA,NA,NA,NA,NA,NA,49,42,20644,20509,NA,NA,NA,NA,NA,NA,NA,NA,NA,NA,19526,983,19287,951,NA,NA,NA,669,594,53,616,37,557,295,49,0,42,0,0
Illinois,2011,1.189440834910728,970.2831636568271,17.355604440579118,11.101447792500128,5.8257021537831895,4.367677904537781,0.8888832045838236,0.7162224382258147,99.3904725585534,NA,96.43690215146026,98.57706832576501,1.4229316742349847,NA,NA,NA,NA,NA,NA,NA,33.56669123065586,20.417124039517017,56.98924731182796,25.165806927044954,63.96462785556374,74.73118279569893,60.215053763440864,933.3333333333334,151729,NA,NA,NA,NA,NA,NA,139,112,157335,156376,NA,NA,NA,NA,NA,NA,NA,NA,NA,NA,153662,2714,149570,2159,NA,NA,NA,911,683,186,725,106,577,1736,139,0,112,0,46
Indiana,2011,1.94295012689893,881.4800422591652,30.38288260938202,2.9994292584002236,24.566175666978346,18.21515743967747,1.1536266378462399,0.40073346367290436,97.23580115716142,NA,85.71141811311843,96.70197963878825,3.2980203612117536,NA,NA,NA,NA,NA,NA,NA,80.85531574740207,7.909045971329709,58.75,59.95203836930456,9.872102318145485,59.375,20.625,154.375,72589,NA,NA,NA,NA,NA,NA,95,33,84690,82349,NA,NA,NA,NA,NA,NA,NA,NA,NA,NA,79847,2502,70195,2394,NA,NA,NA,2023,1500,160,1863,94,1406,247,95,0,33,0,48
Iowa,2011,1.1472173309855398,986.2333920281735,15.047222666880103,5.549330345232378,5.576009818045995,3.681767248279174,0.9337815484766021,0.42687156501787527,98.51240538267452,NA,97.15622371740959,98.59600714169777,1.4039928583022236,NA,NA,NA,NA,NA,NA,NA,37.05673758865248,20.574162679425836,74.4186046511628,24.46808510638298,36.87943262411347,81.3953488372093,37.2093023255814,483.7209302325581,36966,NA,NA,NA,NA,NA,NA,35,16,38048,37482,NA,NA,NA,NA,NA,NA,NA,NA,NA,NA,36918,564,36447,519,NA,NA,NA,209,138,43,166,32,106,208,35,0,16,0,6
Kansas,2011,1.603688483512078,974.0152350405934,9.020747719755436,1.9544953392803448,5.237045203969129,3.031973539140022,1.2278239951889345,1.027362934749925,98.65519628201325,NA,96.09166419460101,99.33883872295542,0.6611612770445834,NA,NA,NA,NA,NA,NA,NA,58.05555555555556,30.62200956937799,50,33.611111111111114,21.666666666666668,76.5625,64.0625,121.875,38871,NA,NA,NA,NA,NA,NA,49,41,40452,39908,NA,NA,NA,NA,NA,NA,NA,NA,NA,NA,39548,360,38614,257,NA,NA,NA,209,121,64,145,32,89,78,49,0,41,0,6
Kentucky,2011,1.3903502179467908,967.5898091086727,47.948294002705545,7.5529836164136475,39.77528934315346,34.852698030963474,0.676386592514655,0.3194047797985871,99.71709601873536,NA,96.48524590163935,95.37466746927124,4.625332530728752,NA,NA,NA,NA,NA,NA,NA,82.95454545454545,3.4955125177137463,50,72.68808777429467,15.752351097178682,48.64864864864865,22.972972972972975,543.2432432432432,51499,NA,NA,NA,NA,NA,NA,36,17,53375,53224,NA,NA,NA,NA,NA,NA,NA,NA,NA,NA,50672,2552,49117,2382,NA,NA,NA,2117,1855,74,2043,37,1818,402,33,3,14,3,38
Louisiana,2011,1.0668266906702673,0,51.14100448400593,16.88586621326532,34.25513827074061,0,0.7667816839192546,0.5000750112516877,98.48151552958171,NA,0,NA,NA,NA,NA,NA,NA,NA,NA,NA,66.98174706649283,3.1143552311435525,0,0,33.01825293350717,71.875,46.875,1582.8125,0,NA,NA,NA,NA,NA,NA,46,30,60916,59991,NA,NA,NA,NA,NA,NA,NA,NA,NA,NA,56923,3068,0,0,NA,NA,NA,2055,0,64,1991,0,0,1013,31,15,18,12,13
Maine,2011,1.791530944625407,980.4560260586319,23.127035830618894,5.537459283387622,16.368078175895764,12.377850162866448,1.0586319218241043,0.7328990228013029,97.76291696520978,NA,95.85224106360958,97.82392026578073,2.1760797342192695,NA,NA,NA,NA,NA,NA,NA,70.77464788732394,10.945273631840797,50,53.52112676056338,23.943661971830984,59.09090909090909,40.909090909090914,309.09090909090907,12040,NA,NA,NA,NA,NA,NA,13,9,12561,12280,NA,NA,NA,NA,NA,NA,NA,NA,NA,NA,11996,284,11778,262,NA,NA,NA,201,152,22,179,11,141,68,7,6,5,4,9
Marshall Islands,2011,0,952.431289640592,112.05073995771671,109.93657505285412,0,0,NA,NA,96.82702149437053,NA,92.22108495394063,89.56714761376249,10.432852386237514,NA,NA,NA,NA,NA,NA,NA,0,NA,NA,0,98.11320754716981,NA,NA,Inf,901,NA,NA,NA,NA,NA,NA,NA,NA,977,946,NA,NA,NA,NA,NA,NA,NA,NA,NA,NA,840,106,807,94,NA,NA,NA,0,0,0,0,0,0,104,NA,NA,NA,NA,NA
Maryland,2011,1.3273199554705564,980.6610909713698,15.157137556018611,2.4833728199126535,6.608055262181372,4.424399851568522,0,0,99.25627912906745,NA,97.33677097647009,98.72072884982026,1.2792711501797382,NA,NA,NA,NA,NA,NA,NA,43.5969868173258,20.086393088552914,56.98924731182796,29.19020715630885,16.38418079096045,0,0,187.09677419354838,68711,NA,NA,NA,NA,NA,NA,0,0,70591,70066,NA,NA,NA,NA,NA,NA,NA,NA,NA,NA,69004,1062,67832,879,NA,NA,NA,463,310,93,370,53,257,174,0,0,0,0,93
Massachusetts,2011,2.454946923773212,987.3138217626245,18.706969854897547,0.5623062786296185,16.22459335655704,13.851935156485723,1.8926406451435938,1.2754752173793784,99.18517813175902,NA,97.92689728347366,98.21778327244441,1.7822167275555987,NA,NA,NA,NA,NA,NA,NA,86.73020527859238,15.131022823330515,68.71508379888269,74.04692082111437,3.005865102639296,77.09497206703911,51.955307262569825,22.905027932960895,71989,NA,NA,NA,NA,NA,NA,138,93,73513,72914,NA,NA,NA,NA,NA,NA,NA,NA,NA,NA,71550,1364,70706,1283,NA,NA,NA,1183,1010,179,1004,123,887,41,138,0,93,0,11
Michigan,2011,1.48997854789922,960.2552710235076,13.975280717343889,7.378086544416619,5.286731112726751,2.809417382484674,0.5654737862509088,0.23337013400831158,99.0399231938555,NA,95.10360828866308,98.91010721329557,1.0898927867044297,NA,NA,NA,NA,NA,NA,NA,37.82915863840719,28.183361629881155,51.80722891566265,20.10276172125883,52.79383429672448,37.95180722891566,15.66265060240964,495.1807228915663,106983,NA,NA,NA,NA,NA,NA,63,26,112491,111411,NA,NA,NA,NA,NA,NA,NA,NA,NA,NA,109854,1557,105817,1166,NA,NA,NA,589,313,166,423,86,227,822,63,0,26,0,98
Micronesia,2011,NA,NA,NA,NA,NA,NA,NA,NA,NA,NA,NA,NA,NA,NA,NA,NA,NA,NA,NA,NA,NA,NA,NA,NA,NA,NA,NA,NA,NA,NA,NA,NA,NA,NA,NA,NA,NA,NA,NA,NA,NA,NA,NA,NA,NA,NA,NA,NA,NA,NA,NA,NA,NA,NA,NA,NA,NA,NA,NA,NA,NA,NA,NA,NA,NA,NA,NA,NA
Minnesota,2011,2.13974654551482,975.4833265524464,10.457634525262572,4.324699003963052,5.319229088498109,3.4808552958727,1.280834199779998,0.7986377951569399,97.41357798165137,NA,95.02532110091742,99.00210084033614,0.9978991596638654,NA,NA,NA,NA,NA,NA,NA,50.86455331412104,40.226628895184135,66.19718309859155,33.28530259365994,41.35446685878962,59.859154929577464,37.32394366197183,202.11267605633805,64736,NA,NA,NA,NA,NA,NA,85,53,68125,66363,NA,NA,NA,NA,NA,NA,NA,NA,NA,NA,65669,694,64090,646,NA,NA,NA,353,231,142,211,94,137,287,84,1,53,0,26
Mississippi,2011,1.737974748249246,960.1799315033481,16.996370699790422,1.5590655829882942,13.69933036855288,9.84000408935235,1.3034810611869345,0.894545826304759,98.24482109227873,NA,94.33270558694288,98.85008517887563,1.1499148211243613,NA,NA,NA,NA,NA,NA,NA,80.6015037593985,12.686567164179104,47.05882352941176,57.89473684210527,9.172932330827068,75,51.470588235294116,89.70588235294117,37568,NA,NA,NA,NA,NA,NA,51,35,39825,39126,NA,NA,NA,NA,NA,NA,NA,NA,NA,NA,38461,665,37136,432,NA,NA,NA,536,385,68,468,32,353,61,51,0,35,0,11
Missouri,2011,1.601715556496876,982.3678915598856,17.790956263899183,6.208302446256487,11.212008895478132,8.101239013025522,0.9663242613576194,0.516255427300646,98.2136821030188,NA,96.48196780987544,98.32237374009594,1.6776262599040588,NA,NA,NA,NA,NA,NA,NA,63.020833333333336,14.285714285714285,58.67768595041323,45.535714285714285,34.89583333333333,60.33057851239669,32.231404958677686,387.603305785124,74212,NA,NA,NA,NA,NA,NA,73,39,76918,75544,NA,NA,NA,NA,NA,NA,NA,NA,NA,NA,74200,1344,72967,1245,NA,NA,NA,847,612,121,726,71,541,469,73,0,39,0,27
Montana,2011,2.4242424242424243,977.922077922078,20.173160173160174,16.363636363636363,3.54978354978355,2.3376623376623376,0.9523809523809523,0.7792207792207793,96.11383872846801,NA,93.99184488641092,98.25586542718017,1.7441345728198319,NA,NA,NA,NA,NA,NA,NA,17.59656652360515,68.29268292682927,60.71428571428571,11.587982832618025,81.11587982832617,39.285714285714285,32.142857142857146,675,11295,NA,NA,NA,NA,NA,NA,11,9,12017,11550,NA,NA,NA,NA,NA,NA,NA,NA,NA,NA,11317,233,11098,197,NA,NA,NA,41,27,28,13,17,10,189,5,6,3,6,17
Nebraska,2011,2.2380860505498745,970.4032413660042,6.752845842176345,1.3505691684352692,4.051707505305807,1.466332240015435,1.6592706926490448,0.9646922631680493,99.3064071122011,NA,96.36725935009197,99.38364879910927,0.6163512008907269,NA,NA,NA,NA,NA,NA,NA,60,55.23809523809524,29.310344827586203,21.714285714285715,20,74.13793103448276,43.103448275862064,60.3448275862069,25148,NA,NA,NA,NA,NA,NA,43,25,26096,25915,NA,NA,NA,NA,NA,NA,NA,NA,NA,NA,25740,175,24993,155,NA,NA,NA,105,38,58,47,17,21,35,43,0,25,0,4
Nevada,2011,0.9634755189629499,17.050597062859477,17.45934425272255,12.817144024991972,3.8539020758517997,2.364894455636332,0.8466906075735015,0.5839245569472424,97.81807796658575,NA,1.6678566328716264,13.698630136986301,86.3013698630137,NA,NA,NA,NA,NA,NA,NA,22.073578595317723,25,42.42424242424242,13.54515050167224,73.41137123745818,87.87878787878788,60.60606060606061,1330.3030303030303,584,NA,NA,NA,NA,NA,NA,29,20,35015,34251,NA,NA,NA,NA,NA,NA,NA,NA,NA,NA,33653,598,80,504,NA,NA,NA,132,81,33,99,14,67,439,29,0,20,0,3
New Hampshire,2011,NA,NA,NA,NA,NA,NA,NA,NA,NA,NA,NA,NA,NA,NA,NA,NA,NA,NA,NA,NA,NA,NA,NA,NA,NA,NA,NA,NA,NA,NA,NA,NA,NA,NA,NA,NA,NA,NA,NA,NA,NA,NA,NA,NA,NA,NA,NA,NA,NA,NA,NA,NA,NA,NA,NA,NA,NA,NA,NA,NA,NA,NA,NA,NA,NA,NA,NA,NA
New Jersey,2011,1.1558089193186605,975.4047779965326,9.81458082336693,4.231436043607299,4.3587709245491855,2.9482922433467524,0.85216420322647,0.3526196703006083,99.2842486069105,NA,96.8423304709761,99.30107850816412,0.6989214918358739,NA,NA,NA,NA,NA,NA,NA,44.411177644710584,26.516853932584272,52.54237288135594,30.039920159680637,43.11377245508982,73.72881355932203,30.508474576271187,366.10169491525426,99582,NA,NA,NA,NA,NA,NA,87,36,102829,102093,NA,NA,NA,NA,NA,NA,NA,NA,NA,NA,101091,1002,98886,696,NA,NA,NA,445,301,118,327,62,239,432,87,0,36,0,24
New Mexico,2011,3.6543983294179068,954.1242495432002,57.75254502740799,4.111198120595145,50.24797702949622,41.960323675280605,2.7407987470634296,1.1746280344557558,58.014689179980316,NA,55.35322177633073,96.47082962861637,3.529170371383626,NA,NA,NA,NA,NA,NA,NA,87.00564971751412,7.2727272727272725,35.714285714285715,72.65536723163842,7.118644067796611,75,32.142857142857146,112.5,14621,NA,NA,NA,NA,NA,NA,42,18,26414,15324,NA,NA,NA,NA,NA,NA,NA,NA,NA,NA,14439,885,14105,516,NA,NA,NA,770,643,56,714,20,623,63,42,0,18,0,0
New York,2011,NA,963.4488200647842,10.742140667983277,NA,NA,NA,NA,NA,99.46619371400818,NA,95.83058697009645,99.32939052368175,0.6706094763182544,NA,NA,NA,NA,NA,NA,NA,NA,NA,NA,NA,NA,NA,NA,NA,220993,NA,NA,NA,NA,NA,NA,NA,NA,230608,229377,NA,NA,NA,NA,NA,NA,NA,NA,NA,NA,226913,2464,219511,1482,NA,NA,NA,NA,NA,NA,NA,NA,NA,NA,NA,NA,NA,NA,NA
North Carolina,2011,1.6174116437049508,978.616988628352,7.2742051873294455,2.496620024385591,3.8486102701492166,1.8247721108466113,1.2026907094216301,0.779675356452643,99.55574272714512,NA,97.4269411482977,99.37534432343095,0.6246556765690554,NA,NA,NA,NA,NA,NA,NA,52.90763968072976,42.025862068965516,41.53846153846154,25.085518814139114,34.32155074116305,74.35897435897436,48.205128205128204,154.35897435897436,117985,NA,NA,NA,NA,NA,NA,145,94,121101,120563,NA,NA,NA,NA,NA,NA,NA,NA,NA,NA,119686,877,117248,737,NA,NA,NA,464,220,195,269,81,139,301,137,8,88,6,23
North Dakota,2011,1.0325729841359241,985.450107950812,24.96949216183235,16.521167746174786,4.787383835539284,2.9099784098376045,0.18774054257016803,0.18774054257016803,99.18070943115166,NA,97.73764081556652,97.53286340255288,2.4671365974471327,NA,NA,NA,NA,NA,NA,NA,19.172932330827066,21.568627450980394,63.63636363636363,11.654135338345863,66.16541353383458,18.181818181818183,18.181818181818183,1600,10498,NA,NA,NA,NA,NA,NA,2,2,10741,10653,NA,NA,NA,NA,NA,NA,NA,NA,NA,NA,10387,266,10239,259,NA,NA,NA,51,31,11,40,7,24,176,2,0,2,0,6
Ohio,2011,1.5810743917665921,990.5726592341395,31.78402819336392,10.838486601502758,19.593501340957953,16.305753189854528,1.1230061100398225,0.8127017901603978,97.67628147303549,NA,96.75545388284706,96.93529740816707,3.0647025918329294,NA,NA,NA,NA,NA,NA,NA,61.645746164574625,8.069381598793363,57.943925233644855,51.301720130172015,34.10041841004184,71.02803738317756,51.4018691588785,685.5140186915887,134075,NA,NA,NA,NA,NA,NA,152,110,138571,135351,NA,NA,NA,NA,NA,NA,NA,NA,NA,NA,131049,4302,129966,4109,NA,NA,NA,2652,2207,214,2438,124,2083,1467,152,0,110,0,44
Oklahoma,2011,1.8176070807649756,1000,57.31389284020863,9.483167377904222,41.7061798640746,41.15299510036352,1.0470997313102577,0.5926979611190138,99.10132158590308,NA,99.10132158590308,94.26861071597914,5.731389284020863,NA,NA,NA,NA,NA,NA,NA,72.76801103067908,4.358124111795358,69.56521739130434,71.80282661151327,16.546018614270942,57.608695652173914,32.608695652173914,521.7391304347826,50616,NA,NA,NA,NA,NA,NA,53,30,51075,50616,NA,NA,NA,NA,NA,NA,NA,NA,NA,NA,47715,2901,47715,2901,NA,NA,NA,2111,2083,92,2019,64,2019,480,41,12,26,4,35
Oregon,2011,1.8958861554626647,969.0947714657713,27.935768290733,14.596039196875214,11.99205098334818,8.95406473423331,1.3476781105096052,0.9593640786678544,96.50816744924278,NA,93.52556047880431,97.34832414085702,2.6516758591429785,NA,NA,NA,NA,NA,NA,NA,42.927228127555196,15.80952380952381,59.036144578313255,32.05233033524121,52.24856909239575,71.08433734939759,50.602409638554214,769.8795180722891,42426,NA,NA,NA,NA,NA,NA,59,42,45363,43779,NA,NA,NA,NA,NA,NA,NA,NA,NA,NA,42556,1223,41301,1125,NA,NA,NA,525,392,83,442,49,343,639,59,0,42,0,13
Palau,2011,NA,NA,NA,NA,NA,NA,NA,NA,NA,NA,NA,NA,NA,NA,NA,NA,NA,NA,NA,NA,NA,NA,NA,NA,NA,NA,NA,NA,NA,NA,NA,NA,NA,NA,NA,NA,NA,NA,NA,NA,NA,NA,NA,NA,NA,NA,NA,NA,NA,NA,NA,NA,NA,NA,NA,NA,NA,NA,NA,NA,NA,NA,NA,NA,NA,NA,NA,NA
Pennsylvania,2011,1.2885003166653322,970.3208147398612,14.610283251679784,1.4632122240097838,11.785774082944478,10.475434777861091,0.8298815598861461,0.6988476293778072,96.37765554401818,NA,93.51724525018943,98.7268553251508,1.2731446748492032,NA,NA,NA,NA,NA,NA,NA,80.66766317887394,10.932674490426189,59.32203389830508,71.6990533134031,10.014947683109119,64.40677966101694,54.23728813559322,113.55932203389831,133292,NA,NA,NA,NA,NA,NA,114,96,142532,137369,NA,NA,NA,NA,NA,NA,NA,NA,NA,NA,135362,2007,131595,1697,NA,NA,NA,1619,1439,177,1442,105,1334,201,114,0,96,0,0
Puerto Rico,2011,NA,NA,NA,NA,NA,NA,NA,NA,NA,NA,NA,NA,NA,NA,NA,NA,NA,NA,NA,NA,NA,NA,NA,NA,NA,NA,NA,NA,NA,NA,NA,NA,NA,NA,NA,NA,NA,NA,NA,NA,NA,NA,NA,NA,NA,NA,NA,NA,NA,NA,NA,NA,NA,NA,NA,NA,NA,NA,NA,NA,NA,NA,NA,NA,NA,NA,NA,NA
Rhode Island,2011,1.37350845566143,984.548029873809,12.189887543995193,2.489484075886342,7.811829341574384,5.4081895441668815,1.287664177182591,0.686754227830715,99.317929917299,NA,97.78327223122176,99.05833115354433,0.9416688464556631,NA,NA,NA,NA,NA,NA,NA,64.08450704225352,17.582417582417584,75,44.36619718309859,20.422535211267608,93.75,50,181.25,11469,NA,NA,NA,NA,NA,NA,15,8,11729,11649,NA,NA,NA,NA,NA,NA,NA,NA,NA,NA,11507,142,11361,108,NA,NA,NA,91,63,16,75,12,51,29,15,0,8,0,1
South Carolina,2011,1.2132931429979716,975.2981099167757,15.223037403552674,8.057024777720905,5.061707330944663,3.6777948397126012,0.8151813304517621,0.6066465714989858,96.1905977606769,NA,93.81450818775302,98.69571978385103,1.3042802161489717,NA,NA,NA,NA,NA,NA,NA,33.25031133250312,23.970037453183522,51.5625,24.159402241594023,52.926525529265255,67.1875,50,664.0625,51446,NA,NA,NA,NA,NA,NA,43,32,54838,52749,NA,NA,NA,NA,NA,NA,NA,NA,NA,NA,51946,803,50775,671,NA,NA,NA,267,194,64,203,33,161,425,43,0,32,0,19
South Dakota,2011,1.0633077048912154,983.3960412236218,23.556355308359237,19.466710289546867,1.5540651071486995,1.3904793063962049,0,0,98.04330392943064,NA,96.41539695268645,97.75430425018715,2.2456957498128585,NA,NA,NA,NA,NA,NA,NA,6.597222222222222,68.42105263157895,84.61538461538461,5.902777777777778,82.63888888888889,0,0,1830.7692307692307,12023,NA,NA,NA,NA,NA,NA,0,0,12470,12226,NA,NA,NA,NA,NA,NA,NA,NA,NA,NA,11938,288,11753,270,NA,NA,NA,19,17,13,6,11,6,238,0,0,0,0,13
Tennessee,2011,0.7539277202198551,985.0187265917602,38.888078213920906,12.68300987402111,23.846004183082833,20.392528819495112,0.6201663505034292,0.25536261491317674,97.42216746434156,NA,95.96265933753494,96.24709890869588,3.752901091304133,NA,NA,NA,NA,NA,NA,NA,61.319574734208885,3.161652218255992,40.32258064516129,52.4390243902439,32.61413383364603,82.25806451612904,33.87096774193548,1682.2580645161293,81004,NA,NA,NA,NA,NA,NA,51,21,84412,82236,NA,NA,NA,NA,NA,NA,NA,NA,NA,NA,79038,3198,77964,3040,NA,NA,NA,1961,1677,62,1899,25,1652,1043,45,6,21,0,11
Texas,2011,1.0998164276992002,983.2897989330702,13.825878572718622,10.291909610185163,2.593194616290761,1.8060710945060394,0.25878033592922356,0.2129546514417569,98.86153772355513,NA,97.20954155040867,98.70768589694384,1.2923141030561556,NA,NA,NA,NA,NA,NA,NA,18.75609280561513,42.41164241164241,63.725490196078425,13.062975238837979,74.43946188340807,23.52941176470588,19.362745098039216,935.7843137254902,364772,NA,NA,NA,NA,NA,NA,96,79,375243,370971,NA,NA,NA,NA,NA,NA,NA,NA,NA,NA,365842,5129,360058,4714,NA,NA,NA,962,670,408,554,260,410,3818,77,19,70,9,294
Utah,2011,2.0131240200538123,974.3326687443139,13.743442829213526,7.58792899866437,4.645670815508798,2.632546795454985,1.6840556706219392,1.1033468186833395,98.85380788365863,NA,96.31649445082282,98.87950730108275,1.1204926989172546,NA,NA,NA,NA,NA,NA,NA,33.80281690140845,43.333333333333336,57.692307692307686,19.154929577464788,55.21126760563381,83.65384615384616,54.807692307692314,376.9230769230769,50335,NA,NA,NA,NA,NA,NA,87,57,52260,51661,NA,NA,NA,NA,NA,NA,NA,NA,NA,NA,50951,710,49771,564,NA,NA,NA,240,136,104,136,60,76,392,87,0,57,0,13
Vermont,2011,1.419950301739439,951.8991835285765,25.38161164359247,10.117145899893504,5.324813631522897,2.6624068157614484,1.419950301739439,1.0649627263045793,98.79011046817465,NA,94.03822549535332,98.41506619429424,1.5849338057057616,NA,NA,NA,NA,NA,NA,NA,20.97902097902098,26.666666666666668,62.5,10.48951048951049,39.86013986013986,100,75,712.5,5363,NA,NA,NA,NA,NA,NA,8,6,5703,5634,NA,NA,NA,NA,NA,NA,NA,NA,NA,NA,5491,143,5278,85,NA,NA,NA,30,15,8,22,5,10,57,8,0,6,0,0
Virgin Islands,2011,NA,NA,NA,NA,NA,NA,NA,NA,NA,NA,NA,NA,NA,NA,NA,NA,NA,NA,NA,NA,NA,NA,NA,NA,NA,NA,NA,NA,NA,NA,NA,NA,NA,NA,NA,NA,NA,NA,NA,NA,NA,NA,NA,NA,NA,NA,NA,NA,NA,NA,NA,NA,NA,NA,NA,NA,NA,NA,NA,NA,NA,NA,NA,NA,NA,NA,NA,NA
Virginia,2011,1.3739569961489089,985.3076861360719,28.9132702182285,3.831033376123235,23.22689345314506,20.077824133504492,0.7722240051347882,0.4412708600770218,98.69348325283079,NA,97.24344762055587,97.19584313007013,2.8041568699298707,NA,NA,NA,NA,NA,NA,NA,80.33298647242457,5.915371329879101,54.01459854014598,69.44155393687132,13.250086715227194,56.20437956204379,32.11678832116788,278.8321167883212,98247,NA,NA,NA,NA,NA,NA,77,44,101032,99712,NA,NA,NA,NA,NA,NA,NA,NA,NA,NA,96829,2883,95492,2755,NA,NA,NA,2316,2002,137,2179,74,1928,382,38,39,24,20,54
Washington,2011,1.5731832758516369,948.4963998305803,11.508440733345434,6.099110546378653,4.6832455981121806,3.001149633932353,0,0,95.03082018492111,NA,90.1363908183449,99.0456627412955,0.9543372587044999,NA,NA,NA,NA,NA,NA,NA,40.694006309148264,33.59173126614987,59.23076923076923,26.07781282860147,52.99684542586751,0,0,387.6923076923077,78379,NA,NA,NA,NA,NA,NA,0,0,86956,82635,NA,NA,NA,NA,NA,NA,NA,NA,NA,NA,81684,951,77631,748,NA,NA,NA,387,248,130,257,77,171,504,0,0,0,0,130
West Virginia,2011,0.3360053760860174,972.0635530168482,63.40901454423271,21.312340997455962,39.93663898622378,0.19200307204915276,0.2880046080737292,0.2880046080737292,100,NA,97.20635530168482,93.4768653399832,6.523134660016789,NA,NA,NA,NA,NA,NA,NA,62.98258894776685,0.8413461538461539,57.14285714285714,0.3028009084027252,33.6109008327025,85.71428571428571,85.71428571428571,6342.857142857143,20251,NA,NA,NA,NA,NA,NA,6,6,20833,20833,NA,NA,NA,NA,NA,NA,NA,NA,NA,NA,19512,1321,18930,1321,NA,NA,NA,832,4,7,825,4,0,444,6,0,6,0,1
Wisconsin,2011,1.5260485918046658,982.0500423062975,10.334824126677143,2.145533663725372,7.539586607034932,5.499818687296023,0.997219871872356,0.6043756799226399,99.07636113231838,NA,97.29794464154729,99.12610006769647,0.8738999323035265,NA,NA,NA,NA,NA,NA,NA,72.953216374269,20.240480961923847,40.5940594059406,53.216374269005854,20.760233918128655,65.34653465346535,39.603960396039604,140.59405940594058,64996,NA,NA,NA,NA,NA,NA,66,40,66801,66184,NA,NA,NA,NA,NA,NA,NA,NA,NA,NA,65500,684,64428,568,NA,NA,NA,499,364,101,398,41,323,142,66,0,40,0,20
Wyoming,2011,2.4213075060532687,991.222760290557,6.50726392251816,0.9079903147699758,4.8426150121065374,3.7832929782082325,1.967312348668281,1.8159806295399517,99.29376408715251,NA,98.42223891810669,99.34351145038168,0.6564885496183206,NA,NA,NA,NA,NA,NA,NA,74.4186046511628,50,81.25,58.139534883720934,13.953488372093023,81.25,75,37.5,6550,NA,NA,NA,NA,NA,NA,13,12,6655,6608,NA,NA,NA,NA,NA,NA,NA,NA,NA,NA,6565,43,6507,43,NA,NA,NA,32,25,16,16,13,12,6,13,0,12,0,0
US,2011,1.3699091169767226,948.7888770272326,17.511843332799337,5.615604255657135,9.063531958488092,6.420372013252147,0.8758479476268236,0.592334916931759,97.91616906018679,NA,92.90177208542329,98.4621915820235,1.537808417976504,NA,NA,NA,NA,NA,NA,NA,51.756584308359344,15.1145174226896,58.136792452830186,36.66302793622484,32.06746513737488,63.93474842767296,43.23899371069182,409.9253144654088,3523911,NA,NA,NA,NA,NA,NA,3253,2200,3793158,3714115,NA,NA,NA,NA,NA,NA,NA,NA,NA,NA,3649074,65041,3469720,54191,NA,NA,NA,33663,23846,5088,28575,2958,20888,20857,3117,136,2125,75,1346
State/Territory average,2011,1.5134059976135101,915.9351680276302,26.389416077237208,11.202009713717484,12.704420603311853,8.76110354150961,1.000681250401786,0.6765499620607117,97.34852023399623,NA,89.21717977330651,95.96860565246409,4.031394347535915,NA,NA,NA,NA,NA,NA,NA,49.53638900738442,24.85981026666558,55.70292536420811,33.839632396403374,39.368563351851726,64.76032153630658,44.580161459496296,Inf,66488.88679245283,NA,NA,NA,NA,NA,NA,65.06,44,71569.01886792453,70077.64150943396,NA,NA,NA,NA,NA,NA,NA,NA,NA,NA,68850.45283018867,1227.188679245283,65466.41509433962,1022.4716981132076,NA,NA,NA,673.26,476.92,101.76,571.5,59.16,417.76,417.14,62.34,2.72,42.5,1.5,26.92
State/Territory median,2011,1.508013569851943,975.4047779965326,17.45934425272255,6.160720566193937,5.700855985914592,3.4310674074898064,0.9593526068692859,0.6467003996648504,98.47780126849895,NA,96.09166419460101,98.57706832576501,1.4229316742349847,NA,NA,NA,NA,NA,NA,NA,51.8860964974254,20.417124039517017,57.41758241758241,27.634009992455162,34.60869203724819,71.05618736628757,45.65972222222222,455.69975083056477,42426,NA,NA,NA,NA,NA,NA,47.5,28.5,51075,50616,NA,NA,NA,NA,NA,NA,NA,NA,NA,NA,47715,803,41301,669,NA,NA,NA,445.5,225.5,66,298,35,151,242.5,42.5,0,25.5,0,13
State/Territory SD,2011,0.6736070215468993,227.09708386995402,23.63537144517642,19.052662135356947,14.51372764836522,12.134469717743523,0.6106265324540598,0.44948708095140416,5.663952810654034,NA,22.87983751810082,11.985008678953035,11.985008678953035,NA,NA,NA,NA,NA,NA,NA,24.804898845238334,18.810874093631213,18.490537266728847,23.101646351247098,23.76024023805936,24.759580151935808,22.694651430767525,NA,88635.8932011398,NA,NA,NA,NA,NA,NA,110.65711150455091,82.81452105735553,90395.64839349517,88916.69920668063,NA,NA,NA,NA,NA,NA,NA,NA,NA,NA,88153.40318609941,1177.5293897459755,87989.19784518874,1084.6010185205928,NA,NA,NA,750.1740698678146,619.7010747455714,137.5439907366189,694.9335087853032,92.85854064882008,591.706337809628,608.7393131945491,110.78580362895909,6.904715927597335,82.89931192939629,3.8078865529319543,47.109875909020026
Alabama,2012,1.0697093956141914,953.3963273310751,3.9579247637725086,1.5332501337136744,1.6045640934212873,0.8022820467106436,0.6239971474416117,0.4278837582456766,98.49855123364651,NA,93.90815699359031,99.7213703343556,0.2786296656444012,NA,NA,NA,NA,NA,NA,NA,40.54054054054054,66.66666666666666,50,20.27027027027027,38.73873873873874,58.333333333333336,40,143.33333333333334,53476,NA,NA,NA,NA,NA,NA,35,24,56945,56090,NA,NA,NA,NA,NA,NA,NA,NA,NA,NA,55868,222,53327,149,NA,NA,NA,90,45,60,30,30,15,86,35,0,24,0,10
Alaska,2012,2.074297567414671,976.1455779747313,14.991514237224214,6.788610220629833,4.808598906279465,3.017160098057703,1.0371487837073354,0.7542900245144257,95.8431230797036,NA,93.55684077354057,98.64773495605138,1.352265043948614,NA,NA,NA,NA,NA,NA,NA,32.075471698113205,43.13725490196079,68.18181818181817,20.125786163522015,45.28301886792453,50,36.36363636363637,327.2727272727273,10353,NA,NA,NA,NA,NA,NA,11,8,11066,10606,NA,NA,NA,NA,NA,NA,NA,NA,NA,NA,10447,159,10213,140,NA,NA,NA,51,32,22,29,15,17,72,11,0,8,0,6
American Samoa,2012,0.8613264427217916,912.1447028423772,8.613264427217917,3.4453057708871664,2.5839793281653747,0.8613264427217916,0,0,99.23076923076923,NA,90.51282051282051,99.90557129367328,0.09442870632672333,NA,NA,NA,NA,NA,NA,NA,30,33.33333333333333,100,10,40,0,0,400,1059,NA,NA,NA,NA,NA,NA,0,0,1170,1161,NA,NA,NA,NA,NA,NA,NA,NA,NA,NA,1151,10,1058,1,NA,NA,NA,3,1,1,2,1,0,4,0,0,0,0,0
Arizona,2012,1.824414618557899,982.8249375399454,9.679855906106559,4.764394863749928,4.706292487362734,2.905118819359712,0.7088489919237697,0.4764394863749927,98.82405631667795,NA,97.12674697688306,99.19245184861133,0.8075481513886753,NA,NA,NA,NA,NA,NA,NA,48.619447779111646,38.76543209876544,59.87261146496815,30.012004801920767,49.21968787515006,38.853503184713375,26.11464968152866,261.1464968152866,84577,NA,NA,NA,NA,NA,NA,61,41,87079,86055,NA,NA,NA,NA,NA,NA,NA,NA,NA,NA,85222,833,83894,683,NA,NA,NA,405,250,157,248,94,156,410,60,1,40,1,8
Arkansas,2012,1.1226179450478517,984.5078723583397,20.852628329263844,6.9602312592966795,2.5539558249838623,1.0384215991692627,0.3648508321405518,0.11226179450478517,95.41036283304325,NA,93.9322533136966,97.94463924285185,2.055360757148151,NA,NA,NA,NA,NA,NA,NA,12.24764468371467,43.956043956043956,35,4.979811574697174,33.37819650067295,32.5,10,620,35079,NA,NA,NA,NA,NA,NA,13,4,37345,35631,NA,NA,NA,NA,NA,NA,NA,NA,NA,NA,34888,743,34358,721,NA,NA,NA,91,37,40,51,14,23,248,7,6,4,0,10
California,2012,1.9521445702493168,243.4520526438648,5.722159216497998,0.9006719921996847,4.059221249248579,2.4417300338991454,1.4832167210994809,1.1072481371996126,95.89333893275544,NA,23.345430198053144,98.11541692476092,1.884583075239073,NA,NA,NA,NA,NA,NA,NA,70.93862815884476,48.091603053435115,63.8095238095238,42.671480144404335,15.740072202166063,75.97883597883597,56.719576719576715,46.13756613756614,117851,NA,NA,NA,NA,NA,NA,718,536,504814,484083,NA,NA,NA,NA,NA,NA,NA,NA,NA,NA,481313,2770,115630,2221,NA,NA,NA,1965,1182,945,1020,603,579,436,718,0,536,0,54
Colorado,2012,1.8040154896502387,980.0936221831697,11.135130091289405,8.36689942613645,2.5505046577813717,1.6484969129562526,0.8553521718169235,0.7309373104617346,97.94814769680723,NA,95.99835486229587,99.00191999492233,0.9980800050776725,NA,NA,NA,NA,NA,NA,NA,22.905027932960895,70.73170731707317,65.51724137931035,14.804469273743019,75.13966480446928,47.41379310344828,40.51724137931034,463.7931034482759,63021,NA,NA,NA,NA,NA,NA,55,47,65648,64301,NA,NA,NA,NA,NA,NA,NA,NA,NA,NA,63585,716,62392,629,NA,NA,NA,164,106,116,48,76,30,538,55,0,47,0,35
Commonwealth of the Northern Mariana Islands,2012,2.7247956403269753,982.7429609445958,24.52316076294278,13.623978201634877,4.541326067211626,3.6330608537693005,2.7247956403269753,2.7247956403269753,97.7797513321492,NA,96.0923623445826,97.78188539741221,2.2181146025878005,NA,NA,NA,NA,NA,NA,NA,18.51851851851852,60,100,14.814814814814813,55.55555555555556,100,100,500,1082,NA,NA,NA,NA,NA,NA,3,3,1126,1101,NA,NA,NA,NA,NA,NA,NA,NA,NA,NA,1074,27,1058,24,NA,NA,NA,5,4,3,2,3,1,15,3,0,3,0,0
Connecticut,2012,1.3547932585487454,986.8856012572481,15.688505933994474,5.473364764536932,9.727415596379991,8.345526472660273,0.9483552809841218,0.4877255730775484,98.85094415427884,NA,97.55457345654212,98.47894129921477,1.5210587007852396,NA,NA,NA,NA,NA,NA,NA,62.00345423143351,13.92757660167131,56.00000000000001,53.1951640759931,34.887737478411054,70,36,404,36422,NA,NA,NA,NA,NA,NA,35,18,37335,36906,NA,NA,NA,NA,NA,NA,NA,NA,NA,NA,36327,579,35868,554,NA,NA,NA,359,308,50,309,28,280,202,35,0,18,0,13
Delaware,2012,1.7647577869937352,967.881408276714,18.441718874084533,8.912026824318362,9.529692049766169,3.00008823788935,0,0,98.98681107520308,NA,95.80749410428858,99.74473516273133,0.2552648372686663,NA,NA,NA,NA,NA,NA,NA,51.674641148325364,18.51851851851852,35,16.267942583732058,48.32535885167464,0,0,505,10969,NA,NA,NA,NA,NA,NA,0,0,11449,11333,NA,NA,NA,NA,NA,NA,NA,NA,NA,NA,11124,209,10941,28,NA,NA,NA,108,34,20,88,7,27,101,0,0,0,0,20
District of Columbia,2012,2.0885547201336676,1000,31.244778613199667,4.344193817878028,6.59983291562239,0,1.7543859649122808,0,86.27648839556004,NA,86.27648839556004,96.87552213868004,3.1244778613199666,NA,NA,NA,NA,NA,NA,NA,21.12299465240642,31.645569620253166,0,0,13.903743315508022,84,0,208,11970,NA,NA,NA,NA,NA,NA,21,0,13874,11970,NA,NA,NA,NA,NA,NA,NA,NA,NA,NA,11596,374,11596,374,NA,NA,NA,79,0,25,54,0,0,52,21,0,0,0,4
Florida,2012,1.090174379448517,975.1537145875022,7.873481629350402,3.566081525662705,3.6339145981617236,2.2578722703244845,0.8091516505240105,0.5378193605279351,97.31933193130699,NA,94.90130803398814,99.32823547532806,0.6717645246719435,NA,NA,NA,NA,NA,NA,NA,46.15384615384615,30,55.55555555555556,28.676923076923078,45.292307692307695,74.22222222222223,49.333333333333336,327.11111111111114,201261,NA,NA,NA,NA,NA,NA,167,111,212074,206389,NA,NA,NA,NA,NA,NA,NA,NA,NA,NA,204764,1625,199909,1352,NA,NA,NA,750,466,225,525,125,341,736,167,0,111,0,34
Georgia,2012,1.8178209962294105,989.2359595157769,8.850962492558047,3.8975987299067274,3.6594562413177214,2.4449295495137924,1.1351458622742607,0.6906132169081166,97.29602397355495,NA,96.24872563254966,99.28983541835514,0.7101645816448535,NA,NA,NA,NA,NA,NA,NA,41.34529147982063,49.67462039045553,63.31877729257642,27.623318385650226,44.035874439461885,62.44541484716157,37.99126637554585,214.41048034934497,124619,NA,NA,NA,NA,NA,NA,143,87,129476,125975,NA,NA,NA,NA,NA,NA,NA,NA,NA,NA,124860,1115,123734,885,NA,NA,NA,461,308,229,232,145,163,491,133,10,85,2,28
Guam,2012,2.905100064557779,960.942543576501,8.069722401549388,0.9683666881859264,5.1646223369916076,4.196255648805681,2.5823111684958038,2.5823111684958038,99.136,NA,95.26400000000001,99.4961370507222,0.5038629492777964,NA,NA,NA,NA,NA,NA,NA,64,56.25,77.77777777777779,52,12,88.88888888888889,88.88888888888889,33.33333333333333,2977,NA,NA,NA,NA,NA,NA,8,8,3125,3098,NA,NA,NA,NA,NA,NA,NA,NA,NA,NA,3073,25,2962,15,NA,NA,NA,16,13,9,7,7,6,3,8,0,8,0,0
Hawaii,2012,2.90869916509561,899.7576084029088,11.904120657150552,1.7775383786695396,8.618367896579585,4.363048747643415,1.9391327767304067,1.3466199838405601,98.28471597225898,NA,88.43242098575891,98.93438697318008,1.0656130268199233,NA,NA,NA,NA,NA,NA,NA,72.39819004524887,33.75,37.03703703703704,36.65158371040724,14.93212669683258,66.66666666666666,46.2962962962963,61.111111111111114,16704,NA,NA,NA,NA,NA,NA,36,25,18889,18565,NA,NA,NA,NA,NA,NA,NA,NA,NA,NA,18344,221,16526,178,NA,NA,NA,160,81,54,106,20,61,33,36,0,25,0,9
Idaho,2012,3.045588655182259,905.58675168935,34.262872370800416,10.754734938612353,22.984676882078613,20.6528980679547,2.9504140097078135,2.7124773960216997,99.32879561353754,NA,89.95084136887881,96.3478717813978,3.652128218602207,NA,NA,NA,NA,NA,NA,NA,67.08333333333333,13.250517598343686,79.6875,60.27777777777777,31.38888888888889,96.875,89.0625,353.125,19030,NA,NA,NA,NA,NA,NA,62,57,21156,21014,NA,NA,NA,NA,NA,NA,NA,NA,NA,NA,20294,720,18335,695,NA,NA,NA,483,434,64,419,51,383,226,61,1,56,1,1
Illinois,2012,NA,967.6235001586449,8.495593558371592,NA,NA,NA,1.282109393717664,0.641054696858832,99.41675947443977,NA,96.19799277708752,99.42315285111053,0.5768471488894689,NA,NA,NA,NA,NA,NA,NA,NA,NA,NA,NA,NA,NA,NA,NA,149433,NA,NA,NA,NA,NA,NA,198,99,155339,154433,NA,NA,NA,NA,NA,NA,NA,NA,NA,NA,153121,1312,148571,862,NA,NA,NA,NA,NA,NA,NA,NA,NA,NA,189,9,96,3,44
Indiana,2012,1.7641619622347673,896.2551099863733,28.761923301537863,3.1268249951333464,23.250437998832002,17.86061903834923,1.0098306404516255,0.4988320031146583,96.57943903270156,NA,86.55981575267617,96.91712482182855,3.082875178171452,NA,NA,NA,NA,NA,NA,NA,80.83756345177665,7.587650444793302,59.310344827586206,62.098138747884946,10.87140439932318,57.24137931034483,28.27586206896552,177.24137931034483,73665,NA,NA,NA,NA,NA,NA,83,41,85103,82192,NA,NA,NA,NA,NA,NA,NA,NA,NA,NA,79828,2364,71394,2271,NA,NA,NA,1911,1468,145,1766,86,1382,257,83,0,41,0,48
Iowa,2012,1.2655891581195453,984.7601972209771,12.154929206106466,3.3485379808579636,5.167822395654811,3.48037018482875,0.9491918685896591,0.263664407941572,98.68085549253264,NA,97.1769787167612,98.85940721304452,1.140592786955474,NA,NA,NA,NA,NA,NA,NA,42.51626898047722,24.489795918367346,58.333333333333336,28.633405639913235,27.54880694143167,75,20.833333333333336,264.58333333333337,37349,NA,NA,NA,NA,NA,NA,36,10,38434,37927,NA,NA,NA,NA,NA,NA,NA,NA,NA,NA,37466,461,36923,426,NA,NA,NA,196,132,48,148,28,104,127,36,0,10,0,9
Kansas,2012,2.2882169131215706,979.7013015771474,8.709986959624043,1.0333882833452255,6.3971655635656814,3.543045542897916,1.6485003567650025,1.2794331127131362,98.70555663493296,NA,96.70196230814066,99.37465467878849,0.6253453212115124,NA,NA,NA,NA,NA,NA,NA,73.44632768361582,35.76923076923077,51.61290322580645,40.67796610169492,11.864406779661017,72.04301075268818,55.91397849462365,45.16129032258064,39818,NA,NA,NA,NA,NA,NA,67,52,41176,40643,NA,NA,NA,NA,NA,NA,NA,NA,NA,NA,40289,354,39569,249,NA,NA,NA,260,144,93,167,48,96,42,67,0,52,0,17
Kentucky,2012,1.0913333082452115,951.4544838746095,44.104918526323715,4.515861965152599,38.32837842923268,33.624355548865395,0.7150114778158281,0.35750573890791404,99.56909472422062,NA,94.73546163069544,95.79361626389273,4.206383736107266,NA,NA,NA,NA,NA,NA,NA,86.90273037542661,2.847324496809033,55.172413793103445,76.23720136518772,10.238907849829351,65.51724137931035,32.758620689655174,413.7931034482759,50566,NA,NA,NA,NA,NA,NA,38,19,53376,53146,NA,NA,NA,NA,NA,NA,NA,NA,NA,NA,50802,2344,48439,2127,NA,NA,NA,2037,1787,58,1979,32,1755,240,37,1,18,1,20
Louisiana,2012,1.0739565535757873,0,55.3901228541209,17.45993003010333,37.88137661703686,0.6346106907493289,0.6996989667236189,0.24408103490358798,98.93426920166782,NA,0,NA,NA,NA,NA,NA,NA,NA,NA,NA,68.39012925969448,2.8350515463917527,59.09090909090909,1.1457109283196238,31.521739130434785,65.15151515151516,22.727272727272727,1625.7575757575758,0,NA,NA,NA,NA,NA,NA,43,15,62117,61455,NA,NA,NA,NA,NA,NA,NA,NA,NA,NA,58051,3404,0,0,NA,NA,NA,2328,39,66,2262,39,0,1073,31,12,9,6,15
Maine,2012,1.8653690186536902,980.2108678021086,16.86942416869424,2.67639902676399,12.246553122465532,8.75912408759124,1.05433901054339,0.8110300081103001,97.93486894360603,NA,95.99682287529787,98.4693033261625,1.5306966738374979,NA,NA,NA,NA,NA,NA,NA,72.59615384615384,15.2317880794702,56.52173913043478,51.92307692307693,15.865384615384615,56.52173913043478,43.47826086956522,143.47826086956522,12086,NA,NA,NA,NA,NA,NA,13,10,12590,12330,NA,NA,NA,NA,NA,NA,NA,NA,NA,NA,12122,208,11901,185,NA,NA,NA,151,108,23,128,13,95,33,11,2,9,1,8
Marshall Islands,2012,4.329004329004329,917.7489177489177,101.73160173160173,84.41558441558442,12.987012987012989,2.1645021645021645,0,0,52.144469525959366,NA,47.855530474040634,91.27358490566037,8.726415094339622,NA,NA,NA,NA,NA,NA,NA,12.76595744680851,33.33333333333333,0,2.127659574468085,82.97872340425532,0,0,1950,424,NA,NA,NA,NA,NA,NA,0,0,886,462,NA,NA,NA,NA,NA,NA,NA,NA,NA,NA,415,47,387,37,NA,NA,NA,6,1,2,4,0,1,39,0,0,0,0,2
Maryland,2012,1.122334455667789,984.2009842009842,11.798900687789576,3.697948142392587,6.316728538950762,4.518115629226741,0.7050562606118163,0.4460560016115572,99.43769584066618,NA,97.86667811306177,98.92105263157895,1.0789473684210527,NA,NA,NA,NA,NA,NA,NA,53.53658536585366,17.76765375854214,44.871794871794876,38.29268292682927,31.341463414634145,62.82051282051282,39.743589743589745,329.48717948717945,68400,NA,NA,NA,NA,NA,NA,49,31,69891,69498,NA,NA,NA,NA,NA,NA,NA,NA,NA,NA,68678,820,67662,738,NA,NA,NA,439,314,78,361,35,279,257,49,0,31,0,24
Massachusetts,2012,2.76464571065218,985.2920848193304,15.938182521909816,0.4008736280445661,13.684996267728291,11.113875756821765,1.9767216831163086,1.340853169666307,99.13122122341592,NA,97.67320762990572,98.56337158730604,1.4366284126939588,NA,NA,NA,NA,NA,NA,NA,85.86296617519514,20.2020202020202,68.5,69.7311361665221,2.515177797051171,71.5,48.5,14.499999999999998,71278,NA,NA,NA,NA,NA,NA,143,97,72976,72342,NA,NA,NA,NA,NA,NA,NA,NA,NA,NA,71189,1153,70254,1024,NA,NA,NA,990,804,200,790,137,667,29,143,0,97,0,18
Michigan,2012,1.4673115591543937,961.1615310762096,10.624422585729036,5.153705414560803,4.6102566889480645,2.318714562614351,0.2898393203267939,0.18114957520424615,98.97800010757894,NA,95.13384612626182,99.23952581088976,0.7604741891102358,NA,NA,NA,NA,NA,NA,NA,43.39300937766411,31.827111984282908,54.32098765432099,21.824381926683717,48.508098891730604,19.753086419753085,12.345679012345679,351.2345679012346,106118,NA,NA,NA,NA,NA,NA,32,20,111546,110406,NA,NA,NA,NA,NA,NA,NA,NA,NA,NA,109233,1173,105311,807,NA,NA,NA,509,256,162,347,88,168,569,32,0,20,0,125
Micronesia,2012,NA,819.6333530455352,85.74807806031934,NA,NA,NA,NA,NA,91.55387114239308,NA,75.0406063887385,92.20779220779221,7.792207792207792,NA,NA,NA,NA,NA,NA,NA,NA,NA,NA,NA,NA,NA,NA,NA,1386,NA,NA,NA,NA,NA,NA,NA,NA,1847,1691,NA,NA,NA,NA,NA,NA,NA,NA,NA,NA,1546,145,1278,108,NA,NA,NA,NA,NA,NA,NA,NA,NA,NA,NA,NA,NA,NA,NA
Minnesota,2012,2.4257307139434596,977.7491614758026,8.999161475802588,2.2460469573550554,5.405486344034499,3.2492812649736464,1.242812649736464,0.8235505510301869,98.11797546462941,NA,95.93476823624476,99.16536494226469,0.8346350577353059,NA,NA,NA,NA,NA,NA,NA,60.06655574043261,44.87534626038781,65.4320987654321,36.10648918469218,24.958402662229616,51.23456790123457,33.95061728395062,92.5925925925926,65298,NA,NA,NA,NA,NA,NA,83,55,68065,66784,NA,NA,NA,NA,NA,NA,NA,NA,NA,NA,66183,601,64753,545,NA,NA,NA,361,217,162,199,106,111,150,83,0,55,0,48
Mississippi,2012,2.0459256467547853,988.5589684227529,13.244676555307292,0.6999219317845318,11.225670982851913,7.9952620669233045,1.5613643093654939,1.130643120575013,98.87673347706885,NA,97.74548164710266,98.71739012036382,1.2826098796361853,NA,NA,NA,NA,NA,NA,NA,84.7560975609756,18.225419664268586,48.68421052631579,60.36585365853659,5.284552845528456,76.31578947368422,55.26315789473685,34.21052631578947,36722,NA,NA,NA,NA,NA,NA,58,42,37569,37147,NA,NA,NA,NA,NA,NA,NA,NA,NA,NA,36655,492,36251,471,NA,NA,NA,417,297,76,341,37,260,26,58,0,42,0,9
Missouri,2012,1.340464605032104,980.2013377836759,19.18204849800941,6.179541829198,12.62717657940242,10.911381884961328,0.8847066393211888,0.5361858420128416,97.89900527545208,NA,95.96073593868927,98.21536021005416,1.7846397899458455,NA,NA,NA,NA,NA,NA,NA,65.82809224318659,10.615711252653929,60,56.88329839273235,32.21523410202656,66,40,461.00000000000006,73124,NA,NA,NA,NA,NA,NA,66,40,76202,74601,NA,NA,NA,NA,NA,NA,NA,NA,NA,NA,73170,1431,71819,1305,NA,NA,NA,942,814,100,842,60,754,461,66,0,40,0,7
Montana,2012,1.2044046799724708,970.5781142463867,16.603578802477635,8.086717136958018,2.494838265657261,1.2044046799724708,0.6022023399862354,0.17205781142463866,96.29690994946566,NA,93.4636732665065,98.57294805885482,1.427051941145187,NA,NA,NA,NA,NA,NA,NA,15.025906735751295,48.275862068965516,28.57142857142857,7.253886010362693,48.704663212435236,50,14.285714285714285,671.4285714285714,11282,NA,NA,NA,NA,NA,NA,7,2,12071,11624,NA,NA,NA,NA,NA,NA,NA,NA,NA,NA,11431,193,11121,161,NA,NA,NA,29,14,14,15,4,10,94,5,2,2,0,5
Nebraska,2012,1.3777794787400972,976.8073787745417,4.592598262466991,1.3012361743656475,1.951854261548471,0.6506180871828238,1.1481495656167477,0.9185196524933981,99.4140699311342,NA,97.10839706274017,99.57685225091095,0.42314774908905695,NA,NA,NA,NA,NA,NA,NA,42.5,70.58823529411765,36.11111111111111,14.166666666666666,28.333333333333332,83.33333333333334,66.66666666666666,94.44444444444444,25523,NA,NA,NA,NA,NA,NA,30,24,26283,26129,NA,NA,NA,NA,NA,NA,NA,NA,NA,NA,26009,120,25415,108,NA,NA,NA,51,17,36,15,13,4,34,30,0,24,0,2
Nevada,2012,1.2358703843255463,839.577995478523,10.248681235870384,5.244913338357197,3.8583270535041447,2.6525998492840994,1.0248681235870383,0.8440090429540317,95.83718511670904,NA,80.46279177259072,98.91573618640722,1.0842638135927907,NA,NA,NA,NA,NA,NA,NA,37.64705882352941,32.03125,65.85365853658537,25.882352941176475,51.17647058823529,82.92682926829268,68.29268292682927,424.39024390243907,27853,NA,NA,NA,NA,NA,NA,34,28,34616,33175,NA,NA,NA,NA,NA,NA,NA,NA,NA,NA,32835,340,27551,302,NA,NA,NA,128,88,41,87,27,61,174,34,0,28,0,3
New Hampshire,2012,1.0582872028655161,989.661348095083,28.980788016932596,10.50146532074243,14.978834255942688,12.699446434386193,0.9768804949527842,0.81406707912732,97.76362912853163,NA,96.75288499801034,97.17035452825533,2.8296454717446737,NA,NA,NA,NA,NA,NA,NA,51.68539325842697,7.065217391304348,61.53846153846154,43.82022471910113,36.235955056179776,92.3076923076923,76.92307692307693,992.3076923076924,12157,NA,NA,NA,NA,NA,NA,12,10,12565,12284,NA,NA,NA,NA,NA,NA,NA,NA,NA,NA,11928,356,11813,344,NA,NA,NA,184,156,13,171,8,148,129,12,0,10,0,0
New Jersey,2012,1.2799269747090398,977.6856142161191,8.761050532310714,3.7504836933334653,4.50454919781321,2.897199043527439,0.9128161370017959,0.40679849583775685,99.35724918423881,NA,97.14015319551652,99.36877143842985,0.6312285615701556,NA,NA,NA,NA,NA,NA,NA,51.41562853907134,28.41409691629956,48.837209302325576,33.069082672706685,42.80860702151755,71.31782945736434,31.782945736434108,293.0232558139535,98538,NA,NA,NA,NA,NA,NA,92,41,101439,100787,NA,NA,NA,NA,NA,NA,NA,NA,NA,NA,99904,883,97916,622,NA,NA,NA,454,292,129,325,63,229,378,92,0,41,0,24
New Mexico,2012,2.6426150399264663,809.5019245131268,52.33526742115241,39.81157005802263,7.295915436318722,5.112885620727294,2.125581662549549,1.8383408973401505,66.56342013689725,NA,53.883216702994154,95.5503512880562,4.449648711943794,NA,NA,NA,NA,NA,NA,NA,13.940724478594952,36.22047244094488,69.56521739130434,9.769484083424809,76.0702524698134,80.43478260869566,69.56521739130434,1506.5217391304348,14091,NA,NA,NA,NA,NA,NA,37,32,26151,17407,NA,NA,NA,NA,NA,NA,NA,NA,NA,NA,16496,911,13464,627,NA,NA,NA,127,89,46,81,32,57,693,37,0,32,0,9
New York,2012,NA,992.5419886041585,31.53247218161749,NA,NA,NA,NA,NA,83.18072408744634,NA,82.56036129928782,96.878663099997,3.121336900003006,NA,NA,NA,NA,NA,NA,NA,NA,NA,NA,NA,NA,NA,NA,NA,199626,NA,NA,NA,NA,NA,NA,NA,NA,241794,201126,NA,NA,NA,NA,NA,NA,NA,NA,NA,NA,194784,6342,193395,6231,NA,NA,NA,NA,NA,NA,NA,NA,NA,NA,NA,NA,NA,NA,NA
North Carolina,2012,1.5804884541159248,978.1643042523458,7.10387968323684,2.686830371997072,3.2441605110800555,1.7052638583882345,1.3392560058561258,0.9982032341784787,99.0777599208802,NA,96.91432809988873,99.36219608643519,0.6378039135648136,NA,NA,NA,NA,NA,NA,NA,45.66744730679157,48.717948717948715,50,24.004683840749415,37.822014051522245,84.73684210526315,63.1578947368421,170,117591,NA,NA,NA,NA,NA,NA,161,120,121335,120216,NA,NA,NA,NA,NA,NA,NA,NA,NA,NA,119362,854,116841,750,NA,NA,NA,390,205,190,200,95,110,323,161,0,120,0,13
North Dakota,2012,2.107481559536354,985.4232525465402,32.40252897787144,15.981735159817351,7.37618545837724,6.322444678609062,2.107481559536354,0,98.8112798264642,NA,97.37093275488068,96.74746034574943,3.2525396542505796,NA,NA,NA,NA,NA,NA,NA,22.76422764227642,28.57142857142857,66.66666666666666,19.51219512195122,49.32249322493225,100,0,758.3333333333333,11222,NA,NA,NA,NA,NA,NA,24,0,11525,11388,NA,NA,NA,NA,NA,NA,NA,NA,NA,NA,11019,369,10857,365,NA,NA,NA,84,72,24,60,16,56,182,24,0,0,0,0
Ohio,2012,1.5467174009338398,976.7629310657827,28.64694904546478,9.106026388596408,18.49525455482859,16.36761043053932,0.9367443414106353,0.479264546768232,98.6270662044862,NA,96.33526226831295,97.2426046940399,2.7573953059601073,NA,NA,NA,NA,NA,NA,NA,64.56273764258556,8.362779740871613,79.34272300469483,57.135614702154626,31.78707224334601,60.56338028169014,30.985915492957744,588.7323943661972,134511,NA,NA,NA,NA,NA,NA,129,66,139628,137711,NA,NA,NA,NA,NA,NA,NA,NA,NA,NA,133766,3945,130802,3709,NA,NA,NA,2547,2254,213,2334,169,2085,1254,129,0,66,0,68
Oklahoma,2012,1.4506959419721623,1000,46.77514212899431,11.605567535777299,30.42540678298373,30.09213879631445,1.1174279553028819,0.9409919623603215,99.044697293309,NA,99.044697293309,95.32248578710056,4.677514212899432,NA,NA,NA,NA,NA,NA,NA,65.04610226320202,4.768041237113402,77.02702702702703,64.3336127409891,24.811399832355406,77.02702702702703,64.86486486486487,800,51010,NA,NA,NA,NA,NA,NA,57,48,51502,51010,NA,NA,NA,NA,NA,NA,NA,NA,NA,NA,48624,2386,48624,2386,NA,NA,NA,1552,1535,74,1478,57,1478,592,48,9,40,8,17
Oregon,2012,1.868136875199344,971.8640360869367,29.32063607782385,14.216065977126714,13.031393812366154,9.773545359274618,1.2758007928190642,0.7518111814826628,96.33059737523593,NA,93.62024316376245,97.17292951077147,2.827070489228533,NA,NA,NA,NA,NA,NA,NA,44.44444444444444,14.335664335664337,46.34146341463415,33.33333333333333,48.484848484848484,68.29268292682927,40.243902439024396,760.9756097560976,42659,NA,NA,NA,NA,NA,NA,56,33,45566,43894,NA,NA,NA,NA,NA,NA,NA,NA,NA,NA,42607,1287,41453,1206,NA,NA,NA,572,429,82,490,38,391,624,56,0,33,0,18
Palau,2012,0,857.1428571428571,15.037593984962406,7.518796992481203,0,0,NA,NA,99.25373134328358,NA,85.07462686567165,98.68421052631578,1.3157894736842104,NA,NA,NA,NA,NA,NA,NA,0,NA,NA,0,50,NA,NA,Inf,228,NA,NA,NA,NA,NA,NA,NA,NA,268,266,NA,NA,NA,NA,NA,NA,NA,NA,NA,NA,262,4,225,3,NA,NA,NA,0,0,0,0,0,0,2,NA,NA,NA,NA,NA
Pennsylvania,2012,1.5179762281975138,981.054772414098,16.727213776739593,1.2969117289454486,12.762790423485892,11.193232478796231,1.1937482959611516,1.0168966965594994,95.55283299183935,NA,93.74256282433126,98.55861675279414,1.4413832472058647,NA,NA,NA,NA,NA,NA,NA,76.29955947136564,11.893764434180138,51.94174757281553,66.91629955947137,7.753303964757709,78.64077669902912,66.99029126213593,85.43689320388349,133136,NA,NA,NA,NA,NA,NA,162,138,142023,135707,NA,NA,NA,NA,NA,NA,NA,NA,NA,NA,133437,2270,131217,1919,NA,NA,NA,1732,1519,206,1526,107,1412,176,162,0,138,0,16
Puerto Rico,2012,NA,NA,NA,NA,NA,NA,NA,NA,NA,NA,NA,NA,NA,NA,NA,NA,NA,NA,NA,NA,NA,NA,NA,NA,NA,NA,NA,NA,NA,NA,NA,NA,NA,NA,NA,NA,NA,NA,NA,NA,NA,NA,NA,NA,NA,NA,NA,NA,NA,NA,NA,NA,NA,NA,NA,NA,NA,NA,NA,NA,NA,NA,NA,NA,NA,NA,NA,NA
Rhode Island,2012,1.0362694300518134,980.915371329879,10.01727115716753,2.0725388601036268,6.217616580310881,4.7495682210708114,0.9499136442141624,0.5181347150259067,99.38208032955716,NA,97.48541023000344,99.22528391583766,0.7747160841623383,NA,NA,NA,NA,NA,NA,NA,62.06896551724138,16.666666666666664,75,47.41379310344828,20.689655172413794,91.66666666666666,50,200,11359,NA,NA,NA,NA,NA,NA,11,6,11652,11580,NA,NA,NA,NA,NA,NA,NA,NA,NA,NA,11464,116,11271,88,NA,NA,NA,72,55,12,60,9,46,24,11,0,6,0,0
South Carolina,2012,1.6174148002968431,978.3266416760223,14.747017296824158,7.383022853119708,6.032005784636462,3.310943238254714,0.7611363766102791,0.5137670542119385,96.85046625631198,NA,94.75139139729461,98.70852297039717,1.291477029602832,NA,NA,NA,NA,NA,NA,NA,40.903225806451616,26.813880126182966,64.70588235294117,22.451612903225808,50.064516129032256,47.05882352941176,31.76470588235294,456.4705882352941,51414,NA,NA,NA,NA,NA,NA,40,27,54262,52553,NA,NA,NA,NA,NA,NA,NA,NA,NA,NA,51778,775,50750,664,NA,NA,NA,317,174,85,232,55,119,388,40,0,27,0,45
South Dakota,2012,2.1629416005767843,982.3760314027077,22.43050548746295,18.745493871665463,2.9640310822718896,2.403268445085316,0,0,98.12136456531991,NA,96.39207671749725,97.92872869607763,2.071271303922368,NA,NA,NA,NA,NA,NA,NA,13.214285714285715,72.97297297297297,81.48148148148148,10.714285714285714,83.57142857142857,0,0,866.6666666666666,12263,NA,NA,NA,NA,NA,NA,0,0,12722,12483,NA,NA,NA,NA,NA,NA,NA,NA,NA,NA,12203,280,12009,254,NA,NA,NA,37,30,27,10,22,8,234,0,0,0,0,27
Tennessee,2012,1.0028174394728044,983.5609569743565,42.7988157203572,14.791557232223868,25.906117186380786,21.285993983095363,0.8714961081132706,0.4894704168855355,97.85514018691589,NA,96.24649532710279,95.86342505492371,4.136574945076286,NA,NA,NA,NA,NA,NA,NA,60.52998605299861,3.870967741935484,44.047619047619044,49.735006973500695,34.56066945606695,86.90476190476191,48.80952380952381,1475,82387,NA,NA,NA,NA,NA,NA,73,41,85600,83764,NA,NA,NA,NA,NA,NA,NA,NA,NA,NA,80179,3585,78979,3408,NA,NA,NA,2170,1783,84,2086,37,1746,1239,72,1,41,0,9
Texas,2012,1.0918997996416873,983.0914545589467,13.057743477753865,10.007314668560706,2.695296350086398,1.6961550285696112,0.18551695624980122,0.15636429169626104,98.77772629341376,NA,97.10753861981765,98.78013932022084,1.219860679779158,NA,NA,NA,NA,NA,NA,NA,20.641363913131723,40.511307767944935,61.40776699029126,12.989648873553886,76.63892835396793,16.990291262135923,14.320388349514563,916.504854368932,370944,NA,NA,NA,NA,NA,NA,70,59,381993,377324,NA,NA,NA,NA,NA,NA,NA,NA,NA,NA,372397,4927,366419,4525,NA,NA,NA,1017,640,412,605,253,387,3776,70,0,59,0,241
Utah,2012,1.927525057825752,973.9591364687741,13.415574402467232,7.343870470316114,4.664610639938319,2.6407093292212798,1.349267540478026,1.0986892829606785,98.92079472219044,NA,96.34481180642948,98.91943240515347,1.0805675948465239,NA,NA,NA,NA,NA,NA,NA,34.770114942528735,41.32231404958678,59,19.68390804597701,54.741379310344826,70,56.99999999999999,381,50529,NA,NA,NA,NA,NA,NA,70,57,52446,51880,NA,NA,NA,NA,NA,NA,NA,NA,NA,NA,51184,696,49983,546,NA,NA,NA,242,137,100,142,59,78,381,70,0,57,0,19
Vermont,2012,0.528169014084507,950.1760563380282,27.288732394366196,8.098591549295774,3.5211267605633805,3.1690140845070425,0.35211267605633806,0.17605633802816903,99.876912256022507,NA,94.90065060664674,98.96238651102465,1.0376134889753565,NA,NA,NA,NA,NA,NA,NA,12.903225806451612,15,33.33333333333333,11.612903225806452,29.677419354838708,66.66666666666666,33.33333333333333,1533.3333333333335,5397,NA,NA,NA,NA,NA,NA,2,1,5687,5680,NA,NA,NA,NA,NA,NA,NA,NA,NA,NA,5525,155,5341,56,NA,NA,NA,20,18,3,17,1,17,46,2,0,1,0,0
Virgin Islands,2012,NA,NA,NA,NA,NA,NA,NA,NA,NA,NA,NA,NA,NA,NA,NA,NA,NA,NA,NA,NA,NA,NA,NA,NA,NA,NA,NA,NA,NA,NA,NA,NA,NA,NA,NA,NA,NA,NA,NA,NA,NA,NA,NA,NA,NA,NA,NA,NA,NA,NA,NA,NA,NA,NA,NA,NA,NA,NA,NA,NA,NA,NA,NA,NA,NA,NA,NA,NA
Virginia,2012,1.6137600609419949,970.3809877013442,11.025689857367666,4.079505247226036,4.851303537241773,3.4279872101997655,1.1025689857367666,0.8018683532631031,98.36917403693515,NA,95.45557626132654,99.18605131595257,0.8139486840474321,NA,NA,NA,NA,NA,NA,NA,44,33.264462809917354,61.49068322981367,31.09090909090909,37,68.32298136645963,49.68944099378882,252.7950310559006,96812,NA,NA,NA,NA,NA,NA,110,80,101421,99767,NA,NA,NA,NA,NA,NA,NA,NA,NA,NA,98667,1100,96024,788,NA,NA,NA,484,342,161,323,99,243,407,64,46,49,31,48
Washington,2012,1.8546619457089866,962.8224582701063,11.898740275068045,5.961413396921743,5.0340824240672495,2.7699496591757593,0,0,95.04916494007486,NA,91.51547064412368,99.02060114826072,0.9793988517392773,NA,NA,NA,NA,NA,NA,NA,42.30769230769231,36.84210526315789,57.14285714285714,23.279352226720647,50.10121457489879,0,0,321.42857142857144,79947,NA,NA,NA,NA,NA,NA,0,0,87359,83034,NA,NA,NA,NA,NA,NA,NA,NA,NA,NA,82046,988,79164,783,NA,NA,NA,418,230,154,264,88,142,495,0,0,0,0,154
West Virginia,2012,0.43770859550254415,0,32.66400393937736,16.961208075723587,14.280242928270503,0,0.21885429775127208,0,85.67076028874098,NA,0,NA,NA,NA,NA,NA,NA,NA,NA,NA,43.71859296482412,3.065134099616858,0,0,51.92629815745393,50,0,3875,0,NA,NA,NA,NA,NA,NA,4,0,21334,18277,NA,NA,NA,NA,NA,NA,NA,NA,NA,NA,17680,597,0,0,NA,NA,NA,261,0,8,253,0,0,310,4,0,0,0,4
Wisconsin,2012,1.676420385271885,982.4280663252865,8.793586930017069,1.2954157522555474,6.44659839063643,4.785418190685199,0.8229700073152889,0.6248475981467935,99.1208193601015,NA,97.37907489652255,99.21505359663682,0.7849464033631695,NA,NA,NA,NA,NA,NA,NA,73.3102253032929,26.004728132387704,50.90909090909091,54.41941074523397,14.731369150779896,49.09090909090909,37.27272727272727,77.27272727272727,64463,NA,NA,NA,NA,NA,NA,54,41,66198,65616,NA,NA,NA,NA,NA,NA,NA,NA,NA,NA,65039,577,63957,506,NA,NA,NA,423,314,110,313,56,258,85,54,0,41,0,56
Wyoming,2012,2.7243832299076733,992.1295595580445,7.1136673225367035,1.5135462388375966,4.54063871651279,4.08657484486151,2.270319358256395,1.9676101104888752,96.3400408282298,NA,95.58180227471567,99.3440122044241,0.6559877955758963,NA,NA,NA,NA,NA,NA,NA,63.829787234042556,60,88.88888888888889,57.446808510638306,21.27659574468085,83.33333333333334,72.22222222222221,55.55555555555556,6555,NA,NA,NA,NA,NA,NA,15,13,6858,6607,NA,NA,NA,NA,NA,NA,NA,NA,NA,NA,6560,47,6512,43,NA,NA,NA,30,27,18,12,16,11,10,15,0,13,0,0
US,2012,1.4330119896645155,860.4913752308524,15.903161368404744,4.974580068596125,7.610798654879412,5.261444203878738,0.9231476324286294,0.6195323067645494,96.62715042491298,NA,83.14682955377182,98.47311758618864,1.526882413811354,NA,NA,NA,NA,NA,NA,NA,47.85714285714286,18.82866772130133,59.397260273972606,33.084265964450296,31.28044766293614,64.42009132420091,43.23287671232877,347.1415525114155,3287614,NA,NA,NA,NA,NA,NA,3527,2367,3953986,3820624,NA,NA,NA,NA,NA,NA,NA,NA,NA,NA,3759864,60760,3237416,50198,NA,NA,NA,29078,20102,5475,23603,3252,16850,19006,3427,100,2313,54,1404
State/Territory average,2012,1.6999482631427745,914.4252048834591,21.43658771556031,8.340622411649369,9.167197482257253,6.051452699564246,1.066322274158003,0.7180227939700699,95.97039691028515,NA,88.00216029678975,98.14954862829114,1.8504513717088584,NA,NA,NA,NA,NA,NA,NA,47.69855859319371,30.809161934835476,56.373828211905206,31.8232115554775,36.88561411482344,61.22437944151529,39.231118410291856,Inf,57677.43859649123,NA,NA,NA,NA,NA,NA,65.31481481481481,43.833333333333336,69368.17543859649,67028.49122807017,NA,NA,NA,NA,NA,NA,NA,NA,NA,NA,65962.52631578948,1065.9649122807018,56796.771929824565,880.6666666666666,NA,NA,NA,538.4814814814815,372.25925925925924,101.38888888888889,437.0925925925926,60.22222222222222,312.037037037037,351.962962962963,63.46296296296296,1.8518518518518519,42.833333333333336,1,26
State/Territory median,2012,1.615587430619419,977.6856142161191,14.991514237224214,5.199309376459,5.71874606433548,3.28011225161418,0.9633970695834733,0.5370026012703883,98.36917403693515,NA,95.58180227471567,98.71739012036382,1.2826098796361853,NA,NA,NA,NA,NA,NA,NA,45.91064673031886,31.645569620253166,59,28.655164358418155,35.561846267295415,66.66666666666666,39.743589743589745,352.1797839506173,39818,NA,NA,NA,NA,NA,NA,39,27.5,45566,43894,NA,NA,NA,NA,NA,NA,NA,NA,NA,NA,42607,696,39569,546,NA,NA,NA,289,150,65,199.5,36,107,214,37,0,27.5,0,13
State/Territory SD,2012,0.7462034685372417,204.45598756337267,18.649668496232366,12.4451688793593,8.627597507489309,7.176207476722344,0.6939728044883329,0.6603101966981922,7.894996874726328,NA,21.355771146201224,1.7061974867084335,1.7061974867084335,NA,NA,NA,NA,NA,NA,NA,22.32767836256415,19.18190553067923,20.624573398057926,21.00821387583172,19.81350576822065,26.79995511523948,25.474773738403414,NA,65301.489605361974,NA,NA,NA,NA,NA,NA,103.01306458160228,76.12917274866598,89677.5747322681,86136.49031066973,NA,NA,NA,NA,NA,NA,NA,NA,NA,NA,85277.10782148171,1287.268522394169,64415.078120348706,1198.482333938179,NA,NA,NA,683.9326001422849,542.8040469665038,141.8073921838612,627.9258239007642,90.56690775263453,510.94470265226715,560.7344564745845,102.65911955978902,6.707943495580606,75.96219268149868,4.395538046358049,41.575573380132624
Alabama,2013,1.0331314570716068,957.659422871393,3.722835767723548,0.7659422871392946,2.190951193444959,1.3359458496615604,0.5343783398646241,0.3206270039187745,98.96521938406755,NA,94.77497487968692,99.79353830701412,0.2064616929858825,NA,NA,NA,NA,NA,NA,NA,58.85167464114832,47.15447154471545,43.103448275862064,35.88516746411483,20.574162679425836,51.724137931034484,31.03448275862069,74.13793103448276,53763,NA,NA,NA,NA,NA,NA,30,18,56727,56140,NA,NA,NA,NA,NA,NA,NA,NA,NA,NA,55931,209,53652,111,NA,NA,NA,123,75,58,65,25,50,43,30,0,18,0,12
Alaska,2013,1.8233202662047587,988.4219163095997,13.492569969915214,5.74345883854499,5.105296745373325,3.281976479168566,1.0939921597228555,0.7293281064819036,97.26015250931016,NA,96.13406632381628,98.65338498432024,1.3466150156797638,NA,NA,NA,NA,NA,NA,NA,37.83783783783784,35.714285714285715,80,24.324324324324326,42.567567567567565,60,40,315,10842,NA,NA,NA,NA,NA,NA,12,8,11278,10969,NA,NA,NA,NA,NA,NA,NA,NA,NA,NA,10821,148,10696,146,NA,NA,NA,56,36,20,36,16,20,63,12,0,8,0,3
American Samoa,2013,1.7286084701815039,993.0855661192741,1.7286084701815039,0,1.7286084701815039,0,1.7286084701815039,1.7286084701815039,99.39862542955326,NA,98.71134020618557,99.82593559617058,0.17406440382941687,NA,NA,NA,NA,NA,NA,NA,100,100,0,0,0,100,100,0,1149,NA,NA,NA,NA,NA,NA,2,2,1164,1157,NA,NA,NA,NA,NA,NA,NA,NA,NA,NA,1155,2,1147,2,NA,NA,NA,2,0,2,0,0,0,0,2,0,2,0,0
Arizona,2013,1.4143940899367613,977.9892225508189,8.579878198459364,2.9106126313574676,4.30162830658453,2.384598300389251,0.4441898794842722,0.32729780593577945,98.90286480612268,NA,96.72593585978866,99.32708627160376,0.6729137283962422,NA,NA,NA,NA,NA,NA,NA,50.13623978201635,32.880434782608695,55.371900826446286,27.79291553133515,33.92370572207085,31.40495867768595,23.140495867768596,205.78512396694214,83666,NA,NA,NA,NA,NA,NA,38,28,86498,85549,NA,NA,NA,NA,NA,NA,NA,NA,NA,NA,84815,734,83103,563,NA,NA,NA,368,204,121,247,67,137,249,38,0,28,0,79
Arkansas,2013,0.8592541673827118,968.6085810849517,14.75052987340322,10.59746806438678,1.46073208455061,0.4869106948502034,0.315059861373661,0.11456722231769491,98.82532763452122,NA,95.72306037532906,98.69596073097168,1.3040392690283282,NA,NA,NA,NA,NA,NA,NA,9.902912621359224,58.82352941176471,26.666666666666668,3.300970873786408,71.84466019417476,36.666666666666664,13.333333333333334,1233.3333333333335,33818,NA,NA,NA,NA,NA,NA,11,4,35329,34914,NA,NA,NA,NA,NA,NA,NA,NA,NA,NA,34399,515,33377,441,NA,NA,NA,51,17,30,21,8,9,370,11,0,4,0,17
California,2013,1.8960726890440789,628.926685189357,5.8613468165169,0.9553369544358505,3.9277281336303638,2.507238033257407,1.5748458528363911,1.1889564716778052,96.73931686882405,NA,60.841937885792355,99.24448203240304,0.7555179675969687,NA,NA,NA,NA,NA,NA,NA,67.01067615658363,48.27403080191184,66.22662266226622,42.77580071174377,16.29893238434164,83.05830583058305,62.70627062706271,50.38503850385039,301515,NA,NA,NA,NA,NA,NA,755,570,495571,479412,NA,NA,NA,NA,NA,NA,NA,NA,NA,NA,476602,2810,299237,2278,NA,NA,NA,1883,1202,909,974,602,600,458,755,0,570,0,17
Colorado,2013,1.9939247604953656,976.6492717501362,11.558532595996573,8.069164265129682,3.1466625126567487,2.087389983643586,0.9502297686735728,0.7944543967598723,97.95379638671875,NA,95.66650390625,98.98079622304454,1.0192037769554676,NA,NA,NA,NA,NA,NA,NA,27.22371967654987,63.366336633663366,63.28125,18.059299191374663,69.81132075471697,47.65625,39.84375,404.6875,62696,NA,NA,NA,NA,NA,NA,61,51,65536,64195,NA,NA,NA,NA,NA,NA,NA,NA,NA,NA,63453,742,62057,639,NA,NA,NA,202,134,128,74,81,53,518,61,0,51,0,38
Commonwealth of the Northern Mariana Islands,2013,4.7664442326024785,986.6539561487131,15.252621544327932,5.719733079122974,4.7664442326024785,1.9065776930409915,2.859866539561487,1.9065776930409915,98.59022556390977,NA,97.27443609022556,98.64734299516908,1.3526570048309179,NA,NA,NA,NA,NA,NA,NA,31.25,100,40,12.5,37.5,60,40,120,1035,NA,NA,NA,NA,NA,NA,3,2,1064,1049,NA,NA,NA,NA,NA,NA,NA,NA,NA,NA,1033,16,1021,14,NA,NA,NA,5,2,5,0,2,0,6,3,0,2,0,0
Connecticut,2013,2.491376006132618,986.1742320538795,14.099545529212069,2.5187537644417675,11.197503148442205,9.28106006680173,1.8069320484038767,1.2867546405300334,99.04013015184383,NA,97.67082429501085,98.63968240748451,1.3603175925154771,NA,NA,NA,NA,NA,NA,NA,79.41747572815534,22.249388753056234,74.72527472527473,65.8252427184466,17.864077669902912,72.52747252747253,51.64835164835166,101.0989010989011,36021,NA,NA,NA,NA,NA,NA,66,47,36880,36526,NA,NA,NA,NA,NA,NA,NA,NA,NA,NA,36011,515,35531,490,NA,NA,NA,409,339,91,318,68,271,92,66,0,47,0,16
Delaware,2013,0.8070301291248206,969.3328550932569,15.512912482065996,11.208751793400287,4.30416068866571,2.779770444763271,0.8070301291248206,0.3586800573888092,99.55365113372612,NA,96.50062488841277,99.89824236817762,0.10175763182238669,NA,NA,NA,NA,NA,NA,NA,27.74566473988439,18.75,44.44444444444444,17.91907514450867,72.25433526011561,100,44.44444444444444,1388.888888888889,10810,NA,NA,NA,NA,NA,NA,9,4,11202,11152,NA,NA,NA,NA,NA,NA,NA,NA,NA,NA,10979,173,10799,11,NA,NA,NA,48,31,9,39,4,27,125,9,0,4,0,0
District of Columbia,2013,1.576789656259855,961.8416903185115,33.427940712708924,29.01292967518133,3.626616209397666,0.9460737937559129,1.261431725007884,0,90.35475138908676,NA,86.90696680438809,97,3,NA,NA,NA,NA,NA,NA,NA,10.849056603773585,43.47826086956522,10,2.8301886792452833,86.79245283018868,80,0,1839.9999999999998,6100,NA,NA,NA,NA,NA,NA,8,0,7019,6342,NA,NA,NA,NA,NA,NA,NA,NA,NA,NA,6130,212,5917,183,NA,NA,NA,23,6,10,13,1,5,184,8,0,0,0,2
Florida,2013,1.0687344841798543,973.6842105263158,9.302303290552004,3.359564454753712,4.821286507107324,3.206203452539562,0.7763900737091316,0.5655186956646762,97.14692763960407,NA,94.59042954382501,99.1578356721318,0.8421643278682069,NA,NA,NA,NA,NA,NA,NA,51.82895414734673,22.166998011928428,56.05381165919282,34.46676970633694,36.11540443070582,72.6457399103139,52.91479820627802,314.3497757847534,203167,NA,NA,NA,NA,NA,NA,162,118,214786,208658,NA,NA,NA,NA,NA,NA,NA,NA,NA,NA,206717,1941,201456,1711,NA,NA,NA,1006,669,223,783,125,544,701,162,0,118,0,34
Georgia,2013,1.6193414138469884,990.0410503048411,10.315204806205315,3.3196498983863263,6.193980907964731,4.4127053527330435,1.0363785048620726,0.6801233938157352,97.77543798538598,NA,96.80169731706738,99.10939915110774,0.8906008488922692,NA,NA,NA,NA,NA,NA,NA,60.04709576138148,26.143790849673206,64,42.77864992150707,32.18210361067504,64,42,204.99999999999997,122277,NA,NA,NA,NA,NA,NA,128,84,126317,123507,NA,NA,NA,NA,NA,NA,NA,NA,NA,NA,122233,1274,121188,1089,NA,NA,NA,765,545,200,565,128,417,410,115,13,77,7,46
Guam,2013,2.3841961852861036,951.2942779291553,11.920980926430518,4.427792915531335,4.087193460490463,3.746594005449591,1.0217983651226157,1.0217983651226157,99.45799457994579,NA,94.61382113821138,99.06910132474043,0.9308986752595776,NA,NA,NA,NA,NA,NA,NA,34.285714285714285,58.333333333333336,85.71428571428571,31.428571428571427,37.142857142857146,42.857142857142854,42.857142857142854,185.71428571428572,2793,NA,NA,NA,NA,NA,NA,3,3,2952,2936,NA,NA,NA,NA,NA,NA,NA,NA,NA,NA,2901,35,2767,26,NA,NA,NA,12,11,7,5,6,5,13,3,0,3,0,1
Hawaii,2013,3.2592434280829234,905.6956614661252,10.418892925838854,1.8700577046377431,7.8008121393460135,4.220987390468048,1.8166274845052361,1.2288950630476598,98.86951928156365,NA,89.54569466455362,99.25668102176863,0.7433189782313727,NA,NA,NA,NA,NA,NA,NA,74.87179487179488,41.78082191780822,67.21311475409836,40.51282051282051,17.94871794871795,55.73770491803278,37.704918032786885,57.377049180327866,16951,NA,NA,NA,NA,NA,NA,34,23,18930,18716,NA,NA,NA,NA,NA,NA,NA,NA,NA,NA,18521,195,16825,126,NA,NA,NA,146,79,61,85,41,38,35,33,1,23,0,19
Idaho,2013,2.8855721393034828,897.2636815920398,31.741293532338307,7.611940298507463,22.736318407960198,20.99502487562189,1.691542288557214,1.5422885572139304,99.0928810885427,NA,88.91244330506804,96.58996395896867,3.410036041031328,NA,NA,NA,NA,NA,NA,NA,71.63009404388715,12.691466083150985,84.48275862068965,66.14420062695925,23.981191222570533,58.620689655172406,53.44827586206896,263.7931034482759,18035,NA,NA,NA,NA,NA,NA,34,31,20284,20100,NA,NA,NA,NA,NA,NA,NA,NA,NA,NA,19462,638,17420,615,NA,NA,NA,457,422,58,399,49,373,153,34,0,31,0,18
Illinois,2013,NA,970.785214012968,10.015926856411726,NA,NA,NA,0.35318970285417267,0.31320596290841723,99.36366886943624,NA,96.46078054852936,99.20783651502983,0.7921634849701739,NA,NA,NA,NA,NA,NA,NA,NA,NA,NA,NA,NA,NA,NA,NA,145677,NA,NA,NA,NA,NA,NA,53,47,151022,150061,NA,NA,NA,NA,NA,NA,NA,NA,NA,NA,148558,1503,144523,1154,NA,NA,NA,NA,NA,NA,NA,NA,NA,NA,53,0,47,0,160
Indiana,2013,1.9050428327372393,947.9370229711294,27.98569374285609,3.6625984784238534,21.79123188672984,15.695094821970676,1.130735100721458,0.651401742806927,96.81230813164846,NA,91.77197115727851,97.13329962270022,2.8667003772997783,NA,NA,NA,NA,NA,NA,NA,77.86561264822134,8.74224478285392,65.16129032258064,56.08256477821695,13.087395696091347,59.354838709677416,34.193548387096776,192.25806451612902,77127,NA,NA,NA,NA,NA,NA,92,53,84042,81363,NA,NA,NA,NA,NA,NA,NA,NA,NA,NA,79086,2277,74916,2211,NA,NA,NA,1773,1277,155,1618,101,1176,298,91,1,53,0,49
Iowa,2013,1.7246785826277828,986.4638862757396,12.543116964565694,4.494616912302707,5.984112051844884,3.344831190550852,1.4633636458659978,1.0452597470471412,98.69245647969052,NA,97.3565441650548,98.85562913907285,1.1443708609271523,NA,NA,NA,NA,NA,NA,NA,47.708333333333336,28.82096069868996,69.6969696969697,26.666666666666668,35.833333333333336,84.84848484848484,60.60606060606061,260.6060606060606,37750,NA,NA,NA,NA,NA,NA,56,40,38775,38268,NA,NA,NA,NA,NA,NA,NA,NA,NA,NA,37788,480,37318,432,NA,NA,NA,229,128,66,163,46,82,172,56,0,40,0,9
Kansas,2013,2.091089916866425,981.9707247411638,12.776049370122916,0.6120263171316367,11.067475901463764,7.471821288315398,1.2240526342632734,0.8925383791503035,98.59452392326452,NA,96.81693611243809,98.91188615057003,1.0881138494299738,NA,NA,NA,NA,NA,NA,NA,86.62674650698602,18.89400921658986,45.1219512195122,58.48303393213573,4.790419161676647,58.536585365853654,42.68292682926829,29.268292682926827,38507,NA,NA,NA,NA,NA,NA,48,35,39773,39214,NA,NA,NA,NA,NA,NA,NA,NA,NA,NA,38713,501,38088,419,NA,NA,NA,434,293,82,352,37,256,24,48,0,35,0,29
Kentucky,2013,1.0519592741481008,963.0875004696246,40.06837735281963,3.888492316940301,34.50802118946538,30.168689183604464,0.5447646241124093,0.4320547018822557,99.58656814142736,NA,95.91057899167524,96.17507655698375,3.8249234430162473,NA,NA,NA,NA,NA,NA,NA,86.12283169245195,3.0484485574305933,64.28571428571429,75.29301453352086,9.70464135021097,51.78571428571429,41.07142857142857,369.64285714285717,51269,NA,NA,NA,NA,NA,NA,29,23,53455,53234,NA,NA,NA,NA,NA,NA,NA,NA,NA,NA,51101,2133,49308,1961,NA,NA,NA,1837,1606,56,1781,36,1570,207,29,0,23,0,17
Louisiana,2013,0.9196218256913298,0,54.467426026911035,18.82804685231196,35.63937917459908,0.4517440547255655,0.4517440547255655,0.24200574360298152,98.50295594685653,NA,0,NA,NA,NA,NA,NA,NA,NA,NA,NA,65.4324644549763,2.5803531009506564,49.122807017543856,0.8293838862559242,34.567535545023695,49.122807017543856,26.31578947368421,2047.3684210526314,0,NA,NA,NA,NA,NA,NA,28,15,62924,61982,NA,NA,NA,NA,NA,NA,NA,NA,NA,NA,58606,3376,0,0,NA,NA,NA,2209,28,57,2152,28,0,1167,22,6,13,2,17
Maine,2013,1.543460601137287,979.4476035743298,18.034118602761982,3.249390739236393,13.728675873273762,9.991876523151909,0.48740861088545895,0.4061738424045491,97.75271976494878,NA,95.7436671166521,98.46562163058805,1.53437836941196,NA,NA,NA,NA,NA,NA,NA,76.12612612612612,11.242603550295858,73.68421052631578,55.4054054054054,18.01801801801802,31.57894736842105,26.31578947368421,210.52631578947367,12057,NA,NA,NA,NA,NA,NA,6,5,12593,12310,NA,NA,NA,NA,NA,NA,NA,NA,NA,NA,12088,222,11872,185,NA,NA,NA,169,123,19,150,14,109,40,2,4,1,4,11
Marshall Islands,2013,11.350737797956867,981.838819523269,68.1044267877412,39.727582292849036,12.485811577752553,2.2701475595913734,5.675368898978434,3.40522133938706,97.99777530589544,NA,96.21802002224695,94.21965317919076,5.780346820809249,NA,NA,NA,NA,NA,NA,NA,18.333333333333332,90.9090909090909,20,3.3333333333333335,58.333333333333336,50,30,350,865,NA,NA,NA,NA,NA,NA,5,3,899,881,NA,NA,NA,NA,NA,NA,NA,NA,NA,NA,821,60,815,50,NA,NA,NA,11,2,10,1,2,0,35,0,5,0,3,4
Maryland,2013,1.2985497096501213,983.5711576059996,12.22679389535732,2.363652280486737,7.65998424231813,5.135837053897108,0.9046076629023315,0.4377133852753217,98.8804570505237,NA,97.25596560579393,98.87260428410372,1.1273957158962795,NA,NA,NA,NA,NA,NA,NA,62.64916467780429,16.952380952380953,56.17977528089888,42.004773269689736,19.331742243436754,69.66292134831461,33.70786516853933,182.02247191011236,67412,NA,NA,NA,NA,NA,NA,62,30,69314,68538,NA,NA,NA,NA,NA,NA,NA,NA,NA,NA,67700,838,66652,760,NA,NA,NA,525,352,89,436,50,302,162,62,0,30,0,27
Massachusetts,2013,2.193564612353821,986.2238553644531,17.255110167241835,0.7684462017800008,14.740195325052742,12.12747823900074,1.6766098947927293,1.187598675478183,99.13020595282613,NA,97.76457389786844,98.3807216626291,1.6192783373709039,NA,NA,NA,NA,NA,NA,NA,85.4251012145749,14.881516587677726,61.78343949044586,70.2834008097166,4.4534412955465585,76.43312101910828,54.14012738853503,35.03184713375796,70587,NA,NA,NA,NA,NA,NA,120,85,72201,71573,NA,NA,NA,NA,NA,NA,NA,NA,NA,NA,70338,1235,69444,1143,NA,NA,NA,1055,868,157,898,97,771,55,120,0,85,0,18
Michigan,2013,1.405962723962652,965.0131583690832,10.652871408486247,4.4251775478568085,4.956919860124734,2.6677241429034932,1.360899816143336,0.4416164966292945,99.026301462779,NA,95.56168393620534,99.19401535386741,0.8059846461325811,NA,NA,NA,NA,NA,NA,NA,46.53130287648054,28.363636363636363,55.769230769230774,25.042301184433164,41.53976311336717,96.7948717948718,31.41025641025641,314.7435897435897,107074,NA,NA,NA,NA,NA,NA,151,49,112047,110956,NA,NA,NA,NA,NA,NA,NA,NA,NA,NA,109774,1182,106211,863,NA,NA,NA,550,296,156,394,87,209,491,151,0,49,0,0
Micronesia,2013,NA,NA,NA,NA,NA,NA,NA,NA,NA,NA,NA,NA,NA,NA,NA,NA,NA,NA,NA,NA,NA,NA,NA,NA,NA,NA,NA,NA,NA,NA,NA,NA,NA,NA,NA,NA,NA,NA,NA,NA,NA,NA,NA,NA,NA,NA,NA,NA,NA,NA,NA,NA,NA,NA,NA,NA,NA,NA,NA,NA,NA,NA,NA,NA,NA,NA,NA,NA
Minnesota,2013,2.4956919603066137,977.9547210172915,7.932735159546022,1.3815437637411612,5.63016221997742,3.639550775447145,1.619228712341791,1.129003505852992,98.27727166549872,NA,96.11072179397337,99.25871916393243,0.7412808360675659,NA,NA,NA,NA,NA,NA,NA,70.97378277153558,44.327176781002635,70.83333333333334,45.88014981273408,17.415730337078653,64.88095238095238,45.23809523809524,55.35714285714286,65832,NA,NA,NA,NA,NA,NA,109,76,68496,67316,NA,NA,NA,NA,NA,NA,NA,NA,NA,NA,66782,534,65344,488,NA,NA,NA,379,245,168,211,119,126,93,109,0,76,0,30
Mississippi,2013,1.6156828953037485,984.0855234812581,13.625592417061611,1.2656182679879362,11.09435588108574,7.593709607927618,1.0232658336923741,0.7270573028866868,98.64003399915002,NA,97.07022949426263,98.80968668764537,1.1903133123546314,NA,NA,NA,NA,NA,NA,NA,81.42292490118577,14.563106796116504,51.66666666666667,55.73122529644269,9.288537549407115,63.33333333333333,45,78.33333333333333,36545,NA,NA,NA,NA,NA,NA,38,27,37648,37136,NA,NA,NA,NA,NA,NA,NA,NA,NA,NA,36630,506,36110,435,NA,NA,NA,412,282,60,352,31,251,47,38,0,27,0,14
Missouri,2013,1.2150019359920958,977.702711724101,17.57079722819339,5.32731618088842,11.215402486080885,8.1845734809137891,1.0147268915977943,0.801100177577206,98.16120576671035,NA,95.97247706422019,98.37764758900406,1.622352410995944,NA,NA,NA,NA,NA,NA,NA,63.829787234042556,10.833333333333334,58.24175824175825,46.58054711246201,30.319148936170215,83.51648351648352,65.93406593406593,438.4615384615385,73227,NA,NA,NA,NA,NA,NA,76,60,76300,74897,NA,NA,NA,NA,NA,NA,NA,NA,NA,NA,73581,1316,72039,1188,NA,NA,NA,840,613,91,749,53,560,399,76,0,60,0,11
Montana,2013,0.8389261744966443,977.2651006711409,17.78523489932886,9.395973154362416,2.936241610738255,2.097315436241611,0.6711409395973154,0.5033557046979866,96.66693698807882,NA,94.4692239072257,98.3947119924457,1.6052880075542966,NA,NA,NA,NA,NA,NA,NA,16.50943396226415,28.57142857142857,50,11.79245283018868,52.83018867924528,80,60,1120,11649,NA,NA,NA,NA,NA,NA,8,6,12331,11920,NA,NA,NA,NA,NA,NA,NA,NA,NA,NA,11708,212,11462,187,NA,NA,NA,35,25,10,25,5,20,112,6,2,5,1,2
Nebraska,2013,1.8662400975015234,977.8717245581963,4.951249238269348,1.2949421084704447,2.5898842169408893,0.3808653260207191,1.4092017062766606,0.9902498476538695,99.39054396789946,NA,97.19120263466708,99.55209347614411,0.44790652385589097,NA,NA,NA,NA,NA,NA,NA,52.307692307692314,72.05882352941177,14.285714285714285,7.6923076923076925,26.153846153846157,75.51020408163265,53.06122448979592,69.38775510204081,25675,NA,NA,NA,NA,NA,NA,37,26,26417,26256,NA,NA,NA,NA,NA,NA,NA,NA,NA,NA,26126,130,25560,115,NA,NA,NA,68,10,49,19,7,3,34,37,0,26,0,1
Nevada,2013,1.2034418436729044,914.9768337445093,14.772248631084903,5.505746434803538,6.047295264456345,3.580239484926891,1.0229255671219688,0.8424092905710332,95.4566341183228,NA,87.34060884549109,98.5564908588715,1.443509141128502,NA,NA,NA,NA,NA,NA,NA,40.936863543788185,19.900497512437813,35,24.236252545824847,37.270875763747455,85,70,457.5,30412,NA,NA,NA,NA,NA,NA,34,28,34820,33238,NA,NA,NA,NA,NA,NA,NA,NA,NA,NA,32747,491,29973,439,NA,NA,NA,201,119,40,161,14,105,183,34,0,28,0,3
New Hampshire,2013,1.3988315642228257,987.7396527606353,26.74236813955402,7.076442030774294,17.11511560931457,12.095778820044433,0.9874105159219946,0.5759894676211635,96.34533058506422,NA,95.16410337719994,97.40919693435521,2.590803065644785,NA,NA,NA,NA,NA,NA,NA,64,8.173076923076923,47.05882352941176,45.230769230769226,26.461538461538463,70.58823529411765,41.17647058823529,505.88235294117646,12004,NA,NA,NA,NA,NA,NA,12,7,12614,12153,NA,NA,NA,NA,NA,NA,NA,NA,NA,NA,11828,325,11693,311,NA,NA,NA,208,147,17,191,8,139,86,12,0,7,0,5
New Jersey,2013,1.3730206454199239,979.1942273000601,7.827219883744237,2.8262176788935656,4.279414712367208,2.695931048306274,0.9921828021647624,0.4910803768290239,99.40128111893685,NA,97.33316065789343,99.46163923687874,0.5383607631212642,NA,NA,NA,NA,NA,NA,NA,54.67349551856594,32.08430913348946,49.63503649635037,34.44302176696543,36.107554417413574,72.26277372262774,35.76642335766424,205.83941605839416,97704,NA,NA,NA,NA,NA,NA,99,49,100381,99780,NA,NA,NA,NA,NA,NA,NA,NA,NA,NA,98999,781,97178,526,NA,NA,NA,427,269,137,290,68,201,282,97,2,49,0,21
New Mexico,2013,1.5351550506601166,951.8838545550243,31.71191718935041,20.878108688977587,8.377560419316636,6.623097504276503,1.5351550506601166,1.4035703320321067,90.17165005537099,NA,85.8329378262933,97.16615980094001,2.8338401990599946,NA,NA,NA,NA,NA,NA,NA,26.41770401106501,18.32460732984293,68.57142857142857,20.885200553250346,65.83679114799446,100,91.42857142857143,1360,21702,NA,NA,NA,NA,NA,NA,35,32,25284,22799,NA,NA,NA,NA,NA,NA,NA,NA,NA,NA,22076,723,21087,615,NA,NA,NA,191,151,35,156,24,127,476,35,0,32,0,0
New York,2013,NA,993.0333730334727,32.73517349293122,NA,NA,NA,NA,NA,84.41876411915409,NA,83.83065008056069,96.87012289672961,3.129877103270388,NA,NA,NA,NA,NA,NA,NA,NA,NA,NA,NA,NA,NA,NA,NA,199273,NA,NA,NA,NA,NA,NA,NA,NA,237709,200671,NA,NA,NA,NA,NA,NA,NA,NA,NA,NA,194102,6569,193036,6237,NA,NA,NA,NA,NA,NA,NA,NA,NA,NA,NA,NA,NA,NA,NA
North Carolina,2013,1.9933165269390867,978.9026708766405,7.202740391460566,2.4623321803365186,3.7437499476545026,2.026817645038903,1.5494267121165168,1.03015938156936,99.04438785244419,NA,96.95481580409951,99.35746064339493,0.642539356605065,NA,NA,NA,NA,NA,NA,NA,51.97674418604651,53.24384787472036,54.621848739495796,28.13953488372093,34.18604651162791,77.73109243697479,51.68067226890757,123.52941176470588,116880,NA,NA,NA,NA,NA,NA,185,123,120551,119399,NA,NA,NA,NA,NA,NA,NA,NA,NA,NA,118539,860,116129,751,NA,NA,NA,447,242,238,209,130,112,294,185,0,123,0,30
North Dakota,2013,1.5233581584292486,982.7352742044685,34.19092755585647,20.81922816519973,7.870683818551117,6.1780636425186195,0.8463100880162492,0.6770480704129993,98.58990404672508,NA,96.88777638715061,96.58973475714778,3.410265242852222,NA,NA,NA,NA,NA,NA,NA,23.01980198019802,19.35483870967742,66.66666666666666,18.06930693069307,60.89108910891089,55.55555555555556,44.44444444444444,1366.6666666666665,11612,NA,NA,NA,NA,NA,NA,10,8,11985,11816,NA,NA,NA,NA,NA,NA,NA,NA,NA,NA,11412,404,11216,396,NA,NA,NA,93,73,18,75,12,61,246,8,2,6,2,1
Ohio,2013,1.623162007726545,986.4638571029864,27.858160612247893,6.529371153252935,19.889243063002187,17.083596515710152,1.006213552301071,0.6022592064867723,97.42962231477108,NA,96.11080102471628,97.29955104198464,2.7004489580153526,NA,NA,NA,NA,NA,NA,NA,71.39467440021092,8.161004431314623,67.42081447963801,61.32349064065383,23.437911943052992,61.990950226244344,37.10407239819005,402.26244343891403,134311,NA,NA,NA,NA,NA,NA,137,82,139746,136154,NA,NA,NA,NA,NA,NA,NA,NA,NA,NA,132361,3793,130684,3627,NA,NA,NA,2708,2326,221,2487,149,2177,889,137,0,82,0,55
Oklahoma,2013,1.3562474570360181,1000,55.877395229883945,16.643093794199135,36.61868133997249,36.61868133997249,0.9106232925813265,0.5618739464863503,98.97217588064969,NA,98.97217588064969,94.4122604770116,5.587739522988394,NA,NA,NA,NA,NA,NA,NA,65.53398058252428,3.7037037037037033,100,65.53398058252428,29.78502080443828,67.14285714285714,41.42857142857143,1227.1428571428573,51613,NA,NA,NA,NA,NA,NA,47,29,52149,51613,NA,NA,NA,NA,NA,NA,NA,NA,NA,NA,48729,2884,48729,2884,NA,NA,NA,1890,1890,70,1820,70,1820,859,39,8,24,5,23
Oregon,2013,2.2898340437108913,971.5244400108824,30.901423777999458,9.04597805386778,19.70164142559173,14.623197605876486,1.4509839484900697,0.861521719415979,97.04303440992696,NA,94.27967966206108,96.96396900961449,3.036030990385513,NA,NA,NA,NA,NA,NA,NA,63.75641966250917,11.622554660529344,54.45544554455446,47.32208363903155,29.273661041819516,63.366336633663366,37.62376237623762,395.049504950495,42852,NA,NA,NA,NA,NA,NA,64,38,45452,44108,NA,NA,NA,NA,NA,NA,NA,NA,NA,NA,42745,1363,41551,1301,NA,NA,NA,869,645,101,768,55,590,399,64,0,38,0,17
Palau,2013,NA,968.3257918552036,40.72398190045249,NA,NA,NA,NA,NA,96.9298245614035,NA,93.85964912280701,95.7943925233645,4.205607476635514,NA,NA,NA,NA,NA,NA,NA,NA,NA,NA,NA,NA,NA,NA,NA,214,NA,NA,NA,NA,NA,NA,NA,NA,228,221,NA,NA,NA,NA,NA,NA,NA,NA,NA,NA,212,9,205,9,NA,NA,NA,NA,NA,NA,NA,NA,NA,NA,NA,NA,NA,NA,NA
Pennsylvania,2013,1.497701802406652,975.4686773743738,16.068938549959054,1.4903239610154861,12.291483757682178,10.860182527796018,1.1656989398041921,0.9960085878073792,96.77490753830556,NA,94.40089105941824,98.68245900647426,1.3175409935257458,NA,NA,NA,NA,NA,NA,NA,76.49219467401286,12.184873949579831,66.50246305418719,67.58494031221304,9.274563820018365,77.83251231527095,66.50246305418719,99.50738916256158,132216,NA,NA,NA,NA,NA,NA,158,135,140058,135541,NA,NA,NA,NA,NA,NA,NA,NA,NA,NA,133363,2178,130474,1742,NA,NA,NA,1666,1472,203,1463,135,1337,202,158,0,135,0,12
Puerto Rico,2013,NA,NA,NA,NA,NA,NA,NA,NA,NA,NA,NA,NA,NA,NA,NA,NA,NA,NA,NA,NA,NA,NA,NA,NA,NA,NA,NA,NA,NA,NA,NA,NA,NA,NA,NA,NA,NA,NA,NA,NA,NA,NA,NA,NA,NA,NA,NA,NA,NA,NA,NA,NA,NA,NA,NA,NA,NA,NA,NA,NA,NA,NA,NA,NA,NA,NA,NA,NA
Rhode Island,2013,1.2251684606633413,982.4100813861905,10.676468014351974,0.43756016452262186,7.4385227968845715,5.338234007175987,0.8751203290452437,0.08751203290452438,99.31340170345906,NA,97.56648705023466,99.21610546944592,0.7838945305540709,NA,NA,NA,NA,NA,NA,NA,69.67213114754098,16.470588235294116,85.71428571428571,50,4.098360655737705,71.42857142857143,7.142857142857142,35.714285714285715,11226,NA,NA,NA,NA,NA,NA,10,1,11506,11427,NA,NA,NA,NA,NA,NA,NA,NA,NA,NA,11305,122,11138,88,NA,NA,NA,85,61,14,71,12,49,5,10,0,1,0,2
South Carolina,2013,1.6655818049546272,978.4431596278285,15.14339319217368,7.657847379101734,6.624037982923,5.456216257609986,0.7657847379101734,0.4786154611938584,96.7780186389491,NA,94.69179033961426,98.72035689128903,1.279643108710965,NA,NA,NA,NA,NA,NA,NA,43.742098609355246,25.14450867052023,66.66666666666666,36.03034134007586,50.56890012642224,45.97701149425287,28.735632183908045,459.7701149425287,51108,NA,NA,NA,NA,NA,NA,40,25,53973,52234,NA,NA,NA,NA,NA,NA,NA,NA,NA,NA,51443,791,50454,654,NA,NA,NA,346,285,87,259,58,227,400,40,0,25,0,46
South Dakota,2013,2.288329519450801,984.0606012783082,28.40684920697546,22.567663536652727,3.4719482364081116,2.6828690917699047,0,0,98.04270462633453,NA,96.47996286554232,97.24961911634993,2.750380883650068,NA,NA,NA,NA,NA,NA,NA,12.222222222222221,65.9090909090909,79.3103448275862,9.444444444444445,79.44444444444444,0,0,986.2068965517242,12471,NA,NA,NA,NA,NA,NA,0,0,12926,12673,NA,NA,NA,NA,NA,NA,NA,NA,NA,NA,12313,360,12128,343,NA,NA,NA,44,34,29,15,23,11,286,0,0,0,0,29
Tennessee,2013,0.7921077266508245,981.5294880103694,45.49818775353448,15.662130049686757,27.423729627229303,22.911115911764,0.564076714433163,0.36004896665946573,98.05818387233441,NA,96.24699901143906,95.57487497401661,4.425125025983395,NA,NA,NA,NA,NA,NA,NA,60.27433394882616,2.888402625820569,36.36363636363637,50.35610656818781,34.42363492482195,71.21212121212122,45.45454545454545,1977.2727272727273,81783,NA,NA,NA,NA,NA,NA,47,30,84972,83322,NA,NA,NA,NA,NA,NA,NA,NA,NA,NA,79531,3791,78164,3619,NA,NA,NA,2285,1909,66,2219,24,1885,1305,47,0,30,0,19
Texas,2013,0.6857651385271754,985.2272578555443,13.668189135072174,8.39669681066862,4.030833256991794,2.5886325267304446,0.11778408867833165,0.09422727094266532,98.84814505300034,NA,97.38788689467461,98.70699846710113,1.2930015328988793,NA,NA,NA,NA,NA,NA,NA,29.49061662198391,17.01298701298701,53.05343511450382,18.93910379165071,61.432401378782075,17.17557251908397,13.740458015267176,1224.4274809160306,376411,NA,NA,NA,NA,NA,NA,45,36,386507,382055,NA,NA,NA,NA,NA,NA,NA,NA,NA,NA,376833,5222,371544,4867,NA,NA,NA,1540,989,262,1278,139,850,3208,41,4,36,0,181
Utah,2013,2.35922632974575,977.9675557635314,9.59288722508189,2.9831539541413195,5.907814693495554,4.601466229917329,1.6768054905630947,1.2283575105287785,98.8360440915748,NA,96.65844446157404,99.23441923521672,0.7655807647832847,NA,NA,NA,NA,NA,NA,NA,61.58536585365854,39.93399339933993,76.03305785123968,47.96747967479675,31.097560975609756,71.07438016528926,52.066115702479344,126.44628099173553,50158,NA,NA,NA,NA,NA,NA,86,63,51892,51288,NA,NA,NA,NA,NA,NA,NA,NA,NA,NA,50796,492,49774,384,NA,NA,NA,303,236,121,182,92,144,153,84,2,62,1,5
Vermont,2013,1.6131923283742606,970.0663201290554,5.377307761247535,0.5377307761247536,3.4056282487901055,1.792435920415845,1.6131923283742606,1.2547051442910915,98.673505482844,NA,95.71984435797665,99.63045084996305,0.36954915003695493,NA,NA,NA,NA,NA,NA,NA,63.33333333333333,47.368421052631575,44.44444444444444,33.33333333333333,10,100,77.77777777777779,33.33333333333333,5412,NA,NA,NA,NA,NA,NA,9,7,5654,5579,NA,NA,NA,NA,NA,NA,NA,NA,NA,NA,5551,30,5392,20,NA,NA,NA,19,10,9,10,4,6,3,9,0,7,0,0
Virgin Islands,2013,NA,NA,NA,NA,NA,NA,NA,NA,NA,NA,NA,NA,NA,NA,NA,NA,NA,NA,NA,NA,NA,NA,NA,NA,NA,NA,NA,NA,NA,NA,NA,NA,NA,NA,NA,NA,NA,NA,NA,NA,NA,NA,NA,NA,NA,NA,NA,NA,NA,NA,NA,NA,NA,NA,NA,NA,NA,NA,NA,NA,NA,NA,NA,NA,NA,NA,NA,NA
Virginia,2013,1.4120304998587971,972.7578972848671,12.355266873764474,4.387380481704119,6.223020131520555,4.831161495945455,0.5748981320853673,0.44378101424133615,99.2691083121408,NA,96.56480906706182,99.01915041421714,0.9808495857828652,NA,NA,NA,NA,NA,NA,NA,50.36734693877551,22.690437601296594,66.42857142857143,39.102040816326536,35.51020408163265,40.714285714285715,31.428571428571427,310.7142857142857,96447,NA,NA,NA,NA,NA,NA,57,44,99878,99148,NA,NA,NA,NA,NA,NA,NA,NA,NA,NA,97923,1225,95501,946,NA,NA,NA,617,479,140,477,93,386,435,51,6,42,2,77
Washington,2013,1.8899240395914856,962.056140435894,12.61160849496626,5.221520904255964,6.081678640223884,3.561779920768569,0.7995832475194747,0.5209406006566274,95.51045439292781,NA,91.8864191245386,99.01273123370817,0.9872687662918236,NA,NA,NA,NA,NA,NA,NA,48.222862632084535,31.07569721115538,53.84615384615385,28.24207492795389,41.402497598463015,42.30769230769231,27.564102564102566,276.28205128205127,79411,NA,NA,NA,NA,NA,NA,66,43,86423,82543,NA,NA,NA,NA,NA,NA,NA,NA,NA,NA,81502,1041,78627,784,NA,NA,NA,502,294,156,346,84,210,431,66,0,43,0,90
West Virginia,2013,0.2684275514038761,979.9753046652709,49.98121007140173,11.00552960755892,37.15037311429646,0.16105653084232566,0.16105653084232566,0,100,NA,97.99753046652708,96.94313575106825,3.056864248931741,NA,NA,NA,NA,NA,NA,NA,74.32867883995704,0.7225433526011561,60,0.322234156820623,22.019334049409238,60,0,4100,18254,NA,NA,NA,NA,NA,NA,3,0,18627,18627,NA,NA,NA,NA,NA,NA,NA,NA,NA,NA,17696,931,17696,558,NA,NA,NA,692,3,5,687,3,0,205,3,0,0,0,2
Wisconsin,2013,1.686806109305036,982.1198552413666,8.86339937434828,1.165429675519843,6.992578053119058,5.167760534870882,0.9354106606146108,0.5673802367662394,99.0988526707697,NA,97.32695083960185,99.19432907597664,0.8056709240233582,NA,NA,NA,NA,NA,NA,NA,78.89273356401384,24.12280701754386,51.81818181818182,58.3044982698962,13.148788927335639,55.45454545454545,33.63636363636363,69.0909090909091,64046,NA,NA,NA,NA,NA,NA,61,37,65805,65212,NA,NA,NA,NA,NA,NA,NA,NA,NA,NA,64634,578,63530,516,NA,NA,NA,456,337,110,346,57,280,76,61,0,37,0,15
Wyoming,2013,1.4699397324709687,988.0934881669851,3.821843304424519,0.29398794649419374,3.233867411436131,1.9109216522122594,1.0289578127296781,1.0289578127296781,97.9271628040881,NA,96.76119188138766,99.74709907765545,0.2529009223445403,NA,NA,NA,NA,NA,NA,NA,84.61538461538461,45.45454545454545,70,50,7.6923076923076925,70,70,20,6722,NA,NA,NA,NA,NA,NA,7,7,6947,6803,NA,NA,NA,NA,NA,NA,NA,NA,NA,NA,6777,26,6705,17,NA,NA,NA,22,13,10,12,7,6,2,7,0,7,0,0
US,2013,1.3784836207188769,917.0970595940594,16.200467149862927,4.514625826833973,8.327922491697173,5.755681515102226,0.9160110373286322,0.6298561263559184,97.18503797759931,NA,89.12811256579332,98.51954065933877,1.4804593406612299,NA,NA,NA,NA,NA,NA,NA,51.4054466124925,16.552551036506486,60.94166984369043,35.527873744992135,27.867257067782592,66.4506290507053,45.6919557758292,327.5066717499047,3490133,NA,NA,NA,NA,NA,NA,3486,2397,3915861,3805631,NA,NA,NA,NA,NA,NA,NA,NA,NA,NA,3743980,61653,3438463,51670,NA,NA,NA,31693,21904,5246,26447,3197,18707,17181,3430,56,2370,27,1334
State/Territory average,2013,1.8542304312658362,949.8124430059212,19.648046845025327,7.025850065424131,10.214012796171215,6.56961417575277,1.135355754865117,0.7686384986756554,97.75599738390818,NA,92.84508750036102,98.30020625075926,1.699793749240744,NA,NA,NA,NA,NA,NA,NA,55.57929312876412,31.17252073980291,56.99486310647008,35.518015014862584,32.75154815168575,63.94477033335189,42.065194657721705,533.4942835702079,62323.80357142857,NA,NA,NA,NA,NA,NA,64.55555555555556,44.388888888888886,69926.08928571429,67957.69642857143,NA,NA,NA,NA,NA,NA,NA,NA,NA,NA,66856.78571428571,1100.9464285714287,61401.125,922.6785714285714,NA,NA,NA,597.9811320754717,413.2830188679245,98.98113207547169,499,60.320754716981135,352.9622641509434,324.1698113207547,63.51851851851852,1.037037037037037,43.888888888888886,0.5,24.703703703703702
State/Territory median,2013,1.6131923283742606,977.9783891571751,13.88386733214212,4.4251775478568085,6.193980907964731,3.639550775447145,1.018262628360205,0.6642249066099631,98.59237474358714,NA,96.12243367426629,98.72035689128903,1.279643108710965,NA,NA,NA,NA,NA,NA,NA,60.27433394882616,24.12280701754386,58.24175824175825,35.88516746411483,31.097560975609756,64,41.17647058823529,263.7931034482759,40679.5,NA,NA,NA,NA,NA,NA,39,29.5,48672,47698,NA,NA,NA,NA,NA,NA,NA,NA,NA,NA,45737,608,39819.5,503,NA,NA,NA,379,236,66,247,41,137,184,38.5,0,29,0,16.5
State/Territory SD,2013,1.5088046988719332,138.54149116171024,14.754012342470164,7.946544713492187,9.438397696134153,7.466756366098361,0.8187878427030797,0.573053637309927,2.5792587690793676,NA,13.816081712436393,1.3439220905035376,1.3439220905035378,NA,NA,NA,NA,NA,NA,NA,22.445209151445198,24.14203837210655,19.40400416348513,20.75117254177665,20.992842171829324,20.48319308729877,20.541668903356598,736.486091259377,72733.93889098182,NA,NA,NA,NA,NA,NA,106.59740282627985,79.58652978532511,89416.75917029846,86281.04246555283,NA,NA,NA,NA,NA,NA,NA,NA,NA,NA,85376.77015605896,1340.156672247253,71826.54356131797,1240.0063651910364,NA,NA,NA,696.8719253969025,559.3097523994845,133.4471215595897,643.780242008094,87.49236748797131,526.8403627090378,494.98697480334135,106.6796899806499,2.4645636680909817,79.6536527882791,1.3701673221056023,35.64003982677276
Alabama,2014,0.7537688442211055,954.1995692749462,2.9612347451543433,1.3280689160086143,1.399856424982053,0.37688442211055273,0.35893754486719315,0.1974156496769562,96.39804851043216,NA,91.98297636759973,99.8344869094192,0.1655130905808005,NA,NA,NA,NA,NA,NA,NA,47.27272727272727,53.84615384615385,47.61904761904761,12.727272727272727,44.84848484848485,47.61904761904761,26.190476190476193,176.19047619047618,53168,NA,NA,NA,NA,NA,NA,20,11,57802,55720,NA,NA,NA,NA,NA,NA,NA,NA,NA,NA,55555,165,53080,88,NA,NA,NA,78,21,42,36,20,1,74,20,0,11,0,13
Alaska,2014,1.7495395948434622,986.0957642725599,11.602209944751381,3.406998158379374,6.445672191528545,4.788213627992633,0.6445672191528544,0.27624309392265195,96.48187633262259,NA,95.14036958066808,98.85143337379773,1.1485666262022598,NA,NA,NA,NA,NA,NA,NA,55.55555555555556,27.142857142857142,52.63157894736842,41.269841269841265,29.365079365079367,36.84210526315789,15.789473684210526,194.73684210526315,10709,NA,NA,NA,NA,NA,NA,7,3,11256,10860,NA,NA,NA,NA,NA,NA,NA,NA,NA,NA,10734,126,10586,123,NA,NA,NA,70,52,19,51,10,42,37,7,0,3,0,9
American Samoa,2014,2.8544243577545196,899.1436726926736,11.417697431018079,1.9029495718363465,7.611798287345386,2.8544243577545196,2.8544243577545196,2.8544243577545196,98.0410447761194,NA,88.15298507462687,99.25925925925925,0.7407407407407408,NA,NA,NA,NA,NA,NA,NA,66.66666666666666,37.5,33.33333333333333,25,16.666666666666664,100,100,66.66666666666666,945,NA,NA,NA,NA,NA,NA,3,3,1072,1051,NA,NA,NA,NA,NA,NA,NA,NA,NA,NA,1039,12,938,7,NA,NA,NA,8,3,3,5,1,2,2,3,0,3,0,0
Arizona,2014,1.8986904789302892,979.551678902672,10.091827575890083,3.50970058226508,5.557984856505029,3.670801592598559,0.8515339117626751,0.6213896112862765,98.95242649905491,NA,96.92901550864248,99.22232011747431,0.7776798825256975,NA,NA,NA,NA,NA,NA,NA,55.074116305587225,34.161490683229815,77.57575757575758,36.37400228050171,34.77765108323831,44.84848484848485,32.72727272727273,184.84848484848484,85125,NA,NA,NA,NA,NA,NA,74,54,87822,86902,NA,NA,NA,NA,NA,NA,NA,NA,NA,NA,86025,877,84463,662,NA,NA,NA,483,319,165,318,128,191,305,74,0,54,0,81
Arkansas,2014,1.3420612965955465,968.55742105119,14.735285256498042,10.654323354605461,2.5745665689792117,1.0133932239599026,1.2872832844896058,0.7668921694831695,98.97530429125213,NA,95.86326547209195,98.72182789921669,1.2781721007833047,NA,NA,NA,NA,NA,NA,NA,17.472118959107807,52.12765957446809,42.857142857142854,6.877323420074349,72.30483271375465,95.91836734693877,57.14285714285714,793.8775510204082,35363,NA,NA,NA,NA,NA,NA,47,28,36889,36511,NA,NA,NA,NA,NA,NA,NA,NA,NA,NA,35973,538,34911,452,NA,NA,NA,94,37,49,45,21,16,389,5,42,4,24,1
California,2014,2.0540027249081376,984.0241938813426,5.786301143635688,0.509888113620412,4.114198422856199,2.48751083770282,1.7670616407249908,1.3294248792370258,99.51947472979441,NA,97.9295708964806,99.54036347158792,0.45963652841208275,NA,NA,NA,NA,NA,NA,NA,71.10239029611131,49.92473657802308,67.1356783919598,42.98965394220478,8.81198715661791,86.03015075376884,64.72361809045226,24.824120603015075,476681,NA,NA,NA,NA,NA,NA,856,644,486759,484420,NA,NA,NA,NA,NA,NA,NA,NA,NA,NA,481617,2803,474490,2191,NA,NA,NA,1993,1205,995,998,668,537,247,856,0,644,0,20
Colorado,2014,2.1515952541956107,978.8989979713531,11.58787729759636,7.438372164504826,3.2581299563533537,2.0593840290157988,0.8913751767381817,0.6915841888485892,97.9998795108139,NA,95.93198385444907,99.04545097731376,0.9545490226862392,NA,NA,NA,NA,NA,NA,NA,28.116710875331563,66.0377358490566,58.57142857142858,17.771883289124666,64.19098143236074,41.42857142857143,32.142857142857146,345.7142857142857,63695,NA,NA,NA,NA,NA,NA,58,45,66396,65068,NA,NA,NA,NA,NA,NA,NA,NA,NA,NA,64314,754,63087,608,NA,NA,NA,212,134,140,72,82,52,484,58,0,45,0,49
Commonwealth of the Northern Mariana Islands,2014,0.9551098376313276,986.6284622731614,5.730659025787966,0,1.9102196752626552,0.9551098376313276,0.9551098376313276,0,99.43019943019942,NA,98.10066476733144,99.51597289448209,0.48402710551790895,NA,NA,NA,NA,NA,NA,NA,33.33333333333333,50,0,16.666666666666664,0,100,0,0,1033,NA,NA,NA,NA,NA,NA,1,0,1053,1047,NA,NA,NA,NA,NA,NA,NA,NA,NA,NA,1041,6,1028,5,NA,NA,NA,2,1,1,1,0,1,0,1,0,0,0,0
Connecticut,2014,1.955531743905706,986.6863112777926,12.001071524243235,1.339405304045004,10.152692204661129,8.491829627645325,1.2054647736405038,0.9375837128315028,99.12110671516953,NA,97.80143915456307,98.87872288436999,1.1212771156300059,NA,NA,NA,NA,NA,NA,NA,84.59821428571429,19.261213720316622,69.86301369863014,70.75892857142857,11.160714285714286,61.64383561643836,47.94520547945205,68.4931506849315,36833,NA,NA,NA,NA,NA,NA,45,35,37661,37330,NA,NA,NA,NA,NA,NA,NA,NA,NA,NA,36882,448,36420,413,NA,NA,NA,379,317,73,306,51,266,50,45,0,35,0,16
Delaware,2014,1.224632610216935,966.9349195241427,12.071378586424073,7.085374387683696,4.286214135759272,1.7494751574527643,0.9622113365990203,0.7872638208537439,99.5125348189415,NA,96.22214484679665,99.91858150895604,0.081418491043966,NA,NA,NA,NA,NA,NA,NA,35.507246376811594,28.57142857142857,57.14285714285714,14.492753623188406,58.69565217391305,78.57142857142857,64.28571428571429,578.5714285714286,11054,NA,NA,NA,NA,NA,NA,11,9,11488,11432,NA,NA,NA,NA,NA,NA,NA,NA,NA,NA,11294,138,11045,9,NA,NA,NA,49,20,14,35,8,12,81,11,0,9,0,0
District of Columbia,2014,2.008752421264079,970.155678312648,37.09017863548318,31.78133295071382,2.7979051581892533,0.43044694741373124,0,0,96.13103448275862,NA,93.26206896551724,96.33956962212527,3.6604303778747322,NA,NA,NA,NA,NA,NA,NA,7.543520309477756,71.7948717948718,0,1.160541586073501,85.68665377176016,0,0,1582.142857142857,13523,NA,NA,NA,NA,NA,NA,0,0,14500,13939,NA,NA,NA,NA,NA,NA,NA,NA,NA,NA,13422,517,13028,495,NA,NA,NA,39,6,28,11,0,6,443,0,0,0,0,28
Florida,2014,1.0709163647342994,934.0419308574878,9.407080314009661,3.4486337560386473,4.91111865942029,2.962711352657005,0.8161609299516909,0.48120471014492755,96.8792848132507,NA,90.48931424706119,99.12822559056907,0.8717744094309223,NA,NA,NA,NA,NA,NA,NA,52.20661985957874,21.805955811719503,44.052863436123346,31.49448345035105,36.65997993981946,76.2114537444934,44.93392070484582,322.02643171806164,197987,NA,NA,NA,NA,NA,NA,173,102,218796,211968,NA,NA,NA,NA,NA,NA,NA,NA,NA,NA,209974,1994,196261,1726,NA,NA,NA,1041,628,227,814,100,528,731,173,0,102,0,36
Georgia,2014,1.5741553746727102,989.9064208136564,9.90373130196097,2.4522018399424126,6.858254823322813,4.943955322464542,1.21028026293932,0.6881985808870642,98.09196436885068,NA,97.1018653589497,99.14176808559945,0.8582319144005562,NA,NA,NA,NA,NA,NA,NA,69.24920127795528,22.952710495963093,61.80904522613066,49.92012779552716,24.76038338658147,76.88442211055276,43.71859296482412,155.77889447236183,125141,NA,NA,NA,NA,NA,NA,153,87,128876,126417,NA,NA,NA,NA,NA,NA,NA,NA,NA,NA,125165,1252,124067,1074,NA,NA,NA,867,625,199,668,123,502,310,120,33,75,12,11
Guam,2014,3.0343897505057313,971.0047201618341,12.137559002022925,3.3715441672285906,5.394470667565745,3.7086985839514495,2.3600809170600137,2.0229265003371544,99.66397849462365,NA,96.7741935483871,99.0625,0.9375,NA,NA,NA,NA,NA,NA,NA,44.44444444444444,56.25,66.66666666666666,30.555555555555557,27.77777777777778,77.77777777777779,66.66666666666666,111.11111111111111,2880,NA,NA,NA,NA,NA,NA,7,6,2976,2966,NA,NA,NA,NA,NA,NA,NA,NA,NA,NA,2930,36,2853,27,NA,NA,NA,16,11,9,7,6,5,10,7,0,6,0,0
Hawaii,2014,3.329876084939134,902.3964190185054,11.08139090561712,1.4738795785796168,9.116218134177629,5.5134013865385665,2.5110540968393473,1.3647033134996451,98.65898319689789,NA,89.02951314088754,99.17125400762204,0.8287459923779565,NA,NA,NA,NA,NA,NA,NA,82.26600985221675,36.52694610778443,77.04918032786885,49.75369458128079,13.30049261083744,75.40983606557377,40.98360655737705,44.26229508196721,16531,NA,NA,NA,NA,NA,NA,46,25,18568,18319,NA,NA,NA,NA,NA,NA,NA,NA,NA,NA,18116,203,16394,137,NA,NA,NA,167,101,61,106,47,54,27,46,0,25,0,9
Idaho,2014,1.905539676058255,990.4269316274216,23.093326074134566,7.213828773649109,14.88135747016923,12.975817794110975,1.3610997686130393,1.179619799464634,99.01617250673854,NA,98.06828391734052,97.74163994502977,2.2583600549702245,NA,NA,NA,NA,NA,NA,NA,64.44007858546169,12.804878048780488,83.33333333333334,56.188605108055015,31.237721021611005,71.42857142857143,61.904761904761905,378.57142857142856,21830,NA,NA,NA,NA,NA,NA,30,26,22260,22041,NA,NA,NA,NA,NA,NA,NA,NA,NA,NA,21532,509,21337,493,NA,NA,NA,328,286,42,286,35,251,159,30,0,26,0,7
Illinois,2014,1.6537412561765237,969.6991924674753,10.135833505598049,6.641638270773457,2.874042263758394,1.6203996985923195,1.1736228269639846,0.7801924474703761,99.15171310315645,NA,96.1473361278976,99.2504418267214,0.749558173278595,NA,NA,NA,NA,NA,NA,NA,28.35526315789474,57.540603248259856,50.403225806451616,15.986842105263158,65.52631578947368,70.96774193548387,47.17741935483871,401.6129032258065,145419,NA,NA,NA,NA,NA,NA,176,117,151246,149963,NA,NA,NA,NA,NA,NA,NA,NA,NA,NA,148443,1520,144329,1090,NA,NA,NA,431,243,248,183,125,118,996,176,0,117,0,62
Indiana,2014,2.0002909514111145,956.3815342837746,27.725244884104356,3.879352148191252,21.712249054407916,15.675007273785276,1.0910677916787896,0.5334109203762972,97.15100050643646,NA,92.91342292154945,97.2620103942198,2.7379896057802005,NA,NA,NA,NA,NA,NA,NA,78.31219938784434,9.212730318257957,58.18181818181818,56.53694796676869,13.9921294271972,54.54545454545454,26.666666666666668,193.93939393939394,78890,NA,NA,NA,NA,NA,NA,90,44,84907,82488,NA,NA,NA,NA,NA,NA,NA,NA,NA,NA,80201,2287,76730,2160,NA,NA,NA,1791,1293,165,1626,96,1197,320,90,0,44,0,41
Iowa,2014,1.7210819697397828,967.3508181561305,14.873230753422899,4.777929050322382,8.271468570988208,5.471499396336921,1.1816383672840298,0.8476970895733258,98.64183453693146,NA,95.42125934372228,98.82627861277817,1.1737213872218386,NA,NA,NA,NA,NA,NA,NA,55.613126079447326,20.80745341614907,77.61194029850746,36.787564766839374,32.12435233160622,68.65671641791045,49.25373134328358,277.6119402985075,37658,NA,NA,NA,NA,NA,NA,46,33,39465,38929,NA,NA,NA,NA,NA,NA,NA,NA,NA,NA,38350,579,37216,442,NA,NA,NA,322,213,67,255,52,161,186,46,0,33,0,15
Kansas,2014,1.7672751142417127,984.5994597187507,15.29955313186397,0.47968895957989344,12.724380822540331,9.72001312832942,1.3633265167007498,1.1361054305839582,98.64272550679883,NA,97.12357423917915,98.64355496294776,1.356445037052232,NA,NA,NA,NA,NA,NA,NA,83.16831683168317,13.88888888888889,67.14285714285714,63.53135313531353,3.1353135313531353,77.14285714285715,64.28571428571429,27.142857142857142,38999,NA,NA,NA,NA,NA,NA,54,45,40154,39609,NA,NA,NA,NA,NA,NA,NA,NA,NA,NA,39003,606,38470,529,NA,NA,NA,504,385,70,434,47,338,19,54,0,45,0,2
Kentucky,2014,1.5697120325902119,969.2784930764487,36.794797525834845,4.092463513538767,31.41292769981126,27.264403042251416,1.0464746883934746,0.6914207762599742,99.42588532570325,NA,96.37137230128944,96.48344868804102,3.5165513119589735,NA,NA,NA,NA,NA,NA,NA,85.37328593194515,4.997025580011898,53.57142857142857,74.09852717115287,11.12239715591671,66.66666666666666,44.047619047619044,260.7142857142857,51869,NA,NA,NA,NA,NA,NA,56,37,53822,53513,NA,NA,NA,NA,NA,NA,NA,NA,NA,NA,51544,1969,50045,1824,NA,NA,NA,1681,1459,84,1597,45,1414,219,52,4,34,3,19
Louisiana,2014,0.9290702889728968,0,56.35291856218363,16.595117575446917,38.332158646761066,0.5125905042609086,0.5766643172935222,0.32036906516306785,97.96622936413281,NA,0,NA,NA,NA,NA,NA,NA,NA,NA,NA,68.02160318362706,2.4237358963643962,55.172413793103445,0.9096077316657191,29.448550312677657,62.06896551724138,34.48275862068966,1786.2068965517242,0,NA,NA,NA,NA,NA,NA,36,20,63724,62428,NA,NA,NA,NA,NA,NA,NA,NA,NA,NA,58910,3518,0,0,NA,NA,NA,2393,32,58,2335,32,0,1036,34,2,18,2,7
Maine,2014,2.036825810656673,979.7132149258595,17.92406713377872,3.1774482646244095,13.361577317907772,9.45087176144696,1.0591494215414698,0.5703112269838684,97.95690343176376,NA,95.96967278531524,98.5031185031185,1.496881496881497,NA,NA,NA,NA,NA,NA,NA,74.54545454545455,15.24390243902439,60,52.72727272727272,17.727272727272727,52,28.000000000000004,156,12025,NA,NA,NA,NA,NA,NA,13,7,12530,12274,NA,NA,NA,NA,NA,NA,NA,NA,NA,NA,12054,220,11845,180,NA,NA,NA,164,116,25,139,15,101,39,13,0,7,0,10
Marshall Islands,2014,3.980099502487562,950.2487562189054,124.37810945273633,50.74626865671642,23.880597014925375,3.980099502487562,3.980099502487562,1.990049751243781,99.01477832512316,NA,94.08866995073892,89.52879581151832,10.471204188481675,NA,NA,NA,NA,NA,NA,NA,19.2,16.666666666666664,25,3.2,40.8,100,50,1275,955,NA,NA,NA,NA,NA,NA,4,2,1015,1005,NA,NA,NA,NA,NA,NA,NA,NA,NA,NA,880,125,855,100,NA,NA,NA,24,4,4,20,1,3,51,0,4,0,2,0
Maryland,2014,1.2090350477924443,980.9683659535731,12.147246244879382,2.403846153846154,7.66670459717797,5.291306326809285,0.9103322712790168,0.5831816112881202,99.07413931596228,NA,97.18859655303618,99.03575674970276,0.9642432502972479,NA,NA,NA,NA,NA,NA,NA,63.114754098360656,15.769944341372913,57.647058823529406,43.559718969555036,19.789227166276348,75.29411764705883,48.23529411764706,198.8235294117647,68966,NA,NA,NA,NA,NA,NA,64,41,70961,70304,NA,NA,NA,NA,NA,NA,NA,NA,NA,NA,69450,854,68301,665,NA,NA,NA,539,372,85,454,49,323,169,64,0,41,0,10
Massachusetts,2014,2.462677222322708,987.9648825010783,18.268334423218732,0.8487192687100859,15.750003478357657,13.55168143809219,2.087014595188736,1.4748236472667065,99.16389574911354,NA,97.97044661212213,98.26216764308246,1.7378323569175305,NA,NA,NA,NA,NA,NA,NA,86.21477532368621,15.636042402826856,70.05649717514125,74.18126428027418,4.645849200304646,84.7457627118644,59.887005649717516,34.463276836158194,71008,NA,NA,NA,NA,NA,NA,150,106,72479,71873,NA,NA,NA,NA,NA,NA,NA,NA,NA,NA,70560,1313,69774,1234,NA,NA,NA,1132,974,177,955,124,850,61,149,1,106,0,14
Michigan,2014,1.5477798752829395,965.5999212690006,9.868215042988917,4.374938491406691,4.795433602032691,2.862945434049368,0.7067896540309376,0.3489214747747667,99.09041746823996,NA,95.68169930584492,99.29304721666296,0.7069527833370395,NA,NA,NA,NA,NA,NA,NA,48.5947416137806,32.276119402985074,58.95953757225434,29.011786038077968,44.3336355394379,45.664739884393065,22.54335260115607,282.6589595375723,107928,NA,NA,NA,NA,NA,NA,79,39,112799,111773,NA,NA,NA,NA,NA,NA,NA,NA,NA,NA,110670,1103,107165,763,NA,NA,NA,536,320,173,363,102,218,489,79,0,39,0,84
Micronesia,2014,NA,NA,NA,NA,NA,NA,NA,NA,NA,NA,NA,NA,NA,NA,NA,NA,NA,NA,NA,NA,NA,NA,NA,NA,NA,NA,NA,NA,NA,NA,NA,NA,NA,NA,NA,NA,NA,NA,NA,NA,NA,NA,NA,NA,NA,NA,NA,NA,NA,NA,NA,NA,NA,NA,NA,NA,NA,NA,NA,NA,NA,NA,NA,NA,NA,NA,NA,NA
Minnesota,2014,2.2903453136011276,977.8599953018557,8.588794926004228,1.6003053793751467,6.004815597838853,4.11087620389946,1.614987080103359,1.1304909560723513,98.42490101442155,NA,96.24577324354787,99.18923788361059,0.8107621163894061,NA,NA,NA,NA,NA,NA,NA,69.91452991452991,38.141809290953546,68.58974358974359,47.863247863247864,18.632478632478634,70.51282051282051,49.358974358974365,69.87179487179486,66604,NA,NA,NA,NA,NA,NA,110,77,69202,68112,NA,NA,NA,NA,NA,NA,NA,NA,NA,NA,67527,585,66064,540,NA,NA,NA,409,280,156,253,107,173,109,109,1,76,1,27
Mississippi,2014,1.6568679850347408,986.6381614110102,17.450561197220736,1.2560128273650453,14.404061998931054,11.117049706039552,1.0689470871191875,0.694815606627472,98.59043604268213,NA,97.27308654986167,98.59154929577466,1.4084507042253522,NA,NA,NA,NA,NA,NA,NA,82.54211332312404,11.50278293135436,69.35483870967742,63.70597243491577,7.197549770290965,64.51612903225806,41.935483870967744,75.80645161290323,36920,NA,NA,NA,NA,NA,NA,40,26,37955,37420,NA,NA,NA,NA,NA,NA,NA,NA,NA,NA,36767,653,36400,520,NA,NA,NA,539,416,62,477,43,373,47,40,0,26,0,9
Missouri,2014,1.663583491928293,977.6680552043546,17.194798972570837,5.60294920081449,9.875031608086346,7.173372017194799,1.23770611799465,0.7719027402547279,97.96607517699057,NA,95.77830219429198,98.39642803664529,1.6035719633547052,NA,NA,NA,NA,NA,NA,NA,57.43034055727554,16.846361185983827,50.4,41.71826625386997,32.585139318885446,74.4,46.400000000000006,336.8,73461,NA,NA,NA,NA,NA,NA,93,58,76699,75139,NA,NA,NA,NA,NA,NA,NA,NA,NA,NA,73847,1292,72283,1178,NA,NA,NA,742,539,125,617,63,476,421,93,0,58,0,10
Montana,2014,2.247752247752248,970.2797202797203,22.977022977022976,12.987012987012989,6.66000666000666,4.995004995004995,1.4152514152514153,0.9157509157509157,96.83972911963883,NA,93.96162528216703,98.03517803517803,1.964821964821965,NA,NA,NA,NA,NA,NA,NA,28.985507246376812,33.75,44.44444444444444,21.73913043478261,56.52173913043478,62.96296296296296,40.74074074074074,577.7777777777777,11655,NA,NA,NA,NA,NA,NA,17,11,12404,12012,NA,NA,NA,NA,NA,NA,NA,NA,NA,NA,11736,276,11426,229,NA,NA,NA,80,60,27,53,12,48,156,11,6,7,4,8
Nebraska,2014,2.670920354638869,978.5213488147791,5.341840709277738,0.48224950847646253,3.820899951775049,2.225766962199058,1.4838446414660384,1.2241718292094816,99.40629839958699,NA,97.27118519064828,99.50716506179393,0.4928349382060809,NA,NA,NA,NA,NA,NA,NA,71.52777777777779,69.90291262135922,66.66666666666666,41.66666666666667,9.027777777777777,55.55555555555556,45.83333333333333,18.055555555555554,26378,NA,NA,NA,NA,NA,NA,40,33,27118,26957,NA,NA,NA,NA,NA,NA,NA,NA,NA,NA,26813,144,26248,130,NA,NA,NA,103,60,72,31,48,12,13,40,0,33,0,5
Nevada,2014,1.707439135682534,917.8662898525126,13.836144720186052,5.505019282286791,7.153581206394065,4.327475050781595,1.471930289381495,1.089228414142306,95.671154171126,NA,87.81332732495916,98.67539048718689,1.3246095128131115,NA,NA,NA,NA,NA,NA,NA,51.70212765957447,23.868312757201647,43.103448275862064,31.27659574468085,39.787234042553195,86.20689655172413,63.793103448275865,322.41379310344826,31179,NA,NA,NA,NA,NA,NA,50,37,35506,33969,NA,NA,NA,NA,NA,NA,NA,NA,NA,NA,33499,470,30766,413,NA,NA,NA,243,147,58,185,25,122,187,50,0,37,0,4
New Hampshire,2014,1.5759787657597877,986.8115461181155,30.026542800265428,7.962840079628402,18.745852687458527,14.100862641008627,1.4100862641008625,0.9953550099535502,97.73814349412243,NA,96.44912849614917,97.13373119273766,2.866268807262335,NA,NA,NA,NA,NA,NA,NA,62.430939226519335,8.4070796460177,47.368421052631575,46.96132596685083,26.519337016574585,89.47368421052632,63.1578947368421,505.2631578947368,11897,NA,NA,NA,NA,NA,NA,17,12,12335,12056,NA,NA,NA,NA,NA,NA,NA,NA,NA,NA,11694,362,11556,341,NA,NA,NA,226,170,19,207,9,161,96,17,0,12,0,1
New Jersey,2014,1.224514176489328,980.4973717744505,8.42226823829245,3.1757725390251674,4.629260911118191,3.135950939789742,0.9258521822236381,0.5176807900605288,99.36393942091779,NA,97.4260814513656,99.37454944206966,0.6254505579303272,NA,NA,NA,NA,NA,NA,NA,54.96453900709219,26.451612903225808,63.41463414634146,37.234042553191486,37.70685579196218,75.60975609756098,42.27642276422765,259.3495934959349,98489,NA,NA,NA,NA,NA,NA,93,52,101091,100448,NA,NA,NA,NA,NA,NA,NA,NA,NA,NA,99602,846,97873,616,NA,NA,NA,465,315,123,342,78,237,319,93,0,52,0,19
New Mexico,2014,1.7146625632007033,958.6282699494394,8.485381402506047,3.033633765662783,4.4845020883710704,2.857770938667839,1.1431083754671356,0.6594856012310398,91.23179976735791,NA,87.45738237535599,99.24325811777656,0.7567418822234453,NA,NA,NA,NA,NA,NA,NA,52.84974093264248,38.23529411764706,41.02564102564102,33.67875647668394,35.751295336787564,66.66666666666666,38.46153846153847,176.9230769230769,21804,NA,NA,NA,NA,NA,NA,26,15,24931,22745,NA,NA,NA,NA,NA,NA,NA,NA,NA,NA,22552,193,21639,165,NA,NA,NA,102,65,39,63,16,49,69,25,1,15,0,9
New York,2014,0.6568934491069488,985.145881231814,21.54795553478991,19.572649177264086,1.952176306500932,1.3507949798537255,0.4903570817277223,0.29143864291364624,90.40529293926252,NA,89.06240198067007,98.11887790080674,1.8811220991932682,NA,NA,NA,NA,NA,NA,NA,9.05968226706741,33.649289099526065,61.97183098591549,6.26878488621726,90.8329755259768,74.64788732394366,44.36619718309859,2979.5774647887324,212958,NA,NA,NA,NA,NA,NA,106,63,239111,216169,NA,NA,NA,NA,NA,NA,NA,NA,NA,NA,211511,4658,208952,4006,NA,NA,NA,422,292,142,280,88,204,4231,106,0,63,0,22
North Carolina,2014,1.8496900741520197,979.1437168083393,6.404038078952993,2.0963154173722893,3.584288321467914,1.9647819009881458,1.3811019220335081,0.7892010983048617,99.15793764010597,NA,97.08987161198289,99.4282355904454,0.5717644095545947,NA,NA,NA,NA,NA,NA,NA,55.96919127086007,51.60550458715596,53.333333333333336,30.680359435173298,32.73427471116817,74.66666666666667,42.66666666666667,113.33333333333333,119105,NA,NA,NA,NA,NA,NA,168,96,122675,121642,NA,NA,NA,NA,NA,NA,NA,NA,NA,NA,120863,779,118424,681,NA,NA,NA,436,239,225,211,120,119,255,168,0,96,0,35
North Dakota,2014,1.8922967752109123,985.8866198848852,28.542143026097925,15.059528502720177,8.042261294646377,5.992273121501222,1.1038397855396986,0.709611290704092,98.8696601184908,NA,97.47427502338635,97.20889315419066,2.7911068458093413,NA,NA,NA,NA,NA,NA,NA,28.176795580110497,23.52941176470588,66.66666666666666,20.994475138121548,52.762430939226526,58.333333333333336,37.5,795.8333333333333,12504,NA,NA,NA,NA,NA,NA,14,9,12828,12683,NA,NA,NA,NA,NA,NA,NA,NA,NA,NA,12321,362,12155,349,NA,NA,NA,102,76,24,78,16,60,191,14,0,9,0,2
Ohio,2014,1.4931709387946304,986.5614615508483,29.45352871426271,7.480493624745649,20.867795816193585,17.90341233476307,0.9368915694397681,0.6075156270585997,97.19765795633212,NA,95.89146349271846,97.14955559182704,2.850444408172956,NA,NA,NA,NA,NA,NA,NA,70.84990059642146,7.15538407576289,58.333333333333336,60.785288270377734,25.39761431411531,62.745098039215684,40.68627450980392,500.98039215686276,134786,NA,NA,NA,NA,NA,NA,128,83,140561,136622,NA,NA,NA,NA,NA,NA,NA,NA,NA,NA,132598,4024,130944,3842,NA,NA,NA,2851,2446,204,2647,119,2327,1022,128,0,83,0,61
Oklahoma,2014,1.5071442552358583,1000,57.76081424936387,15.560775102759836,40.712468193384225,40.712468193384225,0.8416519866901546,0.3327461342728518,99.04233870967742,NA,99.04233870967742,94.22391857506362,5.776081424936387,NA,NA,NA,NA,NA,NA,NA,70.48458149779736,3.701923076923077,100,70.48458149779736,26.940020332090818,55.84415584415584,22.07792207792208,1032.4675324675325,51090,NA,NA,NA,NA,NA,NA,43,17,51584,51090,NA,NA,NA,NA,NA,NA,NA,NA,NA,NA,48139,2951,48139,2951,NA,NA,NA,2080,2080,77,2003,77,2003,795,37,6,17,0,34
Oregon,2014,2.3249055507120024,967.5630965953546,28.055350635995797,4.9180694341984665,20.991214539601636,15.760177050499632,1.8330986072921556,1.3636465249368475,97.3048812320543,NA,94.14861219872967,97.2991081742988,2.7008918257012153,NA,NA,NA,NA,NA,NA,NA,74.8207171314741,11.075612353567625,67.3076923076923,56.17529880478087,17.52988047808765,78.84615384615384,58.65384615384615,211.53846153846155,43282,NA,NA,NA,NA,NA,NA,82,61,45972,44733,NA,NA,NA,NA,NA,NA,NA,NA,NA,NA,43478,1255,42113,1169,NA,NA,NA,939,705,104,835,70,635,220,80,2,60,1,6
Palau,2014,0,929.1666666666667,0,0,0,0,0,0,99.5850622406639,NA,92.5311203319502,100,0,NA,NA,NA,NA,NA,NA,NA,NA,NA,NA,NA,NA,NA,NA,NA,223,NA,NA,NA,NA,NA,NA,0,0,241,240,NA,NA,NA,NA,NA,NA,NA,NA,NA,NA,240,0,223,0,NA,NA,NA,0,0,0,0,0,0,0,0,0,0,0,0
Pennsylvania,2014,1.4568552322955668,966.7618478751766,21.3939190862604,1.493276613102956,16.090966040704537,13.526900831864337,1.1217785288675863,1.005230110283941,97.08357495438666,NA,93.85669632123107,98.60909138857285,1.3909086114271507,NA,NA,NA,NA,NA,NA,NA,75.21280217909433,9.053870529651425,63,63.22778345250255,6.979911474293497,77,69,102.49999999999999,132719,NA,NA,NA,NA,NA,NA,154,138,141406,137282,NA,NA,NA,NA,NA,NA,NA,NA,NA,NA,134345,2937,130873,1846,NA,NA,NA,2209,1857,200,2009,126,1731,205,154,0,138,0,46
Puerto Rico,2014,NA,NA,NA,NA,NA,NA,NA,NA,NA,NA,NA,NA,NA,NA,NA,NA,NA,NA,NA,NA,NA,NA,NA,NA,NA,NA,NA,NA,NA,NA,NA,NA,NA,NA,NA,NA,NA,NA,NA,NA,NA,NA,NA,NA,NA,NA,NA,NA,NA,NA,NA,NA,NA,NA,NA,NA,NA,NA,NA,NA,NA,NA,NA,NA,NA,NA,NA,NA
Rhode Island,2014,2.565917536719165,983.98513537427,10.88302955229163,2.4774376216598832,7.697752610157495,5.574234648734737,1.7695983011856309,0.973279065652097,99.51571717883245,NA,97.92198644008101,99.26265623595,0.7373437640499956,NA,NA,NA,NA,NA,NA,NA,70.73170731707317,33.33333333333333,86.20689655172413,51.21951219512195,22.76422764227642,68.96551724137932,37.93103448275862,96.55172413793103,11121,NA,NA,NA,NA,NA,NA,20,11,11357,11302,NA,NA,NA,NA,NA,NA,NA,NA,NA,NA,11179,123,11039,82,NA,NA,NA,87,63,29,58,25,38,28,20,0,11,0,4
South Carolina,2014,1.4379505420695136,982.1391406353471,15.495809130985942,9.346678523451837,5.808563373886061,5.449075738368683,0.6432936635574139,0.5865324579494069,96.9548548052758,NA,95.22315777887843,98.65341270299947,1.3465872970005202,NA,NA,NA,NA,NA,NA,NA,37.48473748473749,24.7557003257329,93.42105263157895,35.16483516483517,60.317460317460316,44.73684210526316,40.78947368421053,650,51909,NA,NA,NA,NA,NA,NA,34,31,54513,52853,NA,NA,NA,NA,NA,NA,NA,NA,NA,NA,52034,819,51210,699,NA,NA,NA,307,288,76,231,71,217,494,34,0,31,0,36
South Dakota,2014,2.582765907490021,979.5726696407608,18.079361352430148,11.818110667605854,4.382875479377006,3.6784847773342726,0.07826563356030368,0.07826563356030368,98.60317950300971,NA,96.58897978083037,98.3381271971876,1.6618728028124004,NA,NA,NA,NA,NA,NA,NA,24.242424242424242,58.92857142857143,84.84848484848484,20.346320346320347,65.36796536796537,3.0303030303030303,3.0303030303030303,457.5757575757576,12516,NA,NA,NA,NA,NA,NA,1,1,12958,12777,NA,NA,NA,NA,NA,NA,NA,NA,NA,NA,12546,231,12308,208,NA,NA,NA,56,47,33,23,28,19,151,1,0,1,0,26
Tennessee,2014,1.0162121283735879,983.208867041641,46.225835420900886,15.089568464338045,28.312142553292052,25.889776433331757,0.6853523656473035,0.35449260292101903,97.06826940723069,NA,95.43838318957607,95.52922230100833,4.470777698991672,NA,NA,NA,NA,NA,NA,NA,61.24744376278118,3.589315525876461,81.3953488372093,56.007157464212675,32.64314928425358,67.44186046511628,34.883720930232556,1484.8837209302326,83207,NA,NA,NA,NA,NA,NA,58,30,87184,84628,NA,NA,NA,NA,NA,NA,NA,NA,NA,NA,80716,3912,79487,3720,NA,NA,NA,2396,2191,86,2310,70,2121,1277,57,1,30,0,28
Texas,2014,1.170261646134202,984.5327457485994,15.124552901665021,8.280680021019016,5.145597303067304,3.0005407065740273,0.18023552467576645,0.14215759692736507,98.72857780161503,NA,97.20151778687827,98.57646015326065,1.4235398467393434,NA,NA,NA,NA,NA,NA,NA,34.021483719368916,22.74296990626542,52.49457700650759,19.83887210473313,54.749916079221215,15.40130151843818,12.147505422993492,707.592190889371,387836,NA,NA,NA,NA,NA,NA,71,56,399002,393929,NA,NA,NA,NA,NA,NA,NA,NA,NA,NA,387971,5958,382315,5521,NA,NA,NA,2027,1182,461,1566,242,940,3262,71,0,56,0,329
Utah,2014,2.015269542301283,980.5061426965857,9.766306243460063,1.3564314227027865,7.092198581560283,5.755144750610395,1.4339417897143745,1.1045227299151261,98.91891891891892,NA,96.99060762890551,99.24505928853755,0.7549407114624507,NA,NA,NA,NA,NA,NA,NA,72.61904761904762,28.415300546448087,80.76923076923077,58.92857142857143,13.88888888888889,71.15384615384616,54.807692307692314,67.3076923076923,50600,NA,NA,NA,NA,NA,NA,74,57,52170,51606,NA,NA,NA,NA,NA,NA,NA,NA,NA,NA,51102,504,50218,382,NA,NA,NA,366,297,104,262,84,213,70,74,0,57,0,9
Vermont,2014,1.2096077414895454,964.575773284949,4.492828754104027,0,4.320027648176948,1.5552099533437014,1.2096077414895454,1.0368066355624677,98.99076291481354,NA,95.48409168662333,99.7312791114296,0.2687208885704049,NA,NA,NA,NA,NA,NA,NA,96.15384615384616,28.000000000000004,71.42857142857143,34.61538461538461,0,100,85.71428571428571,0,5582,NA,NA,NA,NA,NA,NA,7,6,5846,5787,NA,NA,NA,NA,NA,NA,NA,NA,NA,NA,5761,26,5567,15,NA,NA,NA,25,9,7,18,5,4,0,7,0,6,0,0
Virgin Islands,2014,NA,NA,NA,NA,NA,NA,NA,NA,NA,NA,NA,NA,NA,NA,NA,NA,NA,NA,NA,NA,NA,NA,NA,NA,NA,NA,NA,NA,NA,NA,NA,NA,NA,NA,NA,NA,NA,NA,NA,NA,NA,NA,NA,NA,NA,NA,NA,NA,NA,NA,NA,NA,NA,NA,NA,NA,NA,NA,NA,NA,NA,NA,NA,NA,NA,NA,NA,NA
Virginia,2014,1.5542647630244397,994.6995586286603,33.19750122049637,4.652831053412907,27.428787773117197,24.03132441291634,0.657573553587263,0.35867648377487077,99.23180353152868,NA,98.70583117473751,96.78776405541032,3.212235944589681,NA,NA,NA,NA,NA,NA,NA,82.62304921968787,5.666545586632765,48.07692307692308,72.3889555822329,14.015606242497,42.30769230769231,23.076923076923077,299.35897435897436,99837,NA,NA,NA,NA,NA,NA,66,36,101146,100369,NA,NA,NA,NA,NA,NA,NA,NA,NA,NA,97037,3332,96630,3207,NA,NA,NA,2753,2412,156,2597,75,2337,467,66,0,36,0,88
Washington,2014,2.1598527051269945,965.1708998206025,11.53101690114248,4.626569729015202,5.854027004060051,3.635161929940516,1.1330374846567841,0.8733830610896043,95.8158049486588,NA,92.47862667933234,99.0681976594886,0.9318023405113908,NA,NA,NA,NA,NA,NA,NA,50.76765609007165,36.895161290322584,65.02732240437157,31.525076765609008,40.122824974411465,52.459016393442624,40.43715846994536,214.20765027322406,81777,NA,NA,NA,NA,NA,NA,96,74,88428,84728,NA,NA,NA,NA,NA,NA,NA,NA,NA,NA,83751,977,81015,762,NA,NA,NA,496,308,183,313,119,189,392,96,0,74,0,87
West Virginia,2014,0.5650994575045208,1000,36.22287522603978,17.63110307414105,15.48372513562387,0.39556962025316456,0.4520795660036166,0.39556962025316456,97.59002922847847,NA,97.59002922847847,96.37771247739603,3.622287522603979,NA,NA,NA,NA,NA,NA,NA,42.74570982839314,3.64963503649635,70,1.0920436817472698,48.673946957878314,80,70,3120,17696,NA,NA,NA,NA,NA,NA,8,7,18133,17696,NA,NA,NA,NA,NA,NA,NA,NA,NA,NA,17055,641,17055,641,NA,NA,NA,274,7,10,264,7,0,312,8,0,7,0,0
Wisconsin,2014,1.8531457909286995,980.1470364857064,7.9746027888325175,1.4278336421909652,5.529057933590545,3.78224017984628,1.0632803718443358,0.607588783911049,99.11922793176652,NA,97.15141751607221,99.29486881460474,0.705131185395261,NA,NA,NA,NA,NA,NA,NA,69.33333333333334,33.51648351648351,50,47.42857142857143,17.904761904761905,57.377049180327866,32.78688524590164,77.04918032786885,64527,NA,NA,NA,NA,NA,NA,70,40,66419,65834,NA,NA,NA,NA,NA,NA,NA,NA,NA,NA,65309,525,64072,455,NA,NA,NA,364,249,122,242,61,188,94,70,0,40,0,18
Wyoming,2014,2.327949949076095,990.3972064600612,4.946893641786702,0.29099374363451186,4.364906154517678,3.6374217954313983,2.182453077258839,1.6004655899898153,98.31211557717064,NA,97.36804462880848,99.58865873365653,0.41134126634347,NA,NA,NA,NA,NA,NA,NA,88.23529411764706,53.333333333333336,81.25,73.52941176470588,5.88235294117647,93.75,68.75,12.5,6807,NA,NA,NA,NA,NA,NA,15,11,6991,6873,NA,NA,NA,NA,NA,NA,NA,NA,NA,NA,6839,34,6779,28,NA,NA,NA,30,25,16,14,13,12,2,15,0,11,0,0
US,2014,1.5892823112595096,960.5020925249578,16.334046872868505,5.626569973936595,9.405209225418924,6.705260207264281,1.0314991473370174,0.7006457958286689,97.85036343293864,NA,93.98547883166518,98.59872676447183,1.4012732355281683,NA,NA,NA,NA,NA,NA,NA,57.58039816232772,16.89789427506032,61.73941262372221,41.0508201638749,34.446882745772875,64.9034561090378,44.085672562063934,354.032127210774,3724684,NA,NA,NA,NA,NA,NA,4000,2717,3963042,3877851,NA,NA,NA,NA,NA,NA,NA,NA,NA,NA,3814510,63341,3672491,52193,NA,NA,NA,36472,26002,6163,30309,3805,22197,21819,3897,103,2668,49,1467
State/Territory average,2014,1.770212384051519,955.0784456360873,19.355144246929342,6.602125953165004,10.383768669261642,7.000392828956561,1.181821018205109,0.7979530246874216,98.05144607599999,NA,93.65305446678542,98.3472651566277,1.6527348433722988,NA,NA,NA,NA,NA,NA,NA,57.31799079029008,28.815913847199877,60.05976011973256,38.74686376693156,31.56595848380415,66.41778672878344,44.09087210728335,457.95470321482463,66512.21428571429,NA,NA,NA,NA,NA,NA,71.42857142857143,48.517857142857146,70768.60714285714,69247.33928571429,NA,NA,NA,NA,NA,NA,NA,NA,NA,NA,68116.25,1131.0892857142858,65580.19642857143,932.0178571428571,NA,NA,NA,651.2857142857143,464.32142857142856,110.05357142857143,541.2321428571429,67.94642857142857,396.375,389.625,69.58928571428571,1.8392857142857142,47.642857142857146,0.875,26.196428571428573
State/Territory median,2014,1.717872266470243,979.3476978555057,12.991695482532716,3.694526365228166,6.759130741664737,4.045487853193511,1.1128091572036425,0.7022134486657821,98.64228002186513,NA,96.18474048734713,98.85143337379773,1.1485666262022598,NA,NA,NA,NA,NA,NA,NA,61.24744376278118,26.451612903225808,61.80904522613066,37.234042553191486,29.365079365079367,70.51282051282051,43.71859296482412,214.20765027322406,41140.5,NA,NA,NA,NA,NA,NA,46.5,33,48778,47911.5,NA,NA,NA,NA,NA,NA,NA,NA,NA,NA,45808.5,595.5,40291.5,507.5,NA,NA,NA,365,246,72.5,254,48.5,167,186.5,46,0,33,0,10.5
State/Territory SD,2014,0.6899008262454912,131.63802039644654,18.941431776588654,8.561880040756527,9.258066563885325,7.852210655661503,0.6952833760912425,0.5331527349859649,1.7594047372163448,NA,13.055709578775632,1.685628045287858,1.6856280452878583,NA,NA,NA,NA,NA,NA,NA,21.800072797151884,18.620993706444487,18.90603727556434,21.06876591047553,21.7007014916512,21.59593928932594,19.66877596372758,649.7410258697793,86782.49566038162,NA,NA,NA,NA,NA,NA,117.36266359108762,87.40376340377374,89619.16912716195,88025.87924164467,NA,NA,NA,NA,NA,NA,NA,NA,NA,NA,87085.63476199734,1335.949580931933,85960.22493422485,1193.3573341409738,NA,NA,NA,796.6349389613953,649.3989978753882,147.41190523561795,736.6310780369439,94.86438543192395,618.8320836279198,721.0023720172809,117.44689736769848,7.108961785122893,87.5451942653681,3.598295050816049,47.542677341849064
Alabama,2015,1.2209796149490373,952.4702718006795,49.88321064552662,10.847253680634202,1.3271517553793886,0.6193374858437146,0.28312570781426954,0.08847678369195923,94.22121444529661,5.778785554703391,89.74290573210178,96.47382305948798,3.52617694051202,93.08465458663646,6.853411664779162,166.09863155176865,0.4905757810482829,89.78703559769936,37.10180055401662,5.0801960718930275,2.6605179141539552,92,44.927536231884055,1.241575026605179,21.745299751684993,23.18840579710145,7.246376811594203,888.4057971014493,53826,52604,3873,6433,5776,3633,2143,16,5,59978,56512,3466,28,7,653,1891,50060,2952,245,657,19,53693,2819,51928,1898,NA,NA,3047,75,35,69,6,31,4,613,16,0,5,0,21
Alaska,2015,1.7639959149568285,992.4798068888683,13.18354841704577,3.527991829913657,8.26292823321883,5.477671525392258,1.1141026831306284,0.5570513415653142,96.3847874720358,3.615212527964206,95.6599552572707,98.69036482694106,1.3096351730589337,95.27434778572092,4.345000464209451,97.86324786324786,10.897435897435898,86.02620087336244,6.852791878172589,2.111856823266219,62.676056338028175,21.34831460674157,63.1578947368421,41.54929577464789,26.76056338028169,63.1578947368421,31.57894736842105,200,10690,10262,468,458,394,367,27,12,6,11175,10771,404,41,0,0,0,10262,326,27,64,51,10629,142,10550,140,NA,NA,236,89,59,19,70,12,47,38,12,0,6,0,5
American Samoa,2015,2.865329512893983,964.6609360076409,42.97994269340974,4.7755491881566385,21.012416427889207,2.865329512893983,1.9102196752626552,1.9102196752626552,98.40225563909775,1.5977443609022555,94.92481203007519,96.23762376237623,3.762376237623762,89.7803247373448,8.213944603629416,82.55813953488372,40.69767441860465,95.77464788732394,10.294117647058822,1.0338345864661653,48.888888888888886,13.636363636363635,33.33333333333333,6.666666666666667,11.11111111111111,66.66666666666666,66.66666666666666,166.66666666666669,1010,940,86,71,68,61,7,2,2,1064,1047,17,18,2,0,0,940,43,5,3,35,1002,45,972,38,NA,NA,11,22,3,3,19,1,2,5,2,0,2,0,0
Arizona,2015,2.2232363300218814,980.9620762687074,9.957758509729583,3.6975930541416555,5.078339827523665,3.3114520073483815,0.9946057265887364,0.6786721428487849,98.81026708289976,1.1897329171002426,96.92912475430686,99.21630841901855,0.7836915809814634,95.33588420449094,4.156281812756696,108.67117117117118,5.461711711711711,92.48704663212435,10.280112044817926,0.05665394843334489,50.99882491186839,43.77880184331797,68.94736842105263,33.25499412455934,37.132784958871916,44.73684210526316,30.526315789473685,166.31578947368422,83834,81475,3552,3860,3570,3203,367,85,58,86490,85461,1029,381,53,68,0,81407,2754,314,290,194,84610,851,83177,657,NA,NA,49,434,283,190,244,131,152,316,85,0,58,0,27
Arkansas,2015,1.0263890014315427,961.888555762634,13.126975123571833,8.211112011452341,1.863706344704643,0.621235448234881,0.8913378170326554,0.3241228425573292,98.84925508623911,1.15074491376088,95.08196721311475,98.89363136021566,1.1063686397843422,95.44067201469358,4.408070658779677,246.07843137254903,1.1029411764705883,90.21414342629483,2.070107645597571,0.44054039621936236,14.19753086419753,55.072463768115945,23.684210526315788,4.732510288065844,62.55144032921811,86.8421052631579,31.57894736842105,800,35612,35335,1632,4016,3623,3548,75,33,12,37454,37023,431,56,0,2346,0,32989,1146,75,393,18,36537,486,35218,394,NA,NA,165,69,23,38,31,9,14,304,6,27,1,11,5
California,2015,2.2959157195495354,984.1735429965229,5.995121698064247,0.2968498624734029,4.579376200114173,2.555399865068244,1.9741553791063366,1.4821734392028647,99.52564041642822,0.47435958357178715,97.95050214763408,99.5252066542783,0.47479334572169224,96.97877419689657,3.005864341688723,84.85497237569061,15.6560773480663,95.5481403108977,0.6303236797274276,0.006611283394728741,76.38504155124653,50.13599274705349,66.54611211573237,42.62465373961219,4.951523545706371,85.98553345388788,64.55696202531645,12.929475587703434,474101,467171,14480,12287,11740,11666,74,951,714,484021,481725,2296,0,74,0,0,467171,11666,0,547,2267,478837,2888,471850,2251,NA,NA,32,2206,1231,1106,1100,736,495,143,951,0,714,0,26
Colorado,2015,NA,NA,NA,NA,NA,NA,NA,NA,NA,NA,NA,NA,NA,NA,NA,NA,NA,NA,NA,NA,NA,NA,NA,NA,NA,NA,NA,NA,NA,NA,NA,NA,NA,NA,NA,NA,NA,NA,NA,NA,NA,NA,NA,NA,NA,NA,NA,NA,NA,NA,NA,NA,NA,NA,NA,NA,NA,NA,NA,NA,NA,NA,NA,NA,NA,NA,NA,NA
Commonwealth of the Northern Mariana Islands,2015,2.73224043715847,990.8925318761385,13.66120218579235,0,3.6429872495446265,2.73224043715847,1.8214936247723132,1.8214936247723132,99.1869918699187,0.8130081300813009,98.2836495031617,98.62132352941177,1.3786764705882353,93.71584699453553,5.373406193078324,116.94915254237289,0,84.05797101449275,6.896551724137931,0.27100271002710025,26.666666666666668,75,100,20,0,66.66666666666666,66.66666666666666,0,1088,1029,59,69,58,54,4,2,2,1107,1098,9,10,0,0,0,1029,44,4,11,0,1083,15,1073,15,NA,NA,3,4,3,3,1,3,0,0,2,0,2,0,0
Connecticut,2015,2.788984863664672,986.4883160488479,15.650808264060005,1.976659175218651,12.780590831550729,9.774985784300453,1.6788064227884434,1.1101784408762285,99.13031807811032,0.8696819218896793,97.79090055026171,98.5122968818621,1.4877031181379008,NA,NA,NA,NA,NA,NA,0.22547309086028722,81.66089965397923,21.822033898305087,61.165048543689316,62.45674740484429,12.629757785467127,60.19417475728155,39.80582524271845,70.87378640776699,36432,NA,NA,NA,NA,NA,NA,62,41,37255,36931,324,NA,NA,NA,NA,NA,NA,NA,NA,NA,36353,578,35890,542,NA,NA,84,472,361,103,369,63,298,73,62,0,41,0,25
Delaware,2015,2.1872265966754156,962.3797025371829,9.448818897637794,4.199475065616798,4.286964129483814,1.4873140857392826,1.3998250218722659,0.5249343832020997,99.58180867746994,0.4181913225300575,95.83551141313818,99.28181818181818,0.7181818181818181,NA,NA,NA,NA,NA,NA,0.13939710751001916,45.370370370370374,51.02040816326531,44,15.74074074074074,44.44444444444444,64,24,192,11000,NA,NA,NA,NA,NA,NA,16,6,11478,11430,48,NA,NA,NA,NA,NA,NA,NA,NA,NA,11322,108,10921,79,NA,NA,16,49,17,25,24,11,6,48,16,0,6,0,0
District of Columbia,2015,1.04629871828407,976.1095125991804,31.824919347807132,29.645130351381983,1.656639637283111,0.6975324788560467,0,0,92.76874545013347,7.231254549866538,90.5524549057672,96.97186243858866,3.028137561411344,93.09442845932514,4.499084488621501,154.26356589147287,0,58.417085427135675,7.311827956989248,7.142279382027016,5.205479452054795,63.1578947368421,41.66666666666667,2.191780821917808,93.15068493150685,0,0,2833.333333333333,11195,10677,516,796,465,431,34,0,0,12363,11469,894,265,11,4,0,10673,162,23,331,0,11104,365,10856,339,NA,NA,883,19,8,12,7,5,3,340,0,0,0,0,12
Florida,2015,NA,961.5136638697259,38.43567803557119,2.7677740833187503,NA,NA,0.8750034539610024,0.5203967910399646,96.82039300317025,3.1796069968297562,93.09413081378499,98.56263620470818,1.4373637952918075,NA,NA,NA,NA,NA,NA,1.506200032995501,NA,NA,NA,NA,7.20105439731608,NA,NA,NA,208785,NA,NA,NA,NA,NA,NA,190,113,224273,217142,7131,NA,NA,NA,NA,NA,NA,NA,NA,NA,208796,8346,205784,3001,NA,NA,3378,NA,NA,NA,NA,NA,NA,601,190,0,113,0,56
Georgia,2015,1.7208889442618867,987.8603354565417,10.706888227873728,2.7565370419398545,7.1249474389123355,5.326190216629549,1.3081870707511174,0.8098300914173584,97.15984747609248,2.840152523907517,95.98035952063914,99.08326304753948,0.9167369524605282,NA,NA,NA,NA,NA,NA,1.8921740709357222,66.54545454545455,24.153005464480877,65.15837104072398,49.74545454545454,25.745454545454542,76.01809954751131,47.05882352941176,160.18099547511312,126863,NA,NA,NA,NA,NA,NA,168,104,132176,128422,3754,NA,NA,NA,NA,NA,NA,NA,NA,NA,127047,1375,125700,1163,NA,NA,2501,915,684,221,694,144,540,354,136,32,91,13,8
Guam,2015,1.0169491525423728,965.4237288135594,12.88135593220339,1.3559322033898307,3.728813559322034,1.3559322033898307,0.6779661016949153,0.33898305084745767,99.72954699121027,0.2704530087897228,96.28127112914132,99.08707865168539,0.9129213483146067,94.30508474576271,5.593220338983051,114.54545454545455,0,91.005291005291,12.209302325581394,0,28.947368421052634,27.27272727272727,33.33333333333333,10.526315789473683,10.526315789473683,66.66666666666666,33.33333333333333,133.33333333333331,2848,2782,165,189,172,151,21,2,1,2958,2950,8,3,0,21,0,2761,127,21,17,0,2912,38,2822,26,NA,NA,0,11,4,3,8,1,3,4,2,0,1,0,0
Hawaii,2015,4.058129969838223,986.0707430765012,13.435700575815739,1.2613106663010694,11.242116808335618,7.129147244310392,2.1935837674801206,1.7000274197970935,99.16793561018056,0.8320643898194474,97.78659995649338,98.77092486513543,1.2290751348645794,94.76830271455992,4.304908143679737,110.828025477707,12.48407643312102,98.39080459770115,15.537383177570094,0.04350663476180117,83.6734693877551,36.09756097560975,63.51351351351351,53.06122448979592,9.387755102040817,54.054054054054056,41.891891891891895,31.08108108108108,17981,17281,785,870,856,723,133,40,31,18388,18235,153,167,2,11,3,17267,545,128,14,98,17990,245,17760,221,NA,NA,8,205,130,74,131,47,83,23,40,0,31,0,7
Idaho,2015,2.8619452141916137,986.5988279652931,23.077272520783172,5.496751919320401,16.308544950710946,14.21887066733294,1.7716803706900468,1.362831054376959,99.36803141786666,0.6319685821333454,98.03638333408567,97.76222488258587,2.2377751174141265,97.16076863671466,2.612092854222505,71.47826086956522,57.913043478260875,68.1265206812652,15.714285714285714,0.5236311109104862,70.66929133858267,17.548746518105848,79.36507936507937,61.61417322834646,23.818897637795274,61.904761904761905,47.61904761904761,192.06349206349208,21718,21388,575,411,280,236,44,39,30,22153,22013,140,38,12,112,7,21269,86,25,131,333,21505,508,21232,486,NA,NA,116,359,313,63,296,50,263,121,39,0,30,0,17
Illinois,2015,1.844725671440473,973.5192605228706,11.19398050805993,4.820089657634784,5.382102855027043,3.834913582206001,1.1835336745084037,0.8661615159810105,99.16727864036929,0.8327213596307176,96.54125577003776,99.12046564382594,0.8795343561740596,96.50427791222015,3.2259557530315655,105.77987292477967,12.338593974175035,87.59930246076341,9.975669099756692,0.11146663869072597,48.080330773774364,34.27518427518427,63.799283154121866,34.25871234494979,43.059657412876554,64.15770609318996,46.95340501792115,261.2903225806451,147237,145955,4879,5161,4521,4070,451,179,131,152512,151242,1270,326,82,425,51,145479,3319,318,640,602,149549,1693,145942,1295,NA,NA,170,814,580,279,535,178,402,729,179,0,131,0,89
Indiana,2015,1.359087847589724,949.1604926392765,40.91696334071009,4.52227460790917,33.20744732031175,23.681805061098817,0.9501587607043201,0.7456942172616184,98.99980948752143,1.0001905124785673,93.96670794437036,95.99199158609679,4.008008413903215,NA,NA,NA,NA,NA,NA,0.4119832349018861,81.15814226925337,4.092720028975009,55.75221238938053,57.8777189888301,11.052322163433274,69.91150442477876,54.86725663716814,332.7433628318584,78917,NA,NA,NA,NA,NA,NA,79,62,83984,83144,840,NA,NA,NA,NA,NA,NA,NA,NA,NA,79742,3402,75754,3163,NA,NA,346,2761,1969,113,2648,63,1906,376,79,0,62,0,16
Iowa,2015,1.7406885959298606,971.6370152310252,14.94944323563292,2.0990656597977733,9.52259055420453,6.246000255983617,0.6399590426212722,0.40957378727761423,98.92127320148894,1.0787267985110531,96.11557063634753,98.74594936375372,1.2540506362462787,94.24804812492,5.255343658005888,98.63614223088165,10.813443740867024,91.55555555555556,10.302049622437973,0.020257780253728697,63.6986301369863,18.27956989247312,51.470588235294116,41.78082191780822,14.04109589041096,36.76470588235294,23.52941176470588,120.58823529411764,37957,36818,2053,2025,1854,1663,191,25,16,39491,39065,426,183,11,0,0,36818,1480,180,171,222,38481,584,37481,476,NA,NA,8,372,244,68,304,35,209,82,25,0,16,0,23
Kansas,2015,1.4310461700685395,983.7563706660642,19.356782405663928,1.4812583163867339,16.570008285004143,13.582385579071579,1.230197584795762,0.9289247068865958,98.96884162401233,1.0311583759876757,97.36122844506286,98.30287872601062,1.6971212739893833,NA,NA,NA,NA,NA,NA,0.009938875913134224,85.60311284046692,8.636363636363637,68.42105263157895,70.16861219195849,7.652399481193256,85.96491228070175,64.91228070175438,103.50877192982458,39184,NA,NA,NA,NA,NA,NA,49,37,40246,39831,415,NA,NA,NA,NA,NA,NA,NA,NA,NA,39060,771,38519,665,NA,NA,4,660,541,57,603,39,502,59,49,0,37,0,2
Kentucky,2015,1.6893794346210158,950.9516837481699,29.057326275481472,4.655178886511244,23.163269136914817,19.277696437286483,1.4078161955175132,0.9385441303450088,99.4827360833598,0.5172639166402121,94.6032753823458,99.73747063816349,0.2625293618365212,96.81458122160905,3.1854187783909595,53.62404242781379,69.9469652327637,75.93406593406593,20.549927641099856,0.1942073910851338,79.71576227390182,7.293354943273905,50,66.343669250646,16.020671834625322,83.33333333333334,55.55555555555556,275.55555555555554,50661,51577,1697,910,691,549,142,75,50,53551,53274,277,0,0,346,54,51177,203,88,219,1187,51726,1548,50528,133,NA,NA,104,1234,1027,90,1144,45,982,248,74,1,50,0,10
Louisiana,2015,1.3153773880363293,981.8822424052615,51.315377388036325,8.29940494832446,37.50391481365487,31.772627622925146,1.0178515502662073,0.5793924209207642,98.69407310099683,1.3059268990031683,96.90595780851558,95.02416152337209,4.975838476627913,94.52552458502976,5.125274036955841,125.42010388023219,0,81.29110840438489,8.091099790230746,0.42346031991345334,73.08513884650594,3.507306889352818,41.66666666666667,61.91638693927373,16.173329264571255,77.38095238095238,44.047619047619044,630.952380952381,62703,60364,3273,4105,3337,3067,270,65,37,64705,63860,845,255,8,522,47,59795,2290,215,768,0,60583,3277,59583,3120,NA,NA,274,2395,2029,84,2311,35,1994,530,52,13,32,5,4
Maine,2015,2.5634664682047466,976.267262052427,14.884644008930785,1.6538493343256429,11.16348300669809,7.359629537749111,1.075002067311668,0.7442322004465393,97.74490785645004,2.255092143549952,95.42515357258326,98.65322717262409,1.3467728273759105,NA,NA,NA,NA,NA,NA,0.008082767539605561,75,22.962962962962962,32.25806451612903,49.44444444444444,11.11111111111111,41.935483870967744,29.03225806451613,64.51612903225806,11806,NA,NA,NA,NA,NA,NA,13,9,12372,12093,279,NA,NA,NA,NA,NA,NA,NA,NA,NA,11913,180,11647,159,NA,NA,1,135,89,31,104,10,79,20,13,0,9,0,15
Marshall Islands,2015,5.107252298263534,941.7773237997957,89.8876404494382,8.171603677221656,26.557711950970376,4.085801838610828,3.0643513789581203,1.021450459652707,96.35826771653542,3.6417322834645667,90.74803149606299,92.29934924078091,7.70065075921909,84.78038815117466,14.198161389172625,105.75539568345324,1.4388489208633095,88.43537414965986,53.07692307692308,0.4921259842519685,29.545454545454547,19.230769230769234,0,4.545454545454546,9.090909090909092,60,20,160,922,830,139,147,130,61,69,3,1,1016,979,37,3,7,0,0,830,58,62,17,2,891,88,851,71,NA,NA,5,26,4,5,21,0,4,8,0,3,0,1,0
Maryland,2015,1.5060889022763457,981.7117776152157,15.233013468737898,2.4527733551357636,10.399185277622387,6.583760058522311,1.17618371415867,0.7458725992225713,99.1255758403003,0.8744241596997099,97.31274526531308,98.8647321819935,1.1352678180064872,96.35383048610812,3.0724213606437454,109.1970121381886,9.523809523809524,69.30312099187687,8.636644046884639,0.027014730137064208,68.26741996233523,14.482758620689657,55.23809523809524,43.22033898305085,16.101694915254235,78.0952380952381,49.523809523809526,162.85714285714286,68442,67175,2142,2339,1621,1481,140,82,52,70332,69717,615,388,12,1,0,67174,1092,128,718,204,68655,1062,67665,777,NA,NA,19,725,459,105,620,58,401,171,82,0,52,0,7
Massachusetts,2015,2.550555656768082,988.1160923245092,17.573608755973485,0.7847863559286405,15.793825413063889,13.453480387348122,2.1581624788037614,1.5275305856468182,99.11795755083898,0.8820424491610178,97.94004889432159,98.34772865875279,1.6522713412472165,NA,NA,NA,NA,NA,NA,0.027780864540504498,89.87240829346092,16.149068322981368,69.78021978021978,76.55502392344498,4.4657097288676235,84.61538461538461,59.89010989010989,30.76923076923077,70509,NA,NA,NA,NA,NA,NA,154,109,71992,71357,635,NA,NA,NA,NA,NA,NA,NA,NA,NA,70103,1254,69344,1165,NA,NA,20,1127,960,182,945,127,833,56,154,0,109,0,15
Michigan,2015,1.4812540079662564,966.1569587326246,11.443590415202724,5.021812368470967,5.473414200167996,2.9083157961288695,0.7767551505188905,0.4516018316970294,99.12085157432027,0.8791484256797285,95.76630050403317,99.13153220529121,0.8684677947087969,NA,NA,NA,NA,NA,NA,0.1593568429439834,47.829518547750595,27.062706270627064,50,25.41436464088398,43.88318863456985,52.4390243902439,30.48780487804878,339.0243902439024,106970,NA,NA,NA,NA,NA,NA,86,50,111699,110717,982,NA,NA,NA,NA,NA,NA,NA,NA,NA,109450,1267,106041,929,NA,NA,178,606,322,164,442,82,240,556,86,0,50,0,72
Micronesia,2015,0,408.25035561877667,112.375533428165,0,2.1337126600284497,0.7112375533428166,0,0,80.38879359634078,19.611206403659235,32.81875357347055,78.22299651567944,21.777003484320556,62.73115220483641,13.726884779516357,284.9740932642487,NA,78,8.624708624708624,0,1.89873417721519,0,NA,0.6329113924050633,0,NA,NA,NA,574,882,193,550,429,392,37,0,0,1749,1406,343,322,9,0,26,856,70,2,121,NA,1248,158,449,125,NA,NA,0,3,1,0,3,0,1,0,0,0,0,0,0
Minnesota,2015,NA,NA,NA,NA,NA,NA,NA,NA,NA,NA,NA,NA,NA,NA,NA,NA,NA,NA,NA,NA,NA,NA,NA,NA,NA,NA,NA,NA,NA,NA,NA,NA,NA,NA,NA,NA,NA,NA,NA,NA,NA,NA,NA,NA,NA,NA,NA,NA,NA,NA,NA,NA,NA,NA,NA,NA,NA,NA,NA,NA,NA,NA,NA,NA,NA,NA,NA,NA
Mississippi,2015,1.573521432447097,959.5496473141617,14.134563212154097,2.794357026587086,10.770482908301682,8.600108518719479,1.3564839934888768,0.8410200759631036,98.56405594031607,1.435944059683932,94.57710511538359,99.44018773502219,0.5598122649778053,95.57786218122627,2.4986435160065112,144.84256243213898,34.093376764386534,100,15.517241379310345,0.1657886996283124,76.1996161228407,14.609571788413097,58.620689655172406,60.84452975047985,19.769673704414586,86.20689655172413,53.44827586206896,177.58620689655174,35369,35230,921,1334,1334,1127,207,50,31,37397,36860,537,709,0,18,0,35212,400,207,0,314,36339,521,35171,198,NA,NA,62,397,317,58,339,34,283,103,50,0,31,0,5
Missouri,2015,1.620897521768252,977.0797052913597,15.284661754855994,4.849296718017415,9.377093101138648,8.184862692565305,1.2056262558606832,0.9243134628265238,98.00961058740121,1.9903894125987975,95.76320142845888,98.6029421845652,1.3970578154348152,96.38446081714669,3.608841259209645,100.1855976243504,0,61.68951463505002,6.426426426426427,0.4503321692093585,61.34969325153374,17.285714285714285,65.28925619834712,53.54951796669588,31.72655565293602,74.3801652892562,57.02479338842975,299.1735537190082,72939,71951,2694,2699,1665,1558,107,90,69,76166,74650,1516,5,0,0,0,71951,1553,107,1034,0,73509,1141,71920,1019,NA,NA,343,700,611,121,579,79,532,362,90,0,69,0,7
Montana,2015,1.8778576094056172,976.5676028739387,26.53494448073155,18.04376224689745,4.57217504898759,2.939255388634879,1.4696276943174396,0.8164598301763554,97.74940143655228,2.2505985634477255,95.45889864325619,97.68414012206337,2.3158598779366275,88.61854996734161,8.564663618549966,131.83984747378457,2.9551954242135365,86.84020245842372,9.325562031640299,0.2553870710295291,17.23076923076923,41.07142857142857,43.47826086956522,11.076923076923077,68,78.26086956521739,43.47826086956522,960.8695652173913,11961,10854,1049,1383,1201,1089,112,18,10,12530,12248,282,317,28,16,4,10834,756,80,182,31,11923,325,11684,277,NA,NA,32,56,36,23,33,10,26,221,15,3,7,3,4
Nebraska,2015,2.187696985427713,975.2308205717676,5.969817197523081,0.8157514182950796,4.449553190700434,2.706811524342764,1.4090251770551374,1.038229077830101,99.43954868920763,0.5604513107923749,96.9765126654622,99.57796281510208,0.42203718489791264,96.36619822759465,3.322333049056324,107.25446428571428,7.03125,97.08636836628513,7.502679528403002,0.025810257733859372,74.53416149068323,49.166666666666664,62.71186440677966,45.3416149068323,13.664596273291925,64.40677966101694,47.45762711864407,37.28813559322034,26301,25989,896,961,933,863,70,38,28,27121,26969,152,81,3,44,0,25945,738,67,28,63,26808,161,26190,111,NA,NA,7,120,73,59,61,37,36,22,38,0,28,0,3
Nevada,2015,1.498170503327667,920.8850730358121,13.714022299691722,5.3012187040825145,6.712956293756662,3.745426258319168,1.3253046760206286,1.0660059350600708,96.56141327027403,3.4385867297259702,88.92196411183753,98.6953665175359,1.304633482464099,97.51073208677865,2.4662191362470827,83.41121495327103,17.640186915887853,99.57983193277312,45.28832630098453,1.5134232855751844,48.94957983193277,22.317596566523605,38.46153846153847,27.310924369747898,38.655462184873954,88.46153846153845,71.15384615384616,353.8461538461538,31963,33845,856,714,711,389,322,46,37,35945,34709,1236,3,5,0,1,33844,386,316,3,151,34233,476,31546,417,NA,NA,544,233,130,52,181,20,110,184,46,0,37,0,4
New Hampshire,2015,2.4840606110789105,987.7453009853441,34.11443239215037,5.878943446220088,26.745052579282937,17.222820236813778,2.0700505092324253,1.6560404073859403,98.01168641454309,1.9883135854569065,96.81058269761402,96.69712465420403,3.3028753457959596,NA,NA,NA,NA,NA,NA,1.5581886057458205,78.39805825242718,9.287925696594428,60,50.48543689320388,17.233009708737864,83.33333333333334,66.66666666666666,236.66666666666666,11929,NA,NA,NA,NA,NA,NA,25,20,12322,12077,245,NA,NA,NA,NA,NA,NA,NA,NA,NA,11665,412,11535,394,NA,NA,192,323,208,30,293,18,190,71,25,0,20,0,0
New Jersey,2015,1.1494023107983848,980.6800463758846,7.5760604485667455,3.1583576540199094,3.9679366729300765,2.6985967297005558,0.8495582297205454,0.5397193459401111,99.21659625949505,0.7834037405049484,97.29973622101902,99.40072768780766,0.5992723121923379,97.48130971894615,2.2938072202454722,97.69063180827887,12.766884531590414,87.68956289027653,9.613428280773144,0.15172249657880646,52.37467018469657,28.967254408060455,53.04347826086957,35.62005277044855,41.68865435356201,73.91304347826086,46.95652173913044,274.7826086956522,98119,97532,2295,2242,1966,1777,189,85,54,100842,100052,790,205,20,15,0,97517,1557,169,276,293,99294,758,97531,588,NA,NA,153,397,270,115,282,61,209,316,85,0,54,0,21
New Mexico,2015,2.5413507925568575,973.8542384562371,18.17711922811854,8.227084769124742,9.131633356305995,5.771881461061337,1.4645072363886975,0.5599586492074432,95.72424030016904,4.275759699830949,93.22145713932298,98.31483037728339,1.6851696227166175,NA,NA,NA,NA,NA,NA,2.226528676864718,50.23696682464455,27.830188679245282,59.32203389830508,31.753554502369667,45.26066350710901,57.6271186440678,22.033898305084744,323.728813559322,22609,NA,NA,NA,NA,NA,NA,34,13,24253,23216,1037,NA,NA,NA,NA,NA,NA,NA,NA,NA,22794,422,22228,381,NA,NA,540,212,134,59,153,35,99,191,34,0,13,0,25
New York,2015,1.3234687900023865,981.8272547785903,11.512008852053546,7.680458223948276,3.571196112039227,2.0351044672495715,1.1629168384283266,0.6942787095094487,96.79607531827136,3.2039246817286404,95.03702490308001,99.01620651707937,0.9837934829206203,87.84491549326333,3.0413746718448285,399.0583535454416,0.7276358967042375,99.77118341079728,9.094818318641153,1.9526803677709033,31.021485111194874,37.0595382746051,49.18032786885246,17.678100263852244,66.71692423671315,87.8688524590164,52.459016393442624,580.327868852459,226267,202443,7009,27970,27906,25368,2538,268,160,238083,230455,7628,20699,304,0,9,202434,4669,2225,64,51,227802,2653,224041,2226,NA,NA,4649,823,469,305,518,150,319,1770,268,0,160,0,15
North Carolina,2015,1.6590149393473994,979.6893864108608,6.890661059962713,2.053236311073514,3.942213717261147,2.225708161203689,1.2894324033541669,0.6981003457649948,99.16277781849871,0.837222181501299,97.14872095580151,99.45509112553023,0.5449088744697618,97.43263331663368,2.547655614780016,96.5183752417795,4.513217279174726,88.91115564462257,13.786626596543952,0.09610137881046038,57.210965435041714,42.083333333333336,54.45544554455446,32.30035756853397,29.797377830750893,77.72277227722772,42.07920792079208,123.76237623762376,119286,118633,3102,2994,2662,2295,367,157,85,122787,121759,1028,22,2,5,3,118625,2268,362,332,140,120920,839,118636,650,NA,NA,118,480,271,202,278,110,161,250,155,2,83,2,11
North Dakota,2015,1.1847405418213413,985.3881999842034,24.32667245873154,10.978595687544429,6.63454703419951,3.870152436616381,0.7108443250928046,0.31593081115235766,99.47360150848523,0.5263984915147706,98.02011313639221,97.64347547290798,2.3565245270920165,89.17147144775294,10.528394281652318,102.47561890472619,0.3750937734433608,85.28550512445095,8.755364806866952,0.00785669390320553,27.27272727272727,17.857142857142858,46.666666666666664,15.909090909090908,45.12987012987013,60,26.666666666666668,926.6666666666667,12476,11290,1333,1366,1165,1063,102,9,4,12728,12661,67,36,2,0,0,11290,1027,100,201,5,12353,308,12182,294,NA,NA,1,84,49,15,69,7,42,139,8,1,3,1,2
Ohio,2015,1.475120127356906,966.1890782689977,27.048737384801882,6.711066321985132,17.781769852049834,15.23317121617082,0.7448626385663585,0.4746673677138559,97.69144063806412,2.3085593619358797,94.38840298486167,97.37506424403665,2.6249357559633584,97.02420073317852,2.9385561348931635,440.6809145129225,0,98.46613658151469,19.655231659126052,0.16978897655770686,65.73974082073434,8.295687885010267,62.87128712871287,56.317494600431964,24.811015118790497,50.495049504950494,32.17821782178218,454.950495049505,132308,132863,4024,17733,17461,14029,3432,102,65,140174,136938,3236,45,6,13440,218,119205,544,3208,272,0,133234,3704,128835,3473,NA,NA,238,2435,2086,202,2233,127,1959,919,102,0,65,0,61
Oklahoma,2015,1.7346898998167855,0,18.691770942969633,12.064865707714498,1.8906170818227888,0.97454488753752,1.559271820060032,0.584726932522512,99.26095031728835,0.7390496827116545,0,NA,NA,93.35945113631934,5.864811133200795,143.1704885343968,0,84.74930362116991,8.545603944124897,0.2902027549914874,10.114702815432743,91.75257731958763,56.17977528089888,5.213764337851929,64.54640250260688,89.8876404494382,33.70786516853933,695.5056179775281,0,47899,3009,4308,3651,3339,312,80,30,51688,51306,382,386,12,764,137,46998,2189,163,657,0,50347,959,0,0,NA,NA,150,97,50,89,8,50,0,619,43,37,28,2,7
Oregon,2015,2.718299503130501,977.2955148058198,30.859383703571666,4.1665738285688825,24.88803725407188,17.824914774626237,2.1835520598917135,1.4928366123749472,97.63318758293633,2.3668124170636733,95.41647632099894,97.0133600838995,2.986639916100497,NA,NA,NA,NA,NA,NA,0.4916356675150645,80.64981949458485,10.922112802148613,64.75409836065575,57.761732851985556,13.501805054151625,80.32786885245902,54.91803278688525,153.27868852459017,43862,NA,NA,NA,NA,NA,NA,98,67,45969,44881,1088,NA,NA,NA,NA,NA,NA,NA,NA,NA,43496,1385,42552,1310,NA,NA,226,1117,800,122,995,79,721,187,97,1,67,0,7
Palau,2015,4.166666666666667,983.3333333333333,12.5,0,4.166666666666667,4.166666666666667,4.166666666666667,0,99.17355371900827,0.8264462809917356,97.52066115702479,98.72881355932203,1.2711864406779663,100,0.4166666666666667,100,0,0,NA,0,33.33333333333333,100,100,33.33333333333333,0,100,0,0,236,240,1,1,0,0,0,1,0,242,240,2,0,0,0,0,240,NA,0,1,0,237,3,233,3,NA,NA,0,1,1,1,0,1,0,0,0,1,0,0,0
Pennsylvania,2015,1.2519816869897618,968.9004785681477,8.793504511578977,3.696679655667995,4.719007897115256,3.267005467233639,0.6815521609648408,0.48893959373564666,96.31812538352861,3.6818746164713945,93.32267777888774,99.62152491054225,0.3784750894577484,96.04625664883766,1.9031603277376914,91.66991047100039,8.71934604904632,80,31.528662420382165,1.2793800750645754,53.664700926705976,26.53061224489796,60.35502958579882,37.1524852569503,42.03875315922493,54.437869822485204,39.053254437869825,295.26627218934914,130788,129649,2569,2355,1884,1290,594,92,66,140146,134986,5160,0,0,0,10,129639,1290,584,471,224,133799,1187,130293,495,NA,NA,1793,637,441,169,468,102,339,499,92,0,66,0,75
Puerto Rico,2015,0.6195786864931846,0,23.511380682188744,11.641557425161416,11.250244570534141,7.956694710754582,0.45653166373182025,0.29348464097045585,97.6810855577499,2.3189144422501116,0,NA,NA,NA,NA,NA,NA,NA,NA,2.3189144422501116,47.8502080443828,5.507246376811594,47.368421052631575,33.841886269070734,49.51456310679612,73.68421052631578,47.368421052631575,1878.9473684210527,0,NA,NA,NA,NA,NA,NA,14,9,31394,30666,728,NA,NA,NA,NA,NA,NA,NA,NA,NA,29945,721,0,0,NA,NA,728,345,244,19,326,9,235,357,14,0,9,0,3
Rhode Island,2015,2.8877005347593583,975.5080213903743,21.497326203208555,2.7807486631016043,14.973262032085561,9.625668449197862,2.6737967914438503,2.0320855614973263,80.93135981996018,19.068640180039818,78.9491906864018,98.34447977195482,1.6555202280451704,94.67379679144385,3.8395721925133692,110.58495821727018,29.526462395543174,90.17632241813602,15.64245810055866,0.06059032285986324,69.65174129353234,19.28571428571429,55.55555555555556,44.776119402985074,12.935323383084576,92.5925925925926,70.37037037037037,96.29629629629629,9121,8852,359,397,358,302,56,25,19,11553,9350,2203,125,14,5,0,8847,172,42,39,106,9149,201,8970,151,NA,NA,7,140,90,27,113,15,75,26,25,0,19,0,1
South Carolina,2015,1.985576472791983,986.5692610283787,13.056101901283132,6.069120539477381,6.40629390278168,5.07633230308139,1.273766039149574,0.8054697012269364,97.49438427963548,2.5056157203645197,96.18496265317677,98.78484089010405,1.215159109895952,97.48618525803127,2.4332677718460243,101.00076982294073,19.24557351809084,80.41158536585365,18.009478672985782,0.2337600672060193,49.06743185078909,30.994152046783626,72.64150943396226,38.88091822094692,46.48493543758967,64.15094339622641,40.56603773584906,305.66037735849056,52668,52043,1299,1312,1055,865,190,68,43,54757,53385,1372,30,13,189,31,51823,646,146,257,250,52688,697,52028,640,NA,NA,128,342,271,106,236,77,194,324,68,0,43,0,29
South Dakota,2015,2.3485204321277595,979.1764521684671,18.709879442617815,11.58603413183028,4.853608893064036,3.7576326914044156,0.07828401440425865,0.07828401440425865,98.49641452694888,1.5035854730511218,96.44536972781248,98.30508474576271,1.694915254237288,93.43979959292312,5.667762642868326,111.32596685082873,4.41988950276243,80.76923076923077,7.987711213517665,0.40866682088056133,25.94142259414226,48.38709677419355,80,20.0836820083682,61.92468619246861,3.3333333333333335,3.3333333333333335,493.33333333333337,12508,11936,724,806,651,599,52,1,1,12969,12774,195,109,5,0,0,11936,490,47,155,32,12535,239,12296,212,NA,NA,53,62,48,30,32,24,24,148,1,0,1,0,26
Tennessee,2015,1.6009837929394295,981.9715303316821,47.55385918303421,12.680255693353596,31.81085188579649,26.45103657899927,0.9165052147986589,0,98.50410257582337,1.4958974241766279,96.72822435033027,95.39595713762509,4.604042862374916,NA,NA,NA,NA,NA,NA,0.38397367037688845,66.89436447914126,5.032822757111598,29.71014492753623,55.623322761649185,26.665040253720417,57.2463768115942,0,792.0289855072464,84643,NA,NA,NA,NA,NA,NA,79,0,87506,86197,1309,NA,NA,NA,NA,NA,NA,NA,NA,NA,82098,4099,80746,3897,NA,NA,336,2742,2280,138,2604,41,2239,1093,79,0,0,0,52
Texas,2015,1.2353288968840024,985.1081227277873,14.333337526574667,7.696275143723346,5.691067137986993,3.4569081554350696,0.20882341841420002,0.1459247984099229,98.66058020011866,1.3394197998813486,97.19133894817318,98.66120455834053,1.338795441659473,96.89507252210886,2.925540613638937,106.25214998280015,0.4471964224286206,64.99392958316471,16.43835616438356,0.3840034155701346,39.70510795155345,21.706454465075154,57.63747454175153,24.11795681937862,53.69492715464279,16.90427698574338,11.812627291242363,623.0142566191446,391546,385124,11628,12355,8030,6710,1320,83,58,402861,397465,5396,672,41,66,0,385058,5972,1279,4325,52,391768,5697,386304,5242,NA,NA,1547,2262,1374,491,1771,283,1091,3059,83,0,58,0,378
Utah,2015,1.9111137112658205,980.4013338793658,9.614072037286219,1.170069619142339,7.585951364106164,5.655336492521306,1.4430858636088848,1.092064977866183,99.08219654519458,0.9178034548054257,97.14031765660626,99.34956438715837,0.6504356128416279,95.71754519393903,3.859279627137815,111.72309247094492,3.031834259727135,95.97467209407507,16.211121583411874,0.0637631873864822,78.90466531440163,25.19280205655527,77.55102040816327,58.82352941176471,12.170385395537526,75.51020408163265,57.14285714285714,61.224489795918366,50274,49083,1979,2211,2122,1778,344,74,56,51754,51279,475,107,110,72,3,49008,1599,231,89,60,50786,493,49947,327,NA,NA,33,389,290,98,291,76,214,60,74,0,56,0,7
Vermont,2015,1.5817223198594024,967.6625659050967,5.0966608084358525,0,4.569420035149385,3.51493848857645,1.40597539543058,1.2302284710017575,99.47552447552448,0.5244755244755245,96.25874125874125,99.7638939338903,0.23610606610969853,92.74165202108962,4.235500878734622,172.19917012448133,0,98.79518072289156,6.341463414634147,0.08741258741258741,89.65517241379311,34.61538461538461,88.88888888888889,68.96551724137932,0,88.88888888888889,77.77777777777779,0,5506,5277,241,415,410,384,26,8,7,5720,5690,30,172,2,0,0,5277,212,24,5,0,5661,29,5493,13,NA,NA,5,26,20,9,17,8,12,0,8,0,7,0,0
Virgin Islands,2015,NA,NA,NA,NA,NA,NA,NA,NA,NA,NA,NA,NA,NA,NA,NA,NA,NA,NA,NA,NA,NA,NA,NA,NA,NA,NA,NA,NA,NA,NA,NA,NA,NA,NA,NA,NA,NA,NA,NA,NA,NA,NA,NA,NA,NA,NA,NA,NA,NA,NA,NA,NA,NA,NA,NA,NA,NA,NA,NA,NA,NA,NA,NA,NA,NA,NA,NA,NA
Virginia,2015,1.665868645758519,970.9320884207167,12.638656132790679,4.309312903998085,7.8505306839039175,4.618546005905355,1.0075013965365893,0.5885404197589976,99.13079592987036,0.8692040701296389,96.24927071899691,99.01986972691968,0.9801302730803214,95.62784294948527,4.104820046285212,115.3341433778858,14.459295261239369,89.97050147492625,4.590163934426229,0.6842880734126396,62.11523283346487,21.21982210927573,58.08383233532935,36.54301499605367,34.096290449881614,60.47904191616767,35.32934131736527,258.6826347305389,97334,95865,4115,4746,4270,4074,196,101,59,101127,100248,879,263,5,878,80,94907,2933,111,476,595,98981,1267,96380,954,NA,NA,692,787,463,167,620,97,366,432,90,11,55,4,55
Washington,2015,1.8971332209106238,966.4956904628068,11.265692336518644,3.770845044032228,6.159827618512273,3.6654487539816376,1.1710698894510025,0.7611954281431516,96.02159001461824,3.978409985381761,92.80445294051502,99.05611224873077,0.9438877512692201,92.96304103428893,4.966507401161701,137.39684036783777,4.291440697948597,94.33670842629141,8.186283427323996,1.5113010232767345,54.67775467775468,30.798479087452474,55.55555555555556,32.53638253638253,33.471933471933475,61.72839506172839,40.123456790123456,198.76543209876542,82531,79383,4241,5827,5497,5047,450,100,65,88930,85392,3538,1657,111,0,0,79383,3390,339,330,182,84430,962,81752,779,NA,NA,1344,526,313,162,364,90,223,322,100,0,65,0,33
West Virginia,2015,0.7830853563038371,953.9657679829958,35.854122385054254,32.16243427676474,2.684864078756013,0,0.4474773464593355,0.22373867322966776,87.5685736677116,12.431426332288401,83.53742163009404,100,0,95.39657679829958,2.44434500503412,117.3913043478261,0,38.59649122807017,8.080808080808081,3.4531739811912225,7.48829953198128,29.166666666666668,0,0,89.70358814352574,57.14285714285714,28.57142857142857,4107.142857142857,17055,17055,437,513,198,182,16,8,4,20416,17878,2538,70,6,0,0,17055,112,10,315,0,17237,641,17055,0,NA,NA,705,48,0,14,34,0,0,575,8,0,4,0,6
Wisconsin,2015,2.158842130868402,982.8204816346388,8.179275115543662,0.8969837022622232,6.218073461444904,3.9984188761858426,1.3530771101921673,0.7753587934809049,99.13489073097212,0.8651092690278824,97.4318010550113,99.31627633573616,0.6837236642638369,NA,NA,NA,NA,NA,NA,0.0452147701582517,76.02230483271374,34.71882640586797,48.59154929577465,48.88475836431227,10.966542750929369,62.676056338028175,35.91549295774648,41.54929577464789,64646,NA,NA,NA,NA,NA,NA,89,51,66350,65776,574,NA,NA,NA,NA,NA,NA,NA,NA,NA,65238,538,64204,442,NA,NA,30,409,263,142,267,69,194,59,89,0,51,0,16
Wyoming,2015,2.706167212647771,987.6086027631391,6.694203104970802,0,5.982053838484546,4.5577553055120354,1.9940179461615153,1.2818686796752599,98.77602701181767,1.2239729881823298,97.55205402363534,99.45197577156043,0.5480242284395731,96.01196410767697,3.988035892323031,95,5.357142857142857,98.1203007518797,10.344827586206897,0,89.36170212765957,45.23809523809524,84.21052631578947,68.08510638297872,0,73.68421052631578,47.368421052631575,0,6934,6741,280,266,261,234,27,14,9,7108,7021,87,0,0,0,1,6740,234,26,5,15,6974,47,6896,38,NA,NA,0,42,32,19,23,16,16,0,14,0,9,0,0
US,2015,1.6203719558424274,954.6901746608705,17.11730270634519,4.7749735118842205,8.434838181453209,6.062367065485577,1.128807320888441,0.7373469524309794,98.16960706730595,1.8303929326940482,93.72155931747534,98.67940345095147,1.3205965490485214,70.977138819855,2.5191502096130653,145.9875768603338,8.152423976241268,89.52114895598295,12.208744078863141,0.6805074971164936,49.276678260334265,19.210468784159403,59.193627052511786,35.41660254239897,27.895595432300162,69.66346935457649,45.50479596813526,294.68379125345473,3624044,2694322,95628,139605,124976,109718,15258,4285,2799,3866820,3796042,70778,28197,979,20021,2576,2671725,61500,11703,14629,7796,3731064,64978,3576185,47859,NA,NA,26314,32019,23013,6151,25868,3641,19372,18126,4153,132,2757,42,1315
State/Territory average,2015,1.9313817048570323,929.0284819120347,22.081607706105256,5.64217682434822,10.165875947943235,6.826764370396166,1.2795224856428906,0.7801400152433017,97.40966420551194,2.590335794488052,90.63914711539887,97.97868421734597,2.0213157826540336,93.86996121480209,4.624744000531192,133.0385875877098,10.459155479663197,83.516270791458,13.52570675303692,0.7612307539077224,54.25303475119996,30.27123623579894,55.89572001735756,37.097739999597856,28.17818136420248,65.74132042478558,40.67205614975819,427.39507943223185,64715.07142857143,65715.17073170732,2332.390243902439,3405,3048.1951219512193,2676.048780487805,372.1463414634146,76.51785714285714,49.982142857142854,69050.35714285714,67786.46428571429,1263.892857142857,687.7317073170732,23.878048780487806,488.3170731707317,62.829268292682926,65164.0243902439,1537.5,285.4390243902439,356.8048780487805,194.9,66626.14285714286,1160.3214285714287,63860.44642857143,854.625,NA,NA,469.89285714285717,582.1636363636363,418.41818181818184,111.83636363636364,470.3272727272727,66.2,352.2181818181818,323.67857142857144,74.16071428571429,2.357142857142857,49.232142857142854,0.75,23.482142857142858
State/Territory median,2015,1.7346898998167855,976.4174324631829,14.917043622281852,4.183024447092841,6.63454703419951,4.085801838610828,1.2179119203282225,0.7449632088540789,98.73505005640726,1.264949943592749,96.04796507849333,98.71209003842897,1.2879099615710325,95.39657679829958,3.988035892323031,109.1970121381886,4.466553390968578,88.43537414965986,9.794548690264918,0.24457356911777423,57.210965435041714,25.19280205655527,56.908624911325205,37.1524852569503,22.782098694740135,66.66666666666666,41.98554990634199,199.3827160493827,37194.5,35335,1333,1366,1201,1089,133,49.5,31,39868.5,39448,625,81,6,5,0,35212,747,107,201,51.5,38770.5,612.5,36685.5,429.5,NA,NA,117,359,263,69,278,39,194,185.5,47.5,0,31,0,7.5
State/Territory SD,2015,0.8781903057839595,196.0619399183423,19.42293130401778,6.252051747791983,8.680790288386058,6.805218498193924,0.7404747216995572,0.5084387212142029,3.8131253231510245,3.813125323151025,19.773033942459254,3.075226629197634,3.075226629197634,5.814121339313488,2.86260504495771,77.70254642316677,15.818746641496888,18.655747626543167,10.810901298561957,1.3033569234856968,24.961265391131654,22.232021204044496,19.39545025884068,21.246004529674916,22.690698521251946,20.964501081247374,19.10603004074444,699.7870196625004,88410.78654385955,95607.3577968512,2956.899912729959,5408.908489704739,5232.618055139856,4666.456374762436,717.8520586087224,131.659338800962,97.4044036845504,90424.6870580311,89296.93517004006,1719.4929028225567,3216.7986494680563,53.101880909225436,2114.121170120393,295.65029193618466,95406.26442993348,2144.9225555321964,609.045854134994,685.3750513227118,405.0255325918134,88257.54908374768,1535.022689878413,87624.77503639537,1134.937700532901,NA,NA,927.5728773833046,740.5541909707282,568.9241858920477,164.4180268160628,662.632881280076,106.9746248900662,535.6126533961968,490.6966145516673,131.64839905606894,7.540023080332583,97.42092197757646,2.4064307783331502,52.63562259756947
Alabama,2016,2.3100772052118588,961.8026707734706,48.32924679324809,7.092342296703074,10.010334555918053,8.672921437111187,0.9321364161381183,0.6079150540031206,82.51099332876322,17.48900667123677,79.35929375177649,96.97244227203775,3.027557727962245,30.98948306956575,7.4895134653184465,1156.060606060606,0.08116883116883117,99.10129189290396,4.718496126960136,17.134544968148607,20.71278825995807,23.076923076923077,42.10526315789473,17.945492662473793,14.675052410901468,40.35087719298245,26.31578947368421,307.01754385964915,47464,15293,3696,42728,42344,40346,1998,46,30,59809,49349,10460,29077,1283,8048,627,6618,3221,88,384,3,46964,2385,46027,1437,NA,NA,10248,494,428,114,380,48,380,350,46,0,30,0,32
Alaska,2016,1.7758669034489203,993.2703991027198,12.618001682400225,3.5517338068978406,7.477334330311244,4.6733339564445275,1.1216001495466865,0.5608000747733433,96.3006300630063,3.6993699369936994,95.65256525652566,98.73906088265738,1.2609391173426179,NA,NA,NA,NA,NA,NA,0.027002700270027002,59.25925925925925,23.75,78.94736842105263,37.03703703703704,28.14814814814815,63.1578947368421,31.57894736842105,200,10627,NA,NA,NA,NA,NA,NA,12,6,11110,10699,411,NA,NA,NA,NA,NA,NA,NA,NA,NA,10564,135,10493,134,NA,NA,3,80,50,19,61,15,35,38,12,0,6,0,4
American Samoa,2016,1.996007984031936,957.0858283433133,87.82435129740519,45.90818363273453,22.954091816367264,12.974051896207584,0.998003992015968,0.998003992015968,99.01185770750988,0.9881422924901186,94.76284584980237,92.90928050052138,7.090719499478623,NA,11.676646706586826,100,12.82051282051282,77.77777777777779,52.74725274725275,0.09881422924901186,26.136363636363637,8.695652173913043,100,14.772727272727273,52.27272727272727,50,50,2300,959,NA,117,117,91,43,48,1,1,1012,1002,10,7,8,NA,NA,881,36,40,26,15,914,88,891,68,NA,NA,1,23,13,2,21,2,11,46,1,0,1,0,0
Arizona,2016,2.4008042102773346,980.7935663177814,10.230027792561055,3.6899059783572823,5.558512210986931,3.8554786825143395,1.1590089290994026,0.9224764945893206,98.68467122616185,1.3153287738381456,96.78929063280502,99.15954227007995,0.8404577299200541,95.45148128437113,4.197268050381409,102.67681036911807,5.776275007044237,92.06915477497256,11.058122205663189,0.6734203216544898,54.33526011560693,43.19148936170213,67.48768472906403,37.6878612716763,36.06936416184971,48.275862068965516,38.42364532019704,153.69458128078816,82931,80709,3549,3644,3355,2984,371,98,78,85682,84555,1127,256,41,NA,3,80706,2728,327,289,205,83690,865,82234,697,NA,NA,577,470,326,203,267,137,189,312,98,0,78,0,99
Arkansas,2016,1.1820006047444955,959.7570026663734,11.792517661288107,6.844608153055335,2.254047664861596,0.9346051293328569,1.127023832430798,1.0720470601171006,98.54801571177029,1.451984288229717,94.58214817824732,99.0433910926536,0.9566089073464127,NA,NA,NA,NA,100,NA,0.27089259108763375,19.114219114219114,52.4390243902439,44.18604651162791,7.925407925407925,58.04195804195804,95.34883720930233,90.69767441860465,579.0697674418604,34915,NA,NA,485,485,485,NA,41,39,36915,36379,536,56,NA,NA,NA,35950,429,NA,NA,NA,35950,429,34581,334,NA,NA,100,82,34,43,39,19,15,249,6,35,4,35,2
California,2016,2.133761615234599,983.8559971633277,5.990384515106323,0.36501298403328913,4.296724269191862,2.5112893301490296,1.787520727523022,1.3870493393264989,99.571545468517,0.42845453148299684,97.96406215602141,99.5452569986962,0.4547430013038086,NA,2.9192695568742373,98.67819376964847,1.3575307230637326,80.58069654623127,NA,0.006022870292296126,71.72701949860725,49.66019417475728,67.25317693059628,41.92200557103064,6.093314763231198,83.77321603128055,65.00488758553274,17.10654936461388,471695,NA,13996,13811,11129,11129,NA,857,665,481498,479435,2063,5,NA,NA,NA,465434,11124,1763,919,190,476563,2872,469550,2145,NA,NA,29,2060,1204,1023,1037,688,516,175,857,0,665,0,15
Colorado,2016,NA,NA,NA,NA,NA,NA,NA,NA,NA,NA,NA,NA,NA,NA,NA,NA,NA,NA,NA,NA,NA,NA,NA,NA,NA,NA,NA,NA,NA,NA,NA,NA,NA,NA,NA,NA,NA,NA,NA,NA,NA,NA,NA,NA,NA,NA,NA,NA,NA,NA,NA,NA,NA,NA,NA,NA,NA,NA,NA,NA,NA,NA,NA,NA,NA,NA,NA,NA
Commonwealth of the Northern Mariana Islands,2016,1.6680567139282736,989.1576313594662,26.688907422852377,3.336113427856547,2.5020850708924103,2.5020850708924103,0.8340283569641368,0.8340283569641368,98.52095316351685,1.4790468364831553,97.45275267050123,97.21753794266442,2.782462057335582,NA,14.51209341117598,102.87356321839081,NA,81.56424581005587,NA,0.24650780608052586,9.375,66.66666666666666,100,9.375,12.5,50,50,200,1186,NA,174,179,146,146,NA,1,1,1217,1199,18,5,NA,NA,NA,1020,141,3,30,NA,1167,32,1153,33,NA,NA,3,3,3,2,1,2,1,4,1,0,1,0,0
Connecticut,2016,2.208099956915123,987.1822490305902,12.925463162429988,1.7503231365790608,10.744291253769926,9.04782421370099,1.3464024127531236,0.9424816889271865,99.14037054834748,0.8596294516525174,97.86961396764376,98.7506819421713,1.2493180578286962,NA,NA,NA,NA,NA,NA,0.22959047466495808,83.125,20.551378446115287,70.73170731707317,70,13.541666666666666,60.97560975609756,42.68292682926829,79.26829268292683,36660,NA,NA,NA,NA,NA,NA,50,35,37458,37136,322,NA,NA,NA,NA,NA,NA,NA,NA,NA,36656,480,36202,458,NA,NA,86,399,336,82,317,58,278,65,50,0,35,0,23
Delaware,2016,1.5360983102918586,907.2919490376796,14.638113309840065,10.752688172043012,3.8854251377970543,0,1.5360983102918586,0,96.95137976346912,3.0486202365308803,87.96320630749015,99.00408325863957,0.9959167413604223,NA,NA,NA,NA,NA,NA,0.2715724923346474,26.543209876543212,39.53488372093023,0,0,73.4567901234568,100,0,700,10041,NA,NA,NA,NA,NA,NA,17,0,11415,11067,348,NA,NA,NA,NA,NA,NA,NA,NA,NA,10905,162,9941,100,NA,NA,31,43,0,17,26,0,0,119,17,0,0,0,0
District of Columbia,2016,0.6881786205841871,972.0140694295764,45.9550389967885,41.06132436152317,4.052607432329102,2.4468573176326656,0,0,97.33551652277464,2.6644834772253647,94.61149151533195,95.45311516677155,4.546884833228446,91.37482795534486,7.149411224957945,121.28342245989305,NA,51.587301587301596,8.88888888888889,0.007442691277165824,8.818635607321132,16.9811320754717,55.55555555555556,5.324459234608985,89.35108153078203,0,0,5966.666666666666,12712,11950,935,1134,585,533,52,0,0,13436,13078,358,185,8,6,NA,11944,342,44,549,NA,12477,601,12134,578,NA,NA,1,53,32,9,44,5,27,537,0,0,0,0,9
Florida,2016,1.3142469868483717,948.4787705608675,42.77484705278969,3.1001575264681103,38.16811371212954,33.07597904531633,0.8837967542220757,0.5907242554126827,97.04823614110872,2.9517638588912885,92.04819170021953,98.3715147857574,1.628485214242607,NA,NA,NA,NA,NA,NA,1.1567963451812744,89.23027513114228,3.4433113377324536,54.00696864111498,77.32576811904507,7.247618028048389,67.24738675958189,44.94773519163763,235.88850174216026,207125,NA,NA,NA,NA,NA,NA,193,129,225018,218376,6642,NA,NA,NA,NA,NA,NA,NA,NA,NA,209035,9341,203752,3373,NA,NA,2603,8335,7223,287,8048,155,7068,677,193,0,129,0,67
Georgia,2016,1.7170030779456098,988.7010120031966,12.193095590387948,4.320201292895405,6.527776678825475,4.5575749903072404,1.2976428791847003,0.7121210922355063,97.89088036187319,2.1091196381268107,96.78481247966786,99.05245888519867,0.9475411148013285,NA,NA,NA,NA,NA,NA,1.2911870865800195,53.536664503569106,26.3030303030303,68.66359447004609,37.37832576249189,35.4315379623621,75.57603686635944,41.474654377880185,251.61290322580646,124955,NA,NA,NA,NA,NA,NA,164,90,129106,126383,2723,NA,NA,NA,NA,NA,NA,NA,NA,NA,124842,1541,123771,1184,NA,NA,1667,825,576,217,608,149,427,546,121,43,72,18,32
Guam,2016,1.0056989607777405,944.3513241702983,25.81293999329534,10.39222259470332,4.022795843110962,0.3352329869259135,0.3352329869259135,0.3352329869259135,99.89953114534494,0.10046885465505692,94.34025452109846,98.2250621228257,1.774937877174299,88.70264834059671,11.297351659403285,110.68249258160236,NA,89.27613941018767,11.11111111111111,0,15.584415584415584,25,0,1.2987012987012987,40.25974025974026,33.33333333333333,33.33333333333333,1033.3333333333335,2817,2646,337,373,333,296,37,1,1,2986,2983,3,NA,NA,34,2,2610,262,35,40,NA,2906,77,2767,50,NA,NA,0,12,1,3,9,0,1,31,1,0,1,0,1
Hawaii,2016,3.979597556190796,983.2408497281543,9.24836051790819,1.0649627263045793,7.062384395493527,5.717168320161426,2.1859761224146625,1.4012667451376044,99.14420672409003,0.8557932759099749,97.48263406501806,99.28172386272945,0.7182761372705506,95.51034134857912,3.48635166190236,119.29260450160773,11.736334405144696,96.3611859838275,9.090909090909092,0,76.36363636363637,56.34920634920635,77.46478873239437,61.81818181818181,11.515151515151516,54.929577464788736,35.2112676056338,26.76056338028169,17542,17040,622,742,715,650,65,39,25,17995,17841,154,176,3,13,1,17026,461,61,27,73,17676,165,17416,126,NA,NA,0,126,102,71,55,55,47,19,39,0,25,0,14
Idaho,2016,1.4191540010986998,984.9844350851492,21.79088079106391,6.9584325215162055,13.687969236403589,11.902581944698772,1.0071415491668192,0.7782457425379967,99.38577733290869,0.6142226670913145,97.8934437417535,97.91782859267522,2.0821714073247817,96.82750412012452,2.6735030214246476,97.43150684931507,46.4041095890411,74.69244288224957,14.352941176470587,0.4049319805268665,62.81512605042017,10.367892976588628,74.19354838709677,54.621848739495796,31.932773109243694,70.96774193548387,54.83870967741935,490.3225806451613,21516,21151,584,569,425,364,61,22,17,21979,21844,135,87,22,136,11,21004,141,28,144,271,21368,476,21068,448,NA,NA,89,299,260,31,268,23,237,152,22,0,17,0,5
Illinois,2016,2.050700880991892,976.1740937116336,11.11695740748236,3.791098339202115,6.597320597401546,4.9648547645066845,1.2479594177088815,0.951147448091634,99.3892177830818,0.6107822169181981,97.02117959410806,99.11201713772371,0.8879828622762768,96.6237638456038,3.1947761093347364,103.5472972972973,14.63260135135135,90.00815660685156,10.534662437698234,0.056318009024290495,59.34466019417476,31.083844580777097,62.82894736842105,44.66019417475729,34.101941747572816,60.85526315789473,46.381578947368425,184.86842105263156,144710,143237,4736,4904,4414,3949,465,185,141,149153,148242,911,222,47,578,14,142645,3149,404,490,693,146594,1648,143425,1285,NA,NA,84,978,736,304,674,191,545,562,185,0,141,0,98
Indiana,2016,1.5313935681470139,900.6395820196379,36.920740731208255,5.044590577425457,27.93828097854762,21.761231291904206,0.939426306510353,0.6820492362335439,95.8068254672782,4.193174532721803,86.28741924347784,98.0496099219844,1.9503900780156032,NA,NA,NA,NA,NA,NA,3.083542930413769,75.6709654932032,5.481345002303086,71.42857142857143,58.94039735099338,13.663297316138026,61.34453781512605,44.537815126050425,329.4117647058823,69986,NA,NA,NA,NA,NA,NA,73,53,81108,77707,3401,NA,NA,NA,NA,NA,NA,NA,NA,NA,74838,2869,68621,1365,NA,NA,2501,2171,1691,119,2052,85,1606,392,73,0,53,0,32
Iowa,2016,1.893300827346526,976.8654200274917,12.915942630391369,1.8414295718027855,7.806623959332936,5.005576159970952,1.19303887750603,0.8558757164717172,98.62638768097406,1.3736123190259375,96.34470762776897,98.82384176290986,1.1761582370901367,NA,4.735845631143501,98.95947426067909,9.529025191675794,91.6989485334809,10.500905250452625,0,60.44176706827309,24.25249169435216,56.16438356164384,38.75502008032129,14.257028112449799,63.013698630136986,45.20547945205479,97.26027397260275,37665,NA,1826,1807,1657,1483,174,46,33,39094,38557,537,149,6,NA,NA,36576,1334,168,150,174,38059,498,37222,443,NA,NA,0,301,193,73,228,41,152,71,46,0,33,0,14
Kansas,2016,1.7736877281373709,984.5252172124826,20.48737854094905,1.5937483933987968,17.428409850393297,13.521155724641407,1.2852809624183847,0.9768135314379723,98.92937975230781,1.0706202476921902,97.39846908933703,98.14882506527415,1.8511749347258486,NA,NA,NA,NA,NA,NA,0,85.06900878293601,10.176991150442479,14.492753623188406,65.99749058971142,7.779171894604768,72.46376811594203,55.072463768115945,89.85507246376811,38300,NA,NA,NA,NA,NA,NA,50,38,39323,38902,421,NA,NA,NA,NA,NA,NA,NA,NA,NA,38105,797,37591,709,NA,NA,0,678,526,69,609,10,516,62,50,0,38,0,9
Kentucky,2016,1.8976423231742379,972.934636764424,27.3720529039678,4.178646731838222,21.870806977189957,16.446233467510062,1.130918152194748,0.5750431282346176,98.26709361461668,1.7329063853833113,95.60745903183275,97.48611056385201,2.513889436147996,95.98044853364003,4.019551466359976,116.69051025274202,NA,46.26072742133224,9.982332155477032,0.11113203993219062,79.90196078431373,8.676599474145487,5.05050505050505,60.08403361344538,15.266106442577032,59.59595959595959,30.303030303030305,220.2020202020202,50758,50073,2097,2447,1132,1019,113,59,30,53090,52170,920,NA,NA,339,11,49723,680,102,1315,NA,50742,1428,49482,1276,NA,NA,59,1141,858,99,1042,5,853,218,57,2,30,0,30
Louisiana,2016,1.440760721661037,981.029983831463,47.43304464757392,8.628555877503322,34.59426577232779,30.38404277458498,1.1686170297917302,0.5923127411273152,98.76830155266735,1.2316984473326376,96.89466527527432,95.39832250905648,4.601677490943508,94.80045464004995,4.741703619511102,128.8318703578663,NA,82.31132075471697,8.468640560331105,0.2893463618252538,72.93283833952076,4.164738546968995,43.333333333333336,64.05669929125885,18.19102261221735,81.11111111111111,41.11111111111111,598.8888888888889,61282,59219,2962,3816,3141,2875,266,73,37,63246,62467,779,317,7,479,51,58689,2079,208,675,NA,59504,2963,58462,2820,NA,NA,183,2161,1898,90,2071,39,1859,539,66,7,31,6,4
Maine,2016,1.0662729658792651,977.6902887139107,12.38517060367454,1.5583989501312336,9.514435695538058,7.791994750656168,0.8202099737532809,0.5741469816272966,97.6923076923077,2.307692307692308,95.51282051282051,98.88422818791946,1.1157718120805369,NA,NA,NA,NA,NA,NA,0,76.82119205298014,11.206896551724139,246.15384615384616,62.913907284768214,12.582781456953644,76.92307692307693,53.84615384615385,146.15384615384613,11920,NA,NA,NA,NA,NA,NA,10,7,12480,12192,288,NA,NA,NA,NA,NA,NA,NA,NA,NA,12041,151,11787,133,NA,NA,0,116,95,13,103,32,63,19,10,0,7,0,1
Marshall Islands,2016,11.133603238866396,956.4777327935223,30.364372469635626,1.0121457489878543,22.267206477732792,9.109311740890687,6.0728744939271255,4.048582995951417,92.50936329588015,7.490636704119851,88.48314606741573,97.56613756613757,2.433862433862434,88.66396761133603,10.62753036437247,103.80952380952382,5.714285714285714,95.41284403669725,18.269230769230766,0,73.33333333333333,50,45.45454545454545,30,3.3333333333333335,54.54545454545454,36.36363636363637,9.090909090909092,945,876,105,109,104,85,19,6,4,1068,988,80,7,NA,2,1,873,76,18,5,6,958,30,922,23,NA,NA,0,22,9,11,11,5,4,1,0,6,0,4,0
Maryland,2016,1.3279637408161205,982.4044804341863,14.65090431443872,1.3568325177903837,11.778461005499503,8.343076545562147,1.0392759710734853,0.7938913667922458,99.14704830053668,0.8529516994633274,97.40250447227191,98.90243902439025,1.097560975609756,NA,2.87388674778793,80.41185334003013,37.066800602712206,89.25671455340412,7.3477956613016095,0.02003577817531306,80.39408866995073,11.27450980392157,54.347826086956516,56.945812807881765,9.261083743842365,78.26086956521739,59.78260869565217,102.17391304347827,68060,NA,1991,1601,1429,1324,105,72,55,69875,69279,596,339,9,NA,NA,66940,985,96,172,738,68264,1015,67313,747,NA,NA,14,816,578,92,724,50,528,94,72,0,55,0,5
Massachusetts,2016,2.4522168039908077,988.3834986828093,18.59480970797601,0.630570035311922,16.366795583207217,14.475085477271454,2.0178241129981505,1.6955327616165012,99.18278852568379,0.8172114743162108,98.03063153213253,98.21932373998725,1.7806762600127597,NA,1.9099265736225546,106.60308143800441,0.07336757153338225,9.29112181693049,5.9259259259259265,0.008338892595063374,88.0180859080633,14.982876712328766,80,77.84476262245667,3.391107761868877,82.28571428571428,69.14285714285714,25.71428571428571,70535,NA,1363,1453,135,127,8,144,121,71952,71364,588,87,4,NA,NA,69910,40,4,1318,1,70037,1327,69279,1256,NA,NA,6,1168,1033,175,993,140,893,45,144,0,121,0,23
Michigan,2016,1.5808777033008727,963.77531662722,11.273916421254222,5.347883430594952,5.1220437586948275,2.719109649677501,0.7768884713364289,0.5058808650562792,99.13668033887984,0.8633196611201661,95.54548548297541,99.13673515296941,0.8632648470305938,NA,NA,NA,NA,NA,NA,8.955598144400065e-4,45.43269230769231,30.864197530864196,58.285714285714285,24.118589743589745,47.43589743589743,49.142857142857146,32,338.2857142857143,106688,NA,NA,NA,NA,NA,NA,86,56,111662,110698,964,NA,NA,NA,NA,NA,NA,NA,NA,NA,109450,1248,105767,921,NA,NA,1,567,301,175,392,102,199,592,86,0,56,0,81
Micronesia,2016,0.6203473945409429,375.3101736972705,54.59057071960298,53.97022332506204,0.6203473945409429,0,0,0,86.94714131607336,13.052858683926646,32.63214670981661,91.90082644628099,8.099173553719009,NA,21.960297766749378,144.3502824858757,15.254237288135593,93.34637964774952,NA,0,1.1363636363636365,100,0,0,98.86363636363636,0,0,8700,605,NA,354,511,477,477,NA,0,0,1854,1612,242,197,14,NA,NA,1047,280,NA,20,54,1524,88,556,49,NA,NA,0,1,0,1,0,0,0,87,0,0,0,0,0
Minnesota,2016,NA,NA,NA,NA,NA,NA,NA,NA,NA,NA,NA,NA,NA,NA,NA,NA,NA,NA,NA,NA,NA,NA,NA,NA,NA,NA,NA,NA,NA,NA,NA,NA,NA,NA,NA,NA,NA,NA,NA,NA,NA,NA,NA,NA,NA,NA,NA,NA,NA,NA,NA,NA,NA,NA,NA,NA,NA,NA,NA,NA,NA,NA,NA,NA,NA,NA,NA,NA
Mississippi,2016,1.21215460481005,974.1039698063307,17.27320311854321,1.2397035731011874,10.138020331138598,7.0525358825312,1.0193118267720873,0.606077302405025,98.27007417835291,1.7299258216470843,95.725269370296175,98.7669334540004,1.233066545999604,95.39381250172181,2.7190831703352707,137.38601823708208,34.549138804457954,78.90855457227138,NA,0.6010070929665927,58.69218500797449,11.956521739130435,25,40.82934609250399,7.177033492822966,84.0909090909091,50,102.27272727272727,35359,34627,987,1356,1070,1070,NA,37,22,36938,36299,639,685,NA,25,NA,34602,360,286,NA,341,35672,627,34923,436,NA,NA,222,368,256,44,324,11,245,45,37,0,22,0,4
Missouri,2016,1.3449899125756557,978.2784129119032,15.480833893745798,4.6267652992602555,9.737726967047747,8.957632817753867,1.0356422326832548,0.8473436449226631,98.15570253607405,1.844297463925964,96.02360489524338,98.59352443802845,1.4064755619715406,96.56220578345662,3.4364492266308,73.46379647749511,26.69275929549902,81.99254128929142,8.512020792722547,0.32476533724107887,62.9018245004344,13.812154696132598,91,57.862728062554304,29.88705473501303,77,63,344,72735,71794,2555,1877,1539,1408,131,77,63,75747,74350,1397,1,NA,NA,3,71791,1407,128,338,682,73199,1151,71712,1023,NA,NA,246,724,666,100,624,91,575,344,77,0,63,0,9
Montana,2016,1.7423048203766696,968.6385132332199,24.973035758732266,17.091180618933045,5.392848253546835,2.7379075748776236,1.2445034431261928,1.078569650709367,98.1195050472159,1.8804949527841095,95.04233148811461,97.93576017130621,2.06423982869379,88.4841948062723,8.07267900107857,142.0349434737924,2.9804727646454263,87.26483357452966,7.960199004975125,0.4395962227287529,21.59468438538206,32.30769230769231,42.857142857142854,10.96345514950166,68.43853820598007,71.42857142857143,61.904761904761905,980.952380952381,11675,10665,973,1382,1206,1110,96,15,13,12284,12053,231,396,19,21,2,10642,693,75,176,29,11752,301,11434,241,NA,NA,54,65,33,21,44,9,24,206,15,0,13,0,2
Nebraska,2016,2.3006419533192326,976.8822590819697,7.3843185275891505,0.8534639504248767,5.56606924190137,3.2654272885821363,1.855356413967123,1.447178002894356,99.38412745242661,0.6158725475733884,97.08659094261691,99.31246676289601,0.6875332371040037,96.36350142862445,3.37303796059223,109.13091309130914,0.11001100110011,86.79435483870968,7.781649245063879,0.047942174362000295,75.37688442211056,41.333333333333336,70.96774193548387,44.221105527638194,11.557788944723619,80.64516129032258,62.903225806451616,37.096774193548384,26326,25969,909,992,861,794,67,50,39,27116,26949,167,70,1,12,1,25956,712,65,131,1,26750,199,26145,181,NA,NA,13,150,88,62,88,44,44,23,50,0,39,0,4
Nevada,2016,1.4143455044017896,983.3742242747871,14.287776013854813,5.25328330206379,7.764468177226151,4.704863616683504,1.1545677586953382,0.7793332371193534,96.43165307428954,3.5683469257104687,94.82840203746485,98.64392849804808,1.3560715019519212,97.29831144465291,2.693029297156877,87.78135048231512,14.255091103965704,96.21489621489621,42.00507614213198,1.856542433267459,54.34343434343434,18.21561338289963,48.97959183673469,32.92929292929293,36.76767676767677,81.63265306122449,55.10204081632652,371.42857142857144,34069,33709,933,819,788,457,331,40,27,35927,34645,1282,3,NA,13,3,33693,441,328,31,133,34150,495,33607,462,NA,NA,667,269,163,49,220,24,139,182,40,0,27,0,6
New Hampshire,2016,1.668752607425949,987.2340425531914,33.29161451814768,6.4246975385899034,24.447225698790152,17.77221526908636,0.917813934084272,0.6675010429703797,98.35863766926549,1.6413623307345095,97.10299548625359,96.83908045977012,3.1609195402298855,NA,NA,NA,NA,NA,NA,1.0750923266311039,73.43358395989975,6.825938566552901,40,53.383458646616546,19.298245614035086,55.00000000000001,40,385,11832,NA,NA,NA,NA,NA,NA,11,8,12185,11985,200,NA,NA,NA,NA,NA,NA,NA,NA,NA,11586,399,11458,374,NA,NA,131,293,213,20,273,8,205,77,11,0,8,0,5
New Jersey,2016,1.4029743055277188,980.8894857097046,7.185232693309817,2.735799895779052,3.8882430753196777,2.415120054515573,1.0121457489878543,0.5912534573295386,99.40231900227118,0.5976809977288122,97.50268956448977,99.47282925184663,0.5271707481533698,97.58688419449231,2.175612298071912,104.65223399355136,12.114233072316905,88.90845070422534,10,0.03685699485994342,54.11436541143654,36.08247422680412,55.714285714285715,33.61227336122734,38.07531380753138,72.14285714285714,42.142857142857146,195,97881,97380,2171,2272,2020,1818,202,101,59,100388,99788,600,210,27,127,NA,97253,1481,175,252,263,99071,717,97365,516,NA,NA,37,388,241,140,248,78,163,273,101,0,59,0,30
New Mexico,2016,1.8974494748918895,973.347453887565,16.415144294413555,4.147912805577619,9.972641426175977,6.177742476392198,1.4561821551495897,0.5736475156649898,97.29938602893822,2.7006139710617836,94.70610965609033,98.4631426239913,1.5368573760087043,NA,NA,NA,NA,NA,NA,0.43793740071272164,60.752688172043015,19.02654867256637,44.18604651162791,37.634408602150536,25.268817204301076,76.74418604651163,30.23255813953488,218.60465116279067,22058,NA,NA,NA,NA,NA,NA,33,13,23291,22662,629,NA,NA,NA,NA,NA,NA,NA,NA,NA,22290,372,21719,339,NA,NA,102,226,140,43,183,19,121,94,33,0,13,0,10
New York,2016,1.4119215287339186,981.1363775881574,11.527769251681589,5.40213454472108,4.327846425032229,2.714221820764893,1.1707548079874417,0.7892729042611967,97.07322056407331,2.926779435926686,95.24206798505112,99.03421584225674,0.965784157743256,87.16817651650018,2.9185558059791807,439.0024038461538,1.0516826923076923,96.91991786447639,5.858050847457627,0.7665982786654976,37.54279193609737,32.62411347517731,53.41614906832298,23.545074172689233,46.86192468619247,82.91925465838509,55.90062111801242,382.60869565217394,223756,198794,6656,29220,28320,26661,1659,267,180,234934,228058,6876,22321,287,NA,26,198768,4340,1346,900,70,225429,2629,221595,2161,NA,NA,1801,987,619,322,665,172,447,1232,255,12,171,9,29
North Carolina,2016,1.7790093295512306,980.562068569742,7.476758103920379,2.574234698060306,3.5990096574792174,1.9183787240322026,1.369099345783666,0.7952253685090754,99.21831152034748,0.7816884796525105,97.28971278438901,99.34786425543656,0.6521357445634454,97.16998147206873,2.8250996081260555,100.69645966337784,3.743470690655833,88.96253602305475,12.957563977972143,0.05205833787488103,48.135964912280706,49.430523917995444,56.22119815668203,25.657894736842106,34.42982456140351,76.95852534562212,44.70046082949309,144.7004608294931,119607,118526,3446,3470,3087,2687,400,167,97,122939,121978,961,5,1,147,NA,118379,2535,399,383,129,121066,912,118827,780,NA,NA,64,439,234,217,222,122,112,314,164,3,96,1,20
North Dakota,2016,1.0114370185948807,983.7392048548977,24.430094141445576,11.592624290049015,5.835213568816618,2.8787053606161983,0.7780284758422158,0.3890142379211079,99.22031804847924,0.7796819515207658,97.60691678246101,97.62733312242962,2.3726668775703894,NA,11.328094608262662,102.67857142857142,2.403846153846154,87.6923076923077,7.246376811594203,0.06947660954145438,23.88535031847134,17.333333333333336,61.53846153846154,11.78343949044586,47.452229299363054,76.92307692307693,38.46153846153847,1146.1538461538462,12644,NA,1456,1495,1311,1216,95,10,5,12954,12853,101,67,7,NA,NA,11323,1149,88,184,35,12539,314,12344,300,NA,NA,9,75,37,13,62,8,29,149,9,1,4,1,1
Ohio,2016,1.4907309009328138,985.9044751446452,28.46410438068249,6.6492502066359664,19.95513047585311,17.30576219152202,0.7601251623568308,0.4796906364387767,97.69292882685431,2.3070711731456917,96.31589572038297,97.22517478329866,2.7748252167013487,96.87389302160821,3.0862557562876374,103.18029650884743,NA,11.819235225955968,10.196078431372548,0.09949244434190796,70.10630023334198,7.4704142011834325,62.87128712871287,60.798548094373864,23.360124449053668,50.99009900990099,32.17821782178218,446.03960396039605,133594,131268,4182,4315,510,458,52,103,65,138704,135504,3200,53,1,77,2,131189,328,49,3805,NA,131647,3857,129887,3707,NA,NA,138,2704,2345,202,2502,127,2218,901,103,0,65,0,40
Oklahoma,2016,2.011834319526627,0,14.437869822485208,7.495069033530571,2.011834319526627,1.143984220907298,1.321499013806706,0.47337278106508873,99.34942781000157,0.6505721899984324,0,NA,NA,94.58185404339251,4.587771203155818,157.82459157351676,NA,89.37619177335876,10.4236513258153,0.13129017087317763,13.934426229508196,100,56.86274509803921,7.923497267759563,51.91256830601093,65.68627450980392,23.52941176470588,372.54901960784315,0,47953,2326,3671,3281,2939,342,67,24,51032,50700,332,408,13,782,142,47029,1749,187,390,NA,49968,732,0,0,NA,NA,67,102,58,102,0,58,0,380,54,13,20,4,35
Oregon,2016,2.4696851707642673,978.1510735343197,28.679497163199468,2.447435754811436,24.696851707642676,18.28901991322728,1.9579486038491487,1.401713205028368,97.98770384581843,2.0122961541815645,95.84677770995029,97.26360803402862,2.736391965971385,NA,NA,NA,NA,NA,NA,0.4578355280369757,86.1132660977502,10,64.86486486486487,63.770364623739326,8.533747090768037,79.27927927927928,56.75675675675676,99.09909909909909,43963,NA,NA,NA,NA,NA,NA,88,63,45868,44945,923,NA,NA,NA,NA,NA,NA,NA,NA,NA,43656,1289,42760,1203,NA,NA,210,1110,822,111,999,72,750,110,88,0,63,0,4
Palau,2016,0,985.8490566037735,0,0,0,0,0,0,100,0,98.58490566037736,100,0,NA,NA,NA,NA,NA,NA,0,NA,NA,NA,NA,NA,NA,NA,NA,209,NA,NA,NA,NA,NA,NA,0,0,212,212,0,NA,NA,NA,NA,207,5,NA,NA,NA,212,0,209,0,NA,NA,0,0,0,0,0,0,0,0,0,0,0,0,0
Pennsylvania,2016,1.2406388162049986,974.7135252188036,8.767180967848656,3.0376853439201175,5.127973773647327,3.7068784023579657,0.9323588679358777,0.44362236458239346,95.91449650586684,4.085503494133174,93.48915700882007,99.66675152160329,0.3332484783967046,96.53448224006736,1.9827663989894433,97.53507773985591,10.200985968904059,79.1213063763608,30.073710073710075,1.7524754617376193,58.490566037735846,24.193548387096776,65.45454545454545,42.281303602058316,34.6483704974271,75.15151515151514,35.75757575757576,244.84848484848482,129633,128387,2637,2572,2035,1423,612,124,59,138661,132996,5665,144,39,18,3,128366,1261,570,537,269,131830,1166,129201,432,NA,NA,2430,682,493,165,517,108,385,404,124,0,59,0,27
Puerto Rico,2016,1.009647745120036,0,28.34492558522175,10.993942113529279,16.229152643781315,9.161618427941066,0.2991548874429736,0.0747887218607434,94.3546679839108,5.645332016089196,0,NA,NA,NA,NA,NA,NA,NA,NA,5.645332016089196,57.25593667546174,6.221198156682028,40.74074074074074,32.321899736147756,38.78627968337731,29.629629629629626,7.4074074074074066,1088.888888888889,0,NA,NA,NA,NA,NA,NA,8,2,28342,26742,1600,NA,NA,NA,NA,NA,NA,NA,NA,NA,25984,758,0,0,NA,NA,1600,434,245,27,407,11,234,294,8,0,2,0,8
Rhode Island,2016,3.626646306547051,966.9784309982821,29.20404657377362,6.489788127505249,16.701660622256156,10.498186676846727,2.9585798816568047,1.908761213972132,91.67104111986002,8.328958880139982,88.64391951006124,97.83853138570865,2.161468614291354,91.90685245275816,6.136667302920404,117.57387247278383,17.418351477449455,95.5026455026455,22.160664819944596,0.026246719160104987,57.18954248366013,21.714285714285715,55.26315789473685,35.947712418300654,22.22222222222222,81.57894736842105,52.63157894736842,178.94736842105263,10132,9630,643,756,722,562,160,31,20,11430,10478,952,191,14,14,6,9610,357,140,34,112,10172,306,9913,219,NA,NA,3,175,110,38,137,21,89,68,31,0,20,0,4
South Carolina,2016,2.155377954107616,985.5799492627845,18.12043412745341,7.686878898277605,8.564289392870087,7.019283956739847,1.2588933183283422,0.8201880710321018,97.42803516009738,2.5719648399026225,96.02311794986154,98.31627024830175,1.6837297516982448,97.22280504320292,2.550212676674233,95.88631264023934,28.646222887060585,72.69890795631825,23.283261802575105,0.07805095612421252,47.26315789473684,25.16703786191537,69.02654867256636,38.73684210526316,42.421052631578945,58.4070796460177,38.05309734513274,356.6371681415929,51671,50971,1337,1282,932,715,217,66,43,53811,52427,1384,108,11,163,46,50762,444,160,350,383,51477,950,50801,870,NA,NA,42,449,368,113,336,78,290,403,66,0,43,0,38
South Dakota,2016,2.3586759965406086,979.0077836307886,19.97012343737715,13.68032077993553,4.088371727337055,3.3807689283748723,0.3144901328720811,0.23586759965406084,98.51289598017195,1.4871040198280536,96.44489195259855,98.08866045615162,1.9113395438483778,NA,5.322745498859973,118.16838995568686,4.431314623338257,77.75,7.395498392282958,0.3407946712105956,20.47244094488189,57.692307692307686,86.66666666666667,16.92913385826772,68.50393700787401,13.333333333333334,10,580,12452,NA,677,800,622,576,46,4,3,12911,12719,192,148,5,NA,NA,11889,428,41,178,30,12465,254,12214,238,NA,NA,44,52,43,30,22,26,17,174,4,0,3,0,4
Tennessee,2016,1.591760299625468,981.4021535580524,50.51498127340824,7.40870786516854,40.390917602996254,35.35814606741573,0.8895131086142322,0.5500936329588014,98.72320757987174,1.276792420128257,96.88716852504477,95.10918176288894,4.890818237111065,NA,NA,NA,NA,NA,NA,0.28193425385637527,79.95829471733086,3.9408866995073892,34.55882352941176,69.99536607970343,14.666357738646896,55.88235294117647,34.55882352941176,465.44117647058823,83851,NA,NA,NA,NA,NA,NA,76,47,86545,85440,1105,NA,NA,NA,NA,NA,NA,NA,NA,NA,81124,4316,79750,4101,NA,NA,244,3451,3021,136,3315,47,2974,633,76,0,47,0,29
Texas,2016,1.1171527687238125,909.2370894719216,14.006590434411372,7.321568717677345,4.563198380256305,2.6049855179166252,0.31188246632564104,0.10992578731149645,98.6933331987728,1.306666801227192,89.73563902793477,99.73599048553571,0.2640095144642913,NA,2.846310967270236,96.82054966768457,8.676127178013292,68.71057513914657,15.390846496557312,0.2525532859680284,32.57893776236539,24.481792717086833,44.8512585812357,18.598284358459573,52.27231246577843,27.91762013729977,9.839816933638444,655.3775743707095,355669,NA,11134,10780,7407,6267,1140,122,43,396352,391173,5179,592,20,NA,NA,379427,5675,1120,3373,966,385694,5479,354730,939,NA,NA,1001,1785,1019,437,1348,196,823,2864,122,0,43,0,261
Utah,2016,2.0544326830890842,979.6513334246415,8.78514547339999,1.2717916609599091,6.945939071396427,5.732845487096206,1.4870179420454324,1.213093584300221,99.16375630578192,0.8362436942180831,97.14590609235545,99.3628792266672,0.6371207733328007,95.17893130368428,4.320178442153046,114.08514492753623,1.8568840579710144,97.06232631996824,13.660531697341513,0.034924330616996506,79.06458797327394,29.577464788732392,90.47619047619048,65.25612472160356,14.476614699331849,72.38095238095238,59.04761904761905,61.904761904761905,50069,48645,2208,2519,2445,2111,334,76,62,51540,51109,431,160,96,93,3,48549,1858,235,74,41,50660,449,49750,319,NA,NA,18,355,293,105,250,95,198,65,76,0,62,0,4
Vermont,2016,1.4469162597214686,968.7104358835232,3.7981551817688555,0,3.255561584373304,3.255561584373304,1.4469162597214686,1.4469162597214686,99.29956896551724,0.7004310344827587,96.1925287356322,99.60791635548917,0.392083644510829,NA,6.438777355760536,126.96629213483146,NA,95.35398230088495,NA,0.017959770114942528,85.71428571428571,44.44444444444444,100,85.71428571428571,0,100,100,0,5356,NA,356,452,431,431,NA,8,8,5568,5529,39,96,NA,NA,NA,5064,335,21,NA,NA,5508,21,5335,21,NA,NA,1,18,18,8,10,8,10,0,8,0,8,0,0
Virgin Islands,2016,NA,NA,NA,NA,NA,NA,NA,NA,NA,NA,NA,NA,NA,NA,NA,NA,NA,NA,NA,NA,NA,NA,NA,NA,NA,NA,NA,NA,NA,NA,NA,NA,NA,NA,NA,NA,NA,NA,NA,NA,NA,NA,NA,NA,NA,NA,NA,NA,NA,NA,NA,NA,NA,NA,NA,NA,NA,NA,NA,NA,NA,NA,NA,NA,NA,NA,NA,NA
Virginia,2016,1.5279913949958281,969.6814338992933,13.90271117946862,3.900399087226193,9.087527770238347,1.4676759451933612,1.0555203715431707,0.7338379725966806,98.27024143517605,1.729758564823962,95.29082862449125,98.88348659043551,1.1165134095644873,95.92167033585653,3.776752415131136,119.5368645195635,17.673675805163693,89.37875751503006,6.028898854010962,0.3506934840162801,65.36514822848879,16.8141592920354,57.23684210526315,10.556760665220535,28.054953000723064,69.07894736842105,48.026315789473685,255.26315789473685,96461,95420,3757,4491,4014,3772,242,105,73,101228,99477,1751,256,44,1019,79,94322,2497,119,477,664,98094,1383,95384,1077,NA,NA,355,904,146,152,752,87,59,388,89,16,63,10,32
Washington,2016,2.125289812247124,967.9274446515434,12.05846251761604,3.5345728963040415,7.023685047961085,3.8187025503477745,1.4661090148656635,0.897849706778197,97.42885616210829,2.5711438378917064,94.30406378031225,99.04421952422328,0.9557804757767183,NA,5.059780879210801,137.4887690925427,4.761904761904762,94.46168926645973,8.820477343479764,0.10076403499058799,58.24693685202639,30.258899676375407,55.61497326203209,31.66823751178134,29.3119698397738,68.98395721925134,42.24598930481284,166.3101604278075,85166,NA,4452,6121,5782,5272,510,129,79,90310,87988,2322,1763,118,NA,NA,81655,3509,392,339,212,86927,1061,84352,814,NA,NA,91,618,336,187,431,104,232,311,129,0,79,0,15
West Virginia,2016,0.20692152501163932,952.7184315348404,32.27975790181574,26.899798251513115,5.173038125290984,4.448812787750246,0.10346076250581966,0.05173038125290983,96.43801446744824,3.561985532551758,91.87827388376154,96.86159526524408,3.138404734755932,NA,NA,NA,NA,NA,NA,3.4472437016712396,16.025641025641026,4,75,13.782051282051283,83.33333333333334,50,25,13000,18417,NA,NA,NA,NA,NA,NA,2,1,20045,19331,714,NA,NA,NA,NA,NA,NA,NA,NA,NA,18707,624,17839,578,NA,NA,691,100,86,4,96,3,83,520,2,0,1,0,2
Wisconsin,2016,1.9139488592864797,983.9534527637421,9.784106568672485,0.9799418159546778,6.859592711682743,4.654723625784719,1.255550451691931,0.7043331802174245,98.93206089525108,1.0679391047489206,97.3445429069151,99.12545516790638,0.8745448320936168,NA,NA,NA,NA,NA,NA,0.060592289631144436,70.1095461658842,27.901785714285715,52,47.57433489827856,10.015649452269171,65.60000000000001,36.8,51.2,64262,NA,NA,NA,NA,NA,NA,82,46,66015,65310,705,NA,NA,NA,NA,NA,NA,NA,NA,NA,64671,639,63700,562,NA,NA,40,448,304,125,323,65,239,64,82,0,46,0,14
Wyoming,2016,3.0395136778115504,988.2978723404256,6.838905775075988,0.30395136778115506,6.079027355623101,4.711246200607903,2.2796352583586623,1.9756838905775078,98.09183064997018,1.9081693500298151,96.94394752534288,99.44640934953098,0.5535906504690143,NA,3.4954407294832825,94.34782608695652,5.6521739130434785,NA,NA,0,88.88888888888889,50,75,68.88888888888889,4.444444444444445,75,65,10,6503,NA,230,217,NA,NA,NA,15,13,6708,6580,128,NA,NA,NA,NA,6350,185,27,5,13,6535,45,6467,36,NA,NA,0,40,31,20,20,15,16,2,14,1,13,0,2
US,2016,1.6872642303178245,947.857757528122,17.34817550743067,4.39908152332509,10.872563491404192,8.236362900528892,1.134250531979475,0.7638884451288999,98.04877972372462,1.9512202762753732,92.93629647729841,98.76062831237189,1.2393716876281093,71.34608912546622,2.5002236550344747,171.76661022544542,7.237255465746569,88.52406165139435,8.77689376961004,0.7468164946537369,62.67266253299773,15.51855026325456,59.38141076219031,47.47682485112652,25.357603290564185,67.22423859870601,45.273788859081584,260.7227394666246,3559949,2679605,93903,161294,142784,130252,12532,4260,2869,3830526,3755784,74742,58849,2155,12146,1037,2666422,59257,9340,18510,6796,3690628,65156,3515828,44121,NA,NA,28607,40835,30934,6337,34498,3763,27171,16522,4121,139,2781,88,1239
State/Territory average,2016,1.8692243956222812,926.8594309585869,21.332157434938978,7.342593545500191,10.759509942750045,7.765743036407326,1.202785514908852,0.8121349108868275,97.55772183113683,2.4422781688631723,90.57045530427585,98.16452975354794,1.8354702464520558,91.96689909350285,5.489742832606234,146.5374676596288,11.92215317824376,81.72343316280427,13.523492817708771,0.7888284367217627,55.14046347030352,27.836395438157552,60.26373438716345,38.94392430672196,30.560758479945733,63.77934304010893,42.53521782840552,831.3267448159776,63570.517857142855,60237.28,2459.7105263157896,4135.615384615385,3696.842105263158,3422.684210526316,325.5625,76.07142857142857,51.232142857142854,68402.25,67067.57142857143,1334.6785714285713,1634.6944444444443,76.96428571428571,552.0909090909091,49.38095238095238,66660.55,1481.425,252.43243243243242,514.1666666666666,226.53333333333333,65904.07142857143,1163.5,62782.642857142855,787.875,NA,NA,510.8392857142857,729.1964285714286,552.3928571428571,113.16071428571429,616.0357142857143,67.19642857142857,485.19642857142856,295.0357142857143,73.58928571428571,2.482142857142857,49.660714285714285,1.5714285714285714,22.125
State/Territory median,2016,1.6684046606771115,977.9206811241152,15.065869104092258,4.16327976870792,7.043034721727306,4.708054908645703,1.128970992312773,0.7229795324160935,98.43576682471871,1.5642331752812817,95.93494782990592,98.69149469035273,1.3085053096472694,95.51034134857912,3.898151940745556,105.62765771577789,9.102576184844544,88.93549336364005,10.098039215686274,0.10594803746138931,59.25925925925925,24.193548387096776,56.86274509803921,37.6878612716763,28.054953000723064,68.98395721925134,42.24598930481284,244.84848484848482,37162.5,48645,1641,1495,1169,1090,167,50,34,39208.5,38729.5,614.5,154.5,13.5,85,3,36263,686.5,119,270.5,131,38082,633,36712,460,NA,NA,56.5,378,243,77.5,267.5,42.5,193.5,174.5,50,0,30.5,0,9
State/Territory SD,2016,1.4371046603548672,197.794285083981,15.684288061842318,10.672960736652088,9.307444883051351,7.928961446211329,0.8706342027470997,0.6340469613877063,2.999738633174195,2.9997386331741946,19.76469852572946,1.578288718991362,1.5782887189913617,13.092779680788032,4.159819532655861,177.31368281762695,11.962661845029544,20.622723276249822,10.532912468417175,2.4337305965469516,24.957550136663116,21.423260251205463,34.764181783646315,22.990961568830752,23.344431978216356,21.361597175299774,19.800809185780953,2179.543581109731,85669.65438239888,52024.898265574084,2882.9166528801643,8147.079856628595,8048.9596693100175,7661.180316604468,457.73311970073536,121.08221957043857,92.22285086018118,89609.49948430285,88554.72515761234,2014.3801582814308,5982.050072959673,243.13835143084265,1697.2468437103805,136.7941797703675,95626.51462127447,2048.2523242936545,381.5805245248985,830.0644209078853,263.9841600960353,87500.02272121412,1596.161201701815,85173.01466703013,922.632736200646,NA,NA,1481.2017697775707,1266.4878626219956,1088.1884809764667,155.25144142627167,1208.113088690349,100.37772654833833,1063.254513611057,430.2977389620403,120.6067654947967,7.860120451144086,92.13769868778208,5.496634153096513,39.749242417023154
Alabama,2017,1.6482091929330716,966.0913367161746,40.31630801140783,5.629838142153413,34.42720100744472,20.167413607911403,0.7037297677691766,0.55557613244935,91.00530883963933,8.994691160360665,87.91944046515547,97.40640634884123,2.5935936511587787,38.72736027260269,61.10596688766251,111.02254818765911,0.8576797187537883,99.17287691425763,4.379300853289292,8.468863234178816,85.39274230592558,4.787520172135556,71.91011235955057,50.022967386311436,13.964170877354157,42.69662921348314,33.70786516853933,341.57303370786514,52167,20912,32996,36633,36330,34739,1591,38,30,59335,53998,5337,81,9,3719,111,17082,30939,1471,303,283,51821,2177,50814,1353,NA,NA,5025,1859,1089,89,1770,64,1025,304,38,0,30,0,25
Alaska,2017,0.8033741715203856,994.5772243422374,12.050612572805784,3.5147620004016873,7.029524000803375,4.117292629041977,0.4016870857601928,0.2008435428800964,96.00848438102584,3.991515618974161,95.48785190898573,98.79846526655896,1.2015347334410338,97.15806386824664,2.6410925888732675,77.56653992395437,31.1787072243346,98.0392156862745,17,0.17354415734670267,58.333333333333336,11.428571428571429,37.5,34.166666666666664,29.166666666666668,50,25,437.5,9904,9675,263,204,200,166,34,4,2,10372,9958,414,20,0,3,0,9672,143,34,4,82,9838,120,9785,119,NA,NA,18,70,41,8,62,3,38,35,4,0,2,0,0
American Samoa,2017,1.0131712259371835,965.5521783181358,99.29078014184398,55.72441742654509,31.408308004052685,8.105369807497468,1.0131712259371835,0,98.7,1.3,95.3,91.60545645330535,8.394543546694647,89.26038500506586,10.030395136778116,114.14141414141415,8.080808080808081,80.53097345132744,74.72527472527473,0,31.63265306122449,3.225806451612903,0,8.16326530612245,56.12244897959183,100,0,5500,953,881,99,113,91,23,68,1,0,1000,987,13,2,5,11,4,866,10,59,22,8,889,98,873,80,NA,NA,0,31,8,1,30,0,8,55,1,0,0,0,0
Arizona,2017,2.1682461568445928,979.4869296172681,10.548882987794478,2.9356591224693642,6.334202255950496,4.3364923136891855,1.1206665529758568,0.8526810729164129,98.96208787897052,1.0379121210294737,96.9320716050871,99.15184678522571,0.8481532147742818,95.15920773747168,4.433941579165348,103.04945054945054,6.208791208791209,94.37483337776594,12.11864406779661,0.3857513109517208,60.046189376443415,34.23076923076923,70.2247191011236,41.10854503464203,27.829099307159353,51.68539325842697,39.325842696629216,135.3932584269663,80410,78120,3640,3751,3540,3111,429,92,70,82955,82094,861,279,55,1,2,78117,2831,372,211,226,81228,866,79728,682,NA,NA,320,520,356,178,342,125,231,241,92,0,70,0,43
Arkansas,2017,1.798358997414859,959.8179161515118,16.634820726087444,10.846352703158368,3.3438237608182537,1.2644711700573228,0.8429807800382151,0.3090929526806789,98.9435053380783,1.0564946619217082,94.96774911032028,98.70015808888108,1.299841911118918,NA,NA,NA,NA,NA,NA,0.2557829181494662,20.10135135135135,53.78151260504202,31.25,7.601351351351352,65.2027027027027,46.875,17.1875,603.125,34158,NA,NA,NA,NA,NA,NA,30,11,35968,35588,380,NA,NA,NA,NA,NA,NA,NA,NA,NA,34996,592,33714,444,NA,NA,92,119,45,64,55,20,25,386,5,25,1,10,24
California,2017,2.1863383050363634,983.1104825298378,6.29734633458545,0.33735783935279196,4.55216828101043,2.638311307759014,1.7797788576112037,1.38186961119509,99.58800852841729,0.41199147158271054,97.90601511855792,99.50682677565457,0.4931732243454236,96.88852269704617,3.1060709273231737,98.91387593121215,1.2601824131448862,98.19103258956852,17.734767025089607,0.002799732948549523,72.28708791208791,48.02850356294537,63.996043521266074,41.895604395604394,5.357142857142857,81.40454995054401,63.20474777448071,15.43026706231454,454607,448029,14363,14207,13950,11476,2474,823,639,464330,462417,1913,25,0,0,0,448029,11451,2474,257,181,459505,2912,452365,2242,NA,NA,13,2105,1220,1011,1094,647,573,156,823,0,639,0,6
Colorado,2017,NA,NA,NA,NA,NA,NA,NA,NA,NA,NA,NA,NA,NA,NA,NA,NA,NA,NA,NA,NA,NA,NA,NA,NA,NA,NA,NA,NA,NA,NA,NA,NA,NA,NA,NA,NA,NA,NA,NA,NA,NA,NA,NA,NA,NA,NA,NA,NA,NA,NA,NA,NA,NA,NA,NA,NA,NA,NA,NA,NA,NA,NA,NA,NA,NA,NA,NA,NA
Commonwealth of the Northern Mariana Islands,2017,2.510460251046025,991.63179916318,35.98326359832636,1.6736401673640167,4.184100418410042,4.184100418410042,1.6736401673640167,1.6736401673640167,98.84201819685691,1.1579818031430935,98.01488833746899,96.45569620253166,3.5443037974683547,78.99581589958159,20.502092050209207,106.53061224489795,0,85.82375478927203,2.6785714285714284,0.0827129859387924,11.627906976744185,60,100,11.627906976744185,4.651162790697675,66.66666666666666,66.66666666666666,66.66666666666666,1185,944,245,261,224,218,6,2,2,1209,1195,14,5,1,10,0,934,203,5,37,0,1152,43,1143,42,NA,NA,1,5,5,3,2,3,2,2,2,0,2,0,0
Connecticut,2017,2.1389201195601504,985.8502207475251,11.544684235061837,1.5082129048180548,9.789672854909918,7.760440946609264,1.5082129048180548,0.8500836372610854,99.30559337726703,0.6944066227329666,97.90044115244268,98.93466106645155,1.065338933548441,NA,NA,NA,NA,NA,NA,0.20696040520668807,84.798099762470315,21.84873949579832,65.38461538461539,67.2209026128266,13.064133016627078,70.51282051282051,39.743589743589745,70.51282051282051,35951,NA,NA,NA,NA,NA,NA,55,31,36722,36467,255,NA,NA,NA,NA,NA,NA,NA,NA,NA,36046,421,35568,383,NA,NA,76,357,283,78,279,51,232,55,55,0,31,0,7
Delaware,2017,1.0941916659068112,943.5579465669737,4.376766663627245,0,4.376766663627245,3.009027081243731,1.0941916659068112,0.8206437494301085,97.35463826009764,2.6453617399023526,91.85974256546827,99.87437185929649,0.12562814070351758,99.68997902799308,0.3100209720069299,1858.8235294117649,0,97.78481012658227,5.501618122977346,0,100,25,75,68.75,0,100,75,0,10348,10933,34,632,618,584,34,12,9,11265,10967,298,0,0,584,14,10335,0,20,14,0,10919,48,10335,13,NA,NA,0,48,33,12,36,9,24,0,12,0,9,0,0
District of Columbia,2017,0.8153583870728635,982.7292268920021,40.0266844563042,34.68979319546364,4.225038914832111,3.409680527759247,0,0,97.23243243243243,2.7675675675675677,95.55315315315316,96.0552119475034,3.944788052496606,94.65569639018605,4.958861463197688,107.77279521674141,0,28.57142857142857,12.135922330097088,2.616216216216216,10.555555555555555,19.298245614035086,63.63636363636363,8.518518518518519,86.66666666666667,0,0,4254.545454545455,13258,12770,669,721,206,181,25,0,0,13875,13491,384,49,3,0,0,12770,132,22,515,0,12951,540,12735,523,NA,NA,363,57,46,11,46,7,39,468,0,0,0,0,11
Florida,2017,1.345109266775334,946.7233978954645,42.66051403724271,4.007304690601516,36.91110602543564,33.19804398694124,0.7799765539981972,0.5744737493519656,95.76436069577197,4.235639304228036,90.6623609551881,98.58511509506567,1.414884904934337,NA,NA,NA,NA,NA,NA,2.5015766239226402,86.52288154149332,3.6441857522459826,62.5,77.81913728924896,9.393474928837312,57.986111111111114,42.70833333333333,297.91666666666663,202702,NA,NA,NA,NA,NA,NA,167,123,223579,214109,9470,NA,NA,NA,NA,NA,NA,NA,NA,NA,204975,9134,199834,2868,NA,NA,5593,7903,7108,288,7615,180,6928,858,167,0,123,0,77
Georgia,2017,1.8803445477810374,974.4476000249672,12.624055926596341,4.40827663691405,6.694338680481867,3.940141064852382,1.3809999375819237,0.7022033580925036,99.22197363226061,0.7780263677393883,96.68661407569694,99.02876862594381,0.9712313740561921,94.93555333624619,4.222582859996256,123.30007390983,2.475979305247598,85.08916529297169,8.6121873899260315,0.12773567231542196,53.02843016069221,28.088578088578085,44.81327800829876,31.211372064276887,34.91965389369592,73.44398340248964,37.344398340248965,234.43983402489627,124893,121677,5412,6673,5678,5189,489,177,90,129173,128168,1005,1003,76,292,24,121361,3894,389,995,134,126550,1618,123680,1213,NA,NA,165,858,505,241,617,108,397,565,154,23,78,12,14
Guam,2017,1.7271157167530224,974.784110535406,20.72538860103627,10.01727115716753,3.1088082901554404,2.0725388601036268,0.690846286701209,0.690846286701209,99.89648033126294,0.10351966873706005,97.3775017253278,98.086463501063065,1.9135364989369241,92.05526770293609,7.8411053540587226,114.09691629955947,1.762114537444934,84.55598455598455,7.30593607305936,0.06901311249137336,15,55.55555555555556,80,10,48.333333333333336,40,40,580,2822,2665,227,259,219,203,16,2,2,2898,2895,3,3,0,33,0,2632,167,16,40,4,2835,60,2768,54,NA,NA,2,9,6,5,4,4,2,29,2,0,2,0,0
Hawaii,2017,3.545480964835803,983.0281894798024,9.93897122929381,1.9180470793374018,7.497820401046207,5.231037489102006,2.150537634408602,1.5111886079628016,99.0957262988135,0.9042737011864992,97.41389240870866,99.18405959912494,0.8159404008750666,95.57105492589363,3.5047951176983436,120.56384742951907,10.281923714759536,96.8363136176066,12.215909090909092,0.040317935721691046,75.43859649122807,47.286821705426355,70.49180327868852,52.63157894736842,19.298245614035086,60.65573770491803,42.62295081967213,54.09836065573771,16913,16443,603,727,704,618,86,37,26,17362,17205,157,154,5,27,0,16416,437,81,23,62,17034,171,16775,138,NA,NA,7,129,90,61,68,43,47,33,37,0,26,0,15
Idaho,2017,2.1432805873500844,984.860230744676,27.58903734780428,7.84349491540882,18.05827899129007,15.458981257695289,1.3224497241096265,1.140042865611747,98.08999821077116,1.9100017892288423,96.60493827160494,97.3561142751308,2.643885724869195,96.31082128688038,3.07355556568927,85.90504451038575,55.78635014836796,69.6027633851468,13.151364764267989,0.5233494363929146,65.45454545454545,11.868686868686869,63.829787234042556,56.03305785123966,28.429752066115704,61.702127659574465,53.191489361702125,365.9574468085106,21597,21120,674,579,403,350,53,29,25,22356,21929,427,112,23,134,12,20974,104,18,176,376,21324,605,21026,571,NA,NA,117,396,339,47,349,30,309,172,29,0,25,0,3
Illinois,2017,2.168006615199672,974.8733592289678,12.153344775590469,1.243824308079299,7.553279457442447,5.246298059217155,1.222978090625456,1.0353621335408691,99.26539565169408,0.7346043483059266,96.77118971415959,99.0890623329413,0.9109376670586977,96.17888834071057,3.5285697410204917,103.50531705395825,14.415124064592359,90.84855403348554,11.225130890052357,0.002069308023396976,62.14979988564894,28.702851885924563,57.37179487179487,43.16752429959977,10.234419668381932,56.41025641025641,47.756410256410255,57.37179487179487,140295,138412,5078,5256,4775,4239,536,176,149,144976,143911,1065,332,89,477,12,137923,3430,435,481,732,142162,1749,139017,1278,NA,NA,3,1087,755,312,775,179,576,179,176,0,149,0,118
Indiana,2017,2.5105364483063637,982.2181174879025,36.64342577657526,4.448722618242364,29.007752744679742,22.03548571725896,1.3918518133097457,1.0016129871481347,95.71691817321579,4.283081826784203,94.01489117983964,96.43221337853765,3.5677866214623424,NA,NA,NA,NA,NA,NA,1.05333930972658,79.16222932197373,8.654708520179371,54.40414507772021,60.13489527866525,12.140575079872203,55.44041450777202,39.89637305699482,177.2020725388601,75509,NA,NA,NA,NA,NA,NA,107,77,80316,76876,3440,NA,NA,NA,NA,NA,NA,NA,NA,NA,74059,2817,72815,2694,NA,NA,846,2230,1694,193,2037,105,1589,342,107,0,77,0,58
Iowa,2017,1.9315235222522091,975.207704926708,14.684870614383236,2.804677991215537,9.366566121606605,7.170450336032174,1.0583690532888816,0.6879398846377732,98.72009194441543,1.2799080555845783,96.27259429526696,98.73565401416285,1.2643459858371544,94.25305604064137,5.334180028575965,97.0734126984127,10.66468253968254,92.48850281042412,10.662983425414364,0.007836171768885174,63.78378378378379,20.62146892655367,68.4931506849315,48.82882882882883,19.0990990990991,54.794520547945204,35.61643835616438,145.2054794520548,36857,35622,2016,1957,1810,1617,193,40,26,38284,37794,490,147,9,0,0,35622,1470,184,147,215,37239,555,36391,466,NA,NA,3,354,271,73,281,50,221,106,40,0,26,0,15
Kansas,2017,1.40946201100976,983.8842645533601,18.69531686301625,1.4626492567082414,16.115735446639896,13.137249687524932,1.1435257825173524,0.8775895540249449,98.91621728265159,1.083782717348415,97.32210969354202,98.2809416979755,1.7190583020244885,NA,NA,NA,NA,NA,NA,0.026305405760883863,86.20199146514936,8.745874587458747,39.62264150943396,70.27027027027027,7.823613086770982,81.13207547169812,62.264150943396224,103.77358490566037,36997,NA,NA,NA,NA,NA,NA,43,33,38015,37603,412,NA,NA,NA,NA,NA,NA,NA,NA,NA,36900,703,36361,636,NA,NA,10,606,494,53,553,21,473,55,41,2,31,2,4
Kentucky,2017,1.7620292380675768,968.360925549424,28.32800851970181,3.485332558814987,23.70026139994191,19.905121502565592,0.7551553877432472,0.38725917320166525,98.26474113819282,1.7352588618071807,95.15573567745496,97.35658155205856,2.643418447941453,95.95701423177462,4.042985768225385,113.9367816091954,0,43.9260193358554,12.344497607655502,0.27969632969918373,83.6637047163363,7.434640522875817,47.25274725274725,70.26657552973342,12.303485987696513,42.857142857142854,21.978021978021978,197.8021978021978,50011,49557,2088,2379,1045,916,129,39,20,52557,51645,912,0,0,285,6,49266,631,123,1334,0,50182,1463,48689,1322,NA,NA,147,1224,1028,91,1133,43,985,180,32,7,18,2,16
Louisiana,2017,1.3864065344847745,968.2796866387158,11.041141196318506,6.1135517062822595,2.689294603036731,1.1024437503131943,1.1358511366863213,0.6514440342759784,98.59843868375111,1.4015613162488882,95.47086531176916,99.16850676235164,0.8314932376483577,95.99111363522475,3.8218050010857403,123.95104895104896,0,86.45980253878702,11.29690048939641,0.6620771435159262,24.357034795763994,51.5527950310559,38.55421686746988,9.984871406959153,55.37065052950075,81.92771084337349,46.98795180722892,440.96385542168673,57968,57467,2288,2836,2452,2175,277,68,39,60718,59867,851,108,4,429,7,57031,1638,266,384,0,59206,661,57486,482,NA,NA,402,161,66,83,78,32,34,366,55,13,30,9,7
Maine,2017,1.7813215709559758,978.3696666383918,19.594537280515734,2.375095427941301,15.268470608194079,11.196878446008991,1.1875477139706505,0.7634235304097039,97.63146997929607,2.3685300207039335,95.51966873706004,98.23131610889544,1.7686838911045604,NA,NA,NA,NA,NA,NA,0,77.92207792207793,11.666666666666666,52.38095238095239,57.14285714285714,12.121212121212121,66.66666666666666,42.857142857142854,133.33333333333331,11534,NA,NA,NA,NA,NA,NA,14,9,12075,11789,286,NA,NA,NA,NA,NA,NA,NA,NA,NA,11558,231,11330,204,NA,NA,0,180,132,21,159,11,121,28,14,0,9,0,6
Marshall Islands,2017,6.787330316742081,970.5882352941177,24.886877828054295,0,13.574660633484163,6.787330316742081,4.524886877828055,0,88.93360160965796,11.066398390342053,86.31790744466801,97.43589743589743,2.564102564102564,86.42533936651584,12.669683257918551,105.35714285714286,1.7857142857142856,92.37288135593221,10.091743119266056,0,54.54545454545454,50,33.33333333333333,27.27272727272727,0,66.66666666666666,0,0,858,764,112,118,109,98,11,4,0,994,884,110,7,1,0,0,764,91,10,9,2,862,22,836,22,NA,NA,0,12,6,6,6,2,4,0,0,4,0,0,0
Maryland,2017,1.3908205841446453,981.2979019323529,14.411268605924304,1.7607196756724766,10.993401000207143,8.049004231645608,1.020921492616814,0.6214304737667565,99.13313874180442,0.8668612581955791,97.27914105930152,98.96866801363046,1.0313319863695305,NA,NA,NA,NA,NA,NA,0.022001554776537542,76.28336755646818,12.6514131897712,68.08510638297872,55.85215605749486,12.217659137577003,73.40425531914893,44.680851063829785,126.59574468085107,66322,NA,NA,NA,NA,NA,NA,69,42,68177,67586,591,NA,NA,NA,NA,NA,NA,NA,NA,NA,66612,974,65638,684,NA,NA,15,743,544,94,649,64,480,119,69,0,42,0,13
Massachusetts,2017,2.088065576545944,988.1488169979825,17.09956404576814,0.5502334965222422,14.461264972699952,12.288548088996741,1.7917860014955065,1.255661056166142,99.21611444729069,0.7838855527093045,98.04028611822673,98.37661874098717,1.6233812590128356,97.9175778439312,1.8002511322112331,115.67398119122257,0,18.69918699186992,4.3478260869565215,0.01819734318789457,84.57095709570957,14.439024390243901,77.02702702702703,71.86468646864687,3.217821782178218,85.8108108108108,60.13513513513513,26.351351351351347,70039,69403,1276,1476,276,264,12,127,89,71439,70879,560,197,3,0,0,69403,67,9,1200,0,69667,1212,68902,1137,NA,NA,13,1025,871,148,877,114,757,39,127,0,89,0,12
Michigan,2017,1.537512544076894,967.1874568437721,11.581980721249897,5.477963854645221,5.275417291952457,2.6423119769465186,0.856219560473959,0.5616063783753924,99.23348194708376,0.7665180529162403,95.97737903815232,99.12139586684816,0.8786041331518377,NA,NA,NA,NA,NA,NA,0.0027408273644204065,45.548489666136724,29.144851657940663,57.48502994011976,22.813990461049286,47.2972972972973,55.688622754491014,36.52694610778443,356.2874251497006,105053,NA,NA,NA,NA,NA,NA,93,61,109456,108617,839,NA,NA,NA,NA,NA,NA,NA,NA,NA,107359,1258,104130,923,NA,NA,3,573,287,167,406,96,191,595,93,0,61,0,57
Micronesia,2017,0,451.3645906228131,75.57732680195942,0,75.57732680195942,59.482155353393985,0,0,88.97882938978829,11.021170610211705,40.16189290161893,86.82170542635659,13.178294573643413,69.76906927921624,13.365990202939118,225.130890052356,1.0471204188481675,80.23255813953489,6.086956521739131,7.0983810709838115,100,0,NA,78.70370370370371,0,NA,NA,NA,645,997,191,430,345,324,21,0,0,1606,1429,177,241,0,0,0,997,83,21,85,2,1321,108,560,85,NA,NA,114,108,85,0,108,0,85,0,0,0,0,0,0
Minnesota,2017,2.4254401724757457,972.2571565456941,12.172116421128278,3.0842017008024913,7.276320517427236,4.61133069828722,0.9282548808240507,0,98.55252091540879,1.4474790845912089,95.8183937556254,99.16845039190625,0.8315496080937494,94.09959276560068,4.636782848245299,119.1798514691637,8.072328059412333,92.98293145489028,8.857808857808857,0.12246764935888922,59.77859778597786,33.33333333333333,64.19753086419753,37.88437884378843,25.338253382533825,38.2716049382716,0,127.16049382716051,64939,62851,3097,3691,3432,3128,304,62,0,67773,66792,981,827,17,0,0,62851,2301,287,259,250,65979,813,64399,540,NA,NA,83,486,308,162,324,104,204,206,62,0,0,0,90
Mississippi,2017,1.4645259275330873,978.6558906487307,16.35387285745281,1.7899761336515514,12.773920590149705,9.899110436103276,0.8678672163159037,0.7322629637665437,98.66738025153867,1.3326197484613327,96.56141289804656,98.32894554524042,1.6710544547595956,95.4220004339336,2.687676285528314,136.12512613521693,42.179616548940466,100,13.713862120088955,0.49504950495049505,78.1094527363184,11.464968152866243,35.18518518518518,60.53067993366501,10.945273631840797,59.25925925925925,50,122.22222222222223,36085,35184,991,1349,1349,1164,185,32,27,37370,36872,498,693,4,79,0,35105,392,181,0,418,36269,603,35482,603,NA,NA,185,471,365,54,417,19,346,66,32,0,27,0,7
Missouri,2017,1.5596532876939215,979.9591453652073,15.182465632418705,3.7128029592005745,10.172251973720531,9.551151106939766,1.0903770772373433,0.8971456964611053,98.12158886225436,1.8784111377456356,96.15514836333104,98.6169014084507,1.3830985915492957,96.77717661348203,3.2214431623695687,72.40788346186804,28.36332476435304,80.23668639053254,7.669616519174041,0.6378742940722383,67,15.332428765264586,74.33628318584071,62.909090909090914,24.454545454545453,69.91150442477876,57.52212389380531,238.05309734513273,71000,70117,2334,1690,1356,1252,104,79,65,73839,72452,1387,1,0,0,17,70100,1251,87,334,662,71352,1100,70018,982,NA,NA,471,737,692,113,624,84,608,269,79,0,65,0,6
Montana,2017,1.9090593543908365,971.3641096841375,20.565775772301283,14.75182228392919,4.512322110378341,2.690038181187088,1.648733078792086,1.4751822283929192,98.02653963933311,1.9734603606668935,95.21946240217761,98.19546185456495,1.8045381454350546,91.01874349184311,6.968066643526553,131.00871731008715,2.3661270236612704,84.88593155893535,6.606942889137738,0.3997958489282069,21.940928270042196,42.30769230769231,68.18181818181817,13.080168776371309,71.72995780590718,86.36363636363636,77.27272727272727,772.7272727272727,11194,10489,803,1052,893,834,59,19,17,11756,11524,232,224,8,34,2,10453,576,49,159,19,11287,237,10992,202,NA,NA,47,52,31,22,30,15,16,170,19,0,17,0,2
Nebraska,2017,1.9528258538826773,973.6942870271098,7.428396385357635,0.7275233573288405,5.475570531474958,3.4461632715576656,1.455046714657681,1.148721090519222,99.42891951572375,0.5710804842762507,96.81337089773852,99.51236776908254,0.48763223091745644,96.07137387042425,3.7792923878082405,105.5724417426545,0,86.08445297504798,5.4626532887402455,0.022843219371050025,73.71134020618557,35.66433566433567,76.47058823529412,46.391752577319586,9.793814432989691,74.50980392156863,58.82352941176471,37.254901960784316,25429,25090,987,1042,897,848,49,38,30,26266,26116,150,36,3,15,1,25074,797,45,145,0,25922,194,25305,124,NA,NA,6,143,90,51,92,39,51,19,38,0,30,0,0
Nevada,2017,1.8708804651296664,978.7007454739083,12.405376622629019,4.806723656563912,6.504907463373917,4.1447197996718765,1.6406182540367844,1.3240077137840716,97.91449426485923,2.0855057351407713,95.82898852971846,98.90303796723818,1.096962032761815,95.64804421034452,4.34907751201681,101.4559894109861,7.015221707478492,89.43248532289628,11.889132020423048,0.24800608742214583,52.43619489559165,28.761061946902654,61.53846153846154,33.4106728538283,38.74709976798144,87.6923076923077,70.76923076923077,256.92307692307696,34003,33231,1511,1533,1371,1208,163,57,46,35483,34743,740,1,0,126,1,33104,1081,162,162,106,34312,431,33630,373,NA,NA,88,226,144,65,161,40,104,167,57,0,46,0,7
New Hampshire,2017,1.7047391749062393,985.3392430958063,33.583361745652915,6.989430617115581,22.758267984998298,14.74599386293897,0.9376065461984316,0.6818956699624957,98.24972782849008,1.7502721715099239,96.8093124528934,96.7560553633218,3.2439446366782003,NA,NA,NA,NA,NA,NA,0.8876978477514446,67.76649746192894,7.490636704119851,40,43.90862944162436,20.812182741116754,55.00000000000001,40,409.99999999999994,11560,NA,NA,NA,NA,NA,NA,11,8,11941,11732,209,NA,NA,NA,NA,NA,NA,NA,NA,NA,11338,394,11185,375,NA,NA,106,267,173,20,247,8,165,82,11,0,8,0,3
New Jersey,2017,1.2816339816095697,982.5657091708031,7.191390674587029,3.1328830661567255,3.6414679794938563,2.4208641874847427,1.006998128407519,0.6408169908047848,99.35522991409803,0.6447700859019707,97.62304194037392,99.43373568810948,0.5662643118905153,97.87106355277076,1.8939702172674748,117.72287862513426,13.211600429645543,88.04744525547446,10.310880829015543,0.028297119757453262,50.636492220650645,35.19553072625698,60.317460317460316,33.663366336633665,43.56435643564357,78.57142857142857,50,244.44444444444446,96598,96219,1862,2192,1930,1731,199,99,63,98950,98312,638,206,25,345,0,95874,1180,174,262,246,97605,707,96051,547,NA,NA,28,358,238,126,232,76,162,308,99,0,63,0,18
New Mexico,2017,2.4447622122791643,978.1355228562203,21.35707366575949,7.56492458139213,12.546704183772313,8.16458323723419,1.337700078416901,0.9225517782185525,97.1586070900372,2.841392909962802,95.03428494599561,97.97689224239566,2.023107757604339,NA,NA,NA,NA,NA,NA,1.2145386097790525,58.747300215982726,19.485294117647058,56.60377358490566,38.22894168466522,35.42116630669546,54.71698113207547,37.735849056603776,309.433962264151,21205,NA,NA,NA,NA,NA,NA,29,20,22313,21679,634,NA,NA,NA,NA,NA,NA,NA,NA,NA,21216,463,20776,429,NA,NA,271,272,177,53,219,30,147,164,29,0,20,0,10
New York,2017,1.4868895517072518,978.1329297066287,9.874015046966122,3.5703156301473533,4.29150158037662,2.4484708186796067,1.2197836442149312,0.8013177224769621,97.55027771625606,2.4497222837439363,95.4171389362968,99.2886336121756,0.7113663878243931,90.77727819080266,3.037884521212661,303.1213364595545,0.996483001172333,94.61445491902344,5.29354657401257,0.5245992765046402,43.46257889990983,34.64730290456431,41.91616766467065,24.797114517583406,36.15870153291254,82.03592814371258,53.89221556886228,240.11976047904193,219718,203913,6824,20685,19571,18535,1036,274,180,230271,224630,5641,13611,282,0,36,203877,4924,718,1114,68,222412,2218,218155,1563,NA,NA,1208,964,550,334,630,140,410,802,265,9,171,9,26
North Carolina,2017,1.6413724843286044,980.5757175849554,6.895414054767403,1.8970636753546686,3.6621577037281425,1.9465522929726162,1.3114483668756187,0.6845925437149456,99.2509516597765,0.7490483402234865,97.32307314477508,99.45241199478487,0.5475880052151239,97.38287693830418,2.61712306169581,95.2410967538607,4.7589032461393,89.70880211780278,13.795647362596828,0.0859563669108919,53.110047846889955,44.81981981981982,56.28140703517588,28.22966507177033,27.51196172248804,79.89949748743719,41.70854271356784,115.57788944723617,118885,118067,3173,3022,2711,2337,374,159,83,122155,121240,915,0,0,0,0,118067,2337,374,311,151,120404,836,118234,651,NA,NA,105,444,236,199,245,112,124,230,159,0,83,0,12
North Dakota,2017,1.8673378257692619,983.3563367703174,22.89518551595356,11.041649752374767,6.738653892993423,3.2475440448161077,1.299017617926443,0.8118860112040269,99.42686470778173,0.5731352922182757,97.7720374556022,97.78731836195509,2.212681638044914,89.40488755378745,10.21352602094666,100.63593004769476,3.100158982511924,86.49289099526067,6.575342465753424,0.06457862447529868,29.432624113475175,27.710843373493976,47.82608695652174,14.184397163120568,48.226950354609926,69.56521739130434,43.47826086956522,591.3043478260869,12112,11012,1258,1266,1095,1023,72,16,10,12388,12317,71,45,2,0,0,11012,978,70,171,39,12035,282,11844,268,NA,NA,8,83,40,23,60,11,29,136,13,3,9,1,0
Ohio,2017,1.941632012378834,985.0546409468618,30.7164696517709,7.707014424614836,21.447222573517926,18.248365235116015,1.0117316233085112,0.5579402334421937,97.72025094686644,2.2797490531335645,96.25978670970274,97.01164529430423,2.988354705695772,96.81378930688945,3.1304166697663347,102.0912547528517,0,4.515828677839851,13.917525773195877,0.015266176695090833,69.82320174376362,9.053069719042664,69.73180076628353,59.409057883264715,25.090821022039233,52.10727969348659,28.735632183908045,396.93486590038316,132414,130140,4208,4296,194,167,27,136,75,137559,134423,3136,63,12,11,2,130127,93,13,4102,0,130294,4129,128457,3957,NA,NA,21,2883,2453,261,2622,182,2271,1036,136,0,75,0,57
Oklahoma,2017,1.7643273761338398,1000,13.097536168711212,6.413848932063018,1.7643273761338398,0.539676609170351,1.2869211449446831,0.68497415779313775,99.34631088382068,0.6536891161793211,99.34631088382068,98.69024638312888,1.3097536168711212,94.734001702057,4.784440708221766,156.6594360086768,0,91.22126834671836,9.532483302975105,0.09485709572318225,13.47068145800317,100,30.58823529411765,4.120443740095087,48.96988906497623,72.94117647058823,38.82352941176471,363.52941176470586,48177,45640,2305,3611,3294,2980,314,62,33,48494,48177,317,219,13,929,145,44566,1832,156,317,0,47546,631,47546,631,NA,NA,46,85,26,85,0,26,0,309,43,19,24,9,23
Oregon,2017,2.2337877671333826,977.7081798084008,27.38117170228445,1.358695652173913,23.811717022844512,17.686072218128224,1.7041267501842299,1.0593220338983051,98.6214258136313,1.3785741863686947,96.42297472235471,97.45854531750518,2.5414546824948183,NA,NA,NA,NA,NA,NA,0.14989439258704093,86.96383515559293,9.381044487427467,57.73195876288659,64.59209419680404,4.96215306980656,76.28865979381443,47.42268041237113,60.824742268041234,42456,NA,NA,NA,NA,NA,NA,74,46,44031,43424,607,NA,NA,NA,NA,NA,NA,NA,NA,NA,42235,1189,41377,1079,NA,NA,66,1034,768,97,937,56,712,59,74,0,46,0,4
Palau,2017,NA,963.4703196347032,0,0,NA,NA,0,0,98.64864864864865,1.3513513513513513,95.04504504504504,100,0,89.49771689497716,10.50228310502283,100,0,100,0,0,NA,NA,NA,NA,NA,NA,NA,NA,211,196,23,23,23,23,0,0,0,222,219,3,0,0,0,0,196,23,0,0,0,219,0,211,0,NA,NA,0,NA,NA,NA,NA,NA,NA,0,0,0,0,0,0
Pennsylvania,2017,1.6760835766561755,981.0321944560313,10.723901255166659,3.4431762162982062,6.2492889916954235,4.178832808767206,1.198285995980433,0.546054377915134,96.27966411098942,3.7203358890105878,94.45345016429354,99.75957450098181,0.24042549901819812,96.27090364415456,2.847825262599067,108.44207723035953,11.744340878828229,88.40864440078585,10.305555555555555,1.5144213216502374,58.27439886845828,26.820388349514563,58.82352941176471,38.96746817538897,32.10749646393211,71.49321266968326,32.57918552036199,205.42986425339365,129354,126938,3755,4072,3600,3229,371,158,72,136950,131855,5095,678,37,42,1,126895,2509,333,472,441,130441,1414,129043,311,NA,NA,2074,824,551,221,603,130,421,454,158,0,72,0,40
Puerto Rico,2017,0.9249915909855364,NA,34.89741002354524,11.478304742684157,20.475950218634377,10.847628657921291,0.42045072317524385,0.12613521695257315,97.52337215023782,2.476627849762178,NA,NA,NA,NA,NA,NA,NA,NA,NA,2.476627849762178,58.674698795180724,4.517453798767967,50,31.08433734939759,32.89156626506024,45.45454545454545,13.636363636363635,1240.9090909090908,NA,NA,NA,NA,NA,NA,NA,10,3,24388,23784,604,NA,NA,NA,NA,NA,NA,NA,NA,NA,22954,830,NA,NA,NA,NA,604,487,258,22,465,11,247,273,10,0,3,0,0
Rhode Island,2017,3.1525851197982346,943.3435417041974,34.58836245721491,8.91731219600072,20.987209511799676,12.430192758061612,2.5220680958385877,1.2610340479192939,99.13385123671756,0.866148763282436,93.51727832842218,97.81342499761291,2.1865750023870905,90.01080886326788,9.034408214736084,103.98803589232304,11.166500498504487,98.84947267497604,25.21823472356935,0.06250558085543352,60.677083333333336,15.021459227467812,54.285714285714285,35.9375,25.78125,80,40,282.8571428571429,10473,9993,1003,1043,1031,771,260,28,14,11199,11102,97,95,11,40,6,9947,636,243,12,112,10718,384,10244,229,NA,NA,7,233,138,35,198,19,119,99,28,0,14,0,3
South Carolina,2017,1.853514990541341,984.5604112128102,17.82813903273269,10.375862266638642,7.337626354307989,5.484111363766648,1.3949133433970917,0.8789864903598112,97.66717055782618,2.3328294421738236,96.15922960640502,98.31149927219796,1.6885007278020379,96.09424263848815,3.817858712475876,99.69969969969969,15.865865865865866,76.90763052208835,10.182767624020887,0.05225537950469365,41.157556270096464,25.260416666666668,46.391752577319586,30.760986066452308,58.19935691318327,75.25773195876289,47.42268041237113,559.7938144329896,51525,50289,1998,1992,1532,1376,156,73,46,53583,52333,1250,37,9,247,18,50024,1092,129,460,317,51400,933,50655,870,NA,NA,28,384,287,97,287,45,242,543,66,7,42,4,9
South Dakota,2017,2.9642685467072583,981.9740426213748,21.631148854350265,14.901458099663515,4.566575869251722,3.5250761095978205,0.2403460983816696,0.2403460983816696,97.41668617810036,2.583313821899633,95.66065714508703,97.97666639471323,2.023333605286775,94.34385515141804,4.822945040858836,109.80066445182723,7.475083056478406,70.04538577912254,5.831533477321814,0.9287442441270585,21.11111111111111,64.91228070175438,72.97297297297297,16.296296296296298,68.88888888888889,8.108108108108109,8.108108108108109,502.7027027027027,12257,11776,602,661,463,436,27,3,3,12813,12482,331,100,4,0,0,11776,336,23,198,45,12212,270,12009,248,NA,NA,119,57,44,37,20,27,17,186,3,0,3,0,9
Tennessee,2017,1.7275995704347014,983.8913013027034,50.52061446514451,7.995984498295746,39.302890227389454,35.83601811644955,0.9571835457813886,0.6303403838072559,98.75046108447067,1.249538915529325,97.15971966064183,95.07403189066059,4.925968109339408,NA,NA,NA,NA,NA,NA,0.2201678347473257,77.79574861367837,4.395604395604396,78.37837837837837,70.93345656192237,15.827171903881702,55.4054054054054,36.486486486486484,462.8378378378378,84288,NA,NA,NA,NA,NA,NA,82,54,86752,85668,1084,NA,NA,NA,NA,NA,NA,NA,NA,NA,81340,4328,80136,4152,NA,NA,191,3367,3070,148,3219,116,2954,685,82,0,54,0,18
Texas,2017,1.115865357598722,984.8327941322073,13.261939357935889,6.5747750206716065,4.888935271781451,3.0505671646583763,0.33449201366868164,0.20872301652925737,98.49425693305993,1.5057430669400707,97.00037426136095,98.7680452568112,1.23195474318879,96.53921182977835,3.336089547525963,90.49490655330071,13.660062565172055,82.28151037050169,13.508564041796834,0.3236570079122014,36.86440677966102,22.824302134646963,63.06954436450839,23.002421307506054,49.57627118644068,29.97601918465228,18.705035971223023,589.2086330935251,368033,360768,12467,11282,9283,8029,1254,125,78,379414,373701,5713,449,17,51,1,360716,7529,1236,1999,1703,368745,4956,363499,4534,NA,NA,1228,1827,1140,417,1410,263,877,2457,121,4,78,0,241
Utah,2017,1.989120727449866,981.7934561987497,8.829260371843795,0.8524803117642283,7.20548834943574,5.72379637898839,1.6846634732483559,1.3599090687667452,99.20064431692339,0.7993556830766133,97.39454344105508,99.38806309565649,0.6119369043435117,95.6848258504506,3.9295282942274903,109.09090909090908,2.9442148760330578,97.58522727272727,15.866084425036389,0.006040471156750227,81.60919540229885,27.605633802816904,85.71428571428571,64.82758620689654,9.655172413793103,84.6938775510204,68.36734693877551,42.857142857142854,48371,47142,1936,2112,2061,1734,327,83,67,49665,49268,397,80,110,41,2,47099,1613,215,51,57,48833,435,48075,296,NA,NA,3,355,282,98,257,84,198,42,83,0,67,0,1
Vermont,2017,2.018348623853211,968.8073394495414,5.871559633027523,0,5.321100917431192,4.954128440366972,1.651376146788991,1.651376146788991,98.76766944545125,1.2323305545487495,95.68684305907938,99.7159090909091,0.2840909090909091,91.8532110091743,5.908256880733945,137.88819875776397,0,100,7.207207207207207,0,90.625,37.93103448275862,100,84.375,0,81.81818181818183,81.81818181818183,0,5280,5006,322,444,444,412,32,9,9,5518,5450,68,122,0,0,0,5006,290,32,0,0,5418,32,5265,15,NA,NA,0,29,27,11,18,11,16,0,9,0,9,0,0
Virgin Islands,2017,NA,NA,NA,NA,NA,NA,NA,NA,NA,NA,NA,NA,NA,NA,NA,NA,NA,NA,NA,NA,NA,NA,NA,NA,NA,NA,NA,NA,NA,NA,NA,NA,NA,NA,NA,NA,NA,NA,NA,NA,NA,NA,NA,NA,NA,NA,NA,NA,NA,NA,NA,NA,NA,NA,NA,NA,NA,NA,NA,NA,NA,NA,NA,NA,NA,NA,NA,NA
Virginia,2017,1.6278974526988288,968.3737406831027,15.848963879105577,4.074862806126627,9.337374068310263,5.948480629044147,0.9214513883200917,0.6962077156196249,98.21809259482724,1.7819074051727606,95.1118217288122,98.79999577091021,1.200004229089794,96.18109591285118,3.820951756900647,108.68167202572347,21.27545551982851,88.95463510848126,8.481152993348115,0.10357588190338281,58.91472868217055,17.434210526315788,49.056603773584904,37.53229974160207,25.710594315245476,56.60377358490566,42.76729559748428,250.314465408805,94583,93942,3732,4056,3608,3302,306,90,68,99444,97672,1772,13,7,883,215,92844,2406,84,448,794,96124,1548,93448,1135,NA,NA,103,912,581,159,753,78,503,398,90,0,68,0,53
Washington,2017,1.832249932895305,969.3885887007364,10.900136543466337,2.812561998902984,6.943877134221061,4.2596893344381295,1.2487308459859723,0.7235636677675726,99.55501336121762,0.4449866387823864,96.5074939003137,99.15366464412982,0.8463353558701724,93.08296474377677,4.655315275362657,142.99323138631237,5.5903735271998,95.66970546984572,8.502840388491844,0.09643313581968166,63.70449678800857,26.38655462184874,63.05732484076433,39.07922912205567,25.802997858672377,68.15286624203821,39.490445859872615,153.50318471337582,83064,79760,3989,5704,5457,4993,464,107,62,86070,85687,383,1803,135,0,0,79760,3190,329,247,223,84753,934,82361,703,NA,NA,83,595,365,157,438,99,266,241,107,0,62,0,13
West Virginia,2017,0.2675370538819627,959.4948900422709,36.43854673872331,29.750120391674248,6.581411525496281,5.404248488415646,0.21402964310557013,0.05350741077639253,97.28280672531362,2.7171932746863776,93.34235594190828,96.49788088333705,3.5021191166629486,NA,NA,NA,NA,NA,NA,2.2174795689969287,18.06167400881057,4.0650406504065035,20,14.831130690161526,81.64464023494861,80,20,11120,17932,NA,NA,NA,NA,NA,NA,4,1,19211,18689,522,NA,NA,NA,NA,NA,NA,NA,NA,NA,18008,681,17304,628,NA,NA,426,123,101,5,118,1,100,556,4,0,1,0,0
Wisconsin,2017,1.8036669332956916,965.9028529305666,11.119998745275177,1.9448234759014413,7.889082325632459,5.5051051616242415,1.1606204614250537,0.6587305321601656,98.76541297478158,1.234587025218415,95.39779416320714,99.02411301453276,0.9758869854672404,NA,NA,NA,NA,NA,NA,0.10998203110477725,70.94499294781383,22.86282306163022,41.73913043478261,49.50634696755994,17.48942172073343,64.34782608695652,36.52173913043478,107.82608695652173,61585,NA,NA,NA,NA,NA,NA,74,42,64556,63759,797,NA,NA,NA,NA,NA,NA,NA,NA,NA,63050,709,60984,601,NA,NA,71,503,351,115,388,48,303,124,74,0,42,0,19
Wyoming,2017,1.948684637869438,991.880480675544,3.247807729782397,0,2.7606365703150373,2.4358557973367976,1.948684637869438,1.6239038648911985,98.21371610845296,1.7862838915470494,97.41626794258373,99.73804846103471,0.26195153896529144,97.51542708671647,2.4845729132835337,98.0392156862745,1.9607843137254901,100,11.333333333333332,0,85,70.58823529411765,91.66666666666666,75,0,100,83.33333333333334,0,6108,6005,153,150,150,133,17,12,10,6270,6158,112,0,0,0,0,6005,133,17,0,3,6138,20,6092,16,NA,NA,0,17,15,12,5,11,4,0,10,2,8,2,0
US,2017,1.7466429826473946,970.6586957544044,16.795507303997642,4.127870191053939,10.951454173132745,8.258412315690022,1.1366405458439677,0.7580275572541928,98.29165239717034,1.7083476028296674,95.40764711938263,98.71393789079758,1.2860621092024187,72.94803516692103,3.5164516294519754,118.67149923636279,6.049070338203895,88.82059162504802,9.071510957324106,0.5521507194977697,65.2046644076425,15.948959426159515,59.599204528070985,49.17036542102165,24.57722840007,65.07572280862782,43.3991127428484,236.33165060425273,3632795,2730159,131607,156180,138720,126136,12584,4254,2837,3807656,3742608,65048,22068,979,8848,639,2720672,95220,10966,17460,7961,3679749,62859,3586075,46720,NA,NA,21024,40987,30908,6537,34450,3896,27012,15449,4136,118,2777,60,1202
State/Territory average,2017,1.8575402871530686,966.7906265155177,21.194968261472464,6.253470128469672,12.549095543789264,8.951981913304351,1.1788682384358586,0.7401394703950768,97.92855459346319,2.0714454065368133,94.77049882948025,98.09553124444416,1.9044687555558444,92.3570209319871,6.589849539927803,158.49180416957068,8.275038631558107,83.58395350421492,11.516148804389106,0.6619452741827417,59.253805868723795,26.731439136556382,58.37471870629127,42.1526513131486,27.670115042519267,64.77952719425339,41.45133326989343,627.7599291637756,64871.33928571428,65003.78571428572,3133.5,3718.5714285714284,3302.8571428571427,3003.2380952380954,299.6190476190476,74.63157894736842,49.771929824561404,66800.98245614035,65659.78947368421,1141.1929824561403,525.4285714285714,23.30952380952381,210.66666666666666,15.214285714285714,64777.90476190476,2267.1428571428573,261.0952380952381,415.7142857142857,189.54761904761904,64557,1102.7894736842106,64037.05357142857,834.2857142857143,NA,NA,368.8421052631579,731.9107142857143,551.9285714285714,116.73214285714286,615.1785714285714,69.57142857142857,482.35714285714283,271.03508771929825,72.56140350877193,2.0701754385964914,48.719298245614034,1.0526315789473684,21.087719298245613
State/Territory median,2017,1.8010129653552753,978.5127786435612,15.848963879105577,3.5147620004016873,7.306973435867613,5.3252732738164,1.1435257825173524,0.6962077156196249,98.6214258136313,1.3785741863686947,96.15718898486803,98.69520223600497,1.3047977639950195,95.49652767991361,3.9862570312264376,108.5618746280415,3.0221869292724906,89.19356021568876,10.24416158978822,0.10998203110477725,61.41344160949114,23.93141153081511,60.317460317460316,40.09388707834885,25.21453720228653,66.66666666666666,40,238.05309734513273,39726.5,35403,1686.5,1611.5,1222,1093.5,142.5,43,30,38284,37794,522,88,4.5,13,1,35363.5,887.5,105,204.5,65,37239,661,38884,543.5,NA,NA,71,371,276.5,80.5,280,43,201,170,41,0,30,0,9
State/Territory SD,2017,0.9063457350900831,71.03965465331693,17.18282687911962,9.233478022391118,12.652702204372913,10.079382510206509,0.6878460595500789,0.45344667254767784,2.2040622510815755,2.204062251081575,7.766196655580393,2.074303294668111,2.0743032946681113,9.99560999733561,9.404954483586023,271.43461447187076,12.016014084216096,21.51811411821318,10.961824615081088,1.5255199439187497,24.21586289180098,20.04337122183117,18.83844713273359,21.961944587791816,21.942871781521944,19.955897528001532,20.12416238914611,1703.9634358693872,83786.30162834209,90941.10660430945,5589.602914689239,6574.01969745896,6459.658189897789,6084.2739543584075,481.0703996136498,116.35009232898102,88.26239644699443,86038.7430628724,84910.54380046451,1794.6266268920326,2097.0404132427966,51.2699636763814,600.0026693707558,42.188621581426034,90980.04163305095,5038.662257479433,462.7440850723585,719.2381567550516,315.3268689193572,83897.19281848129,1522.5869519721327,83092.29751206451,1019.5460079553361,NA,NA,1019.8520514108492,1214.099386028938,1065.2838265780774,154.21879275549085,1150.305478907753,97.07913494442789,1030.585860365072,378.20766050035644,116.17090512686465,5.457169756786568,88.14795889095564,2.8436712477734716,38.382604272989894
Alabama,2018,1.8966077815107836,975.1092807340775,35.31303059860554,3.323579350456992,30.9418012355045,28.954878797731297,1.824356056500849,0.9934612188866009,94.84829275814216,5.151707241857836,92.48745053024722,96.68420272673384,3.315797273266153,47.63556229904989,52.08265597341136,115.07248387320523,0.3641534299784976,99.44544906570223,5.0490968602254815,4.869022940259384,87.62148337595907,6.129597197898424,76.19047619047619,81.99488491048594,9.411764705882353,96.19047619047619,52.38095238095239,175.23809523809524,53984,26372,28834,33180,32996,31330,1666,101,55,58369,55362,3007,147,9,4198,97,22077,26985,1560,184,105,53407,1955,52194,1790,NA,NA,2842,1713,1603,105,1608,80,1523,184,100,1,55,0,1
Alaska,2018,1.761292996270203,992.8512225445504,12.8470783257356,3.6261914629092415,7.148777455449648,4.765851636966431,0.8288437629506837,0.5180273518441774,96.75220529270248,3.247794707297514,96.06054530874097,98.79995825941772,1.200041740582281,96.52921674264401,2.952755905511811,94.03508771929825,23.50877192982456,97.38805970149254,19.157088122605366,0.24057738572574178,55.64516129032258,24.637681159420293,58.82352941176471,37.096774193548384,28.225806451612907,47.05882352941176,29.411764705882355,205.88235294117646,9583,9317,285,268,261,211,50,8,5,9976,9652,324,47,3,0,0,9317,164,47,7,67,9528,124,9468,115,NA,NA,24,69,46,17,52,10,36,35,7,1,4,1,1
American Samoa,2018,2.1953896816684964,991.218441273326,10.976948408342482,6.586169045005488,2.1953896816684964,2.1953896816684964,0,0,99.45414847161572,0.5458515283842794,98.58078602620087,98.89258028792912,1.1074197120708749,98.46322722283205,1.5367727771679474,121.42857142857142,0,58.82352941176471,30,0,20,100,100,20,60,0,0,300,903,897,14,17,10,7,3,0,0,916,911,5,0,0,3,0,894,4,3,7,0,901,10,893,10,NA,NA,0,2,2,2,0,2,0,6,0,0,0,0,0
Arizona,2018,2.255639097744361,977.5175644028103,8.788364353506717,1.6886478491310244,5.706890176260323,3.858005669912486,1.0846789103907308,0.8258350795020338,99.03080904252722,0.9691909574727797,96.80435525609101,99.31783219428543,0.6821678057145739,95.44927893504253,4.306668310119561,99.62793360045794,6.410990269032628,96.03562194771618,10.499551301226443,0.28685122796738444,64.93688639551192,39.524838012958966,71.58469945355192,43.899018232819074,19.214586255259466,48.08743169398907,36.6120218579235,74.86338797814209,79306,77438,3494,3481,3343,2992,351,88,67,81924,81130,794,177,21,13,0,77425,2802,330,138,224,80417,713,78765,541,NA,NA,235,463,313,183,280,131,182,137,88,0,67,0,92
Arkansas,2018,2.1657357802348116,961.3017211900147,20.318021201413426,11.227630229112048,4.3029750370454805,2.0517496865382423,1.3108400775105438,0.5699304684828451,98.85627359287848,1.1437264071215278,95.03070595526508,98.39034801683762,1.6096519831623881,NA,NA,NA,NA,NA,NA,0.3943884162488027,21.1781206171108,50.331125827814574,48.68421052631579,10.098176718092567,55.259467040673215,60.526315789473685,26.31578947368421,518.421052631579,33734,NA,NA,NA,NA,NA,NA,46,20,35498,35092,406,NA,NA,NA,NA,NA,NA,NA,NA,NA,34379,713,33191,543,NA,NA,140,151,72,76,75,37,35,394,10,36,2,18,6
California,2018,2.155008266091998,982.6680884046218,6.409021464957594,0.4928293332019122,4.704279998745525,2.8315285325782593,1.7831461328578275,1.451606399612905,99.55708002890354,0.4429199710964611,97.8315655191486,99.55752111520181,0.44247888479819447,97.08670660077688,2.895596345894508,97.284542781989785,3.3266285006962706,94.56063618290258,14.691783701959466,0.005798549470547829,73.40090877315623,45.80952380952381,67.25571725571726,44.18035651869975,7.6896190143306535,82.74428274428274,67.35966735966737,22.86902286902287,438665,433397,12926,12575,11891,10144,1747,796,648,448388,446402,1986,74,5,0,0,433397,10070,1742,684,430,443541,2861,436724,1941,NA,NA,26,2100,1264,962,1138,647,617,220,796,0,648,0,4
Colorado,2018,NA,NA,NA,NA,NA,NA,NA,NA,NA,NA,NA,NA,NA,NA,NA,NA,NA,NA,NA,NA,NA,NA,NA,NA,NA,NA,NA,NA,NA,NA,NA,NA,NA,NA,NA,NA,NA,NA,NA,NA,NA,NA,NA,NA,NA,NA,NA,NA,NA,NA,NA,NA,NA,NA,NA,NA,NA,NA,NA,NA,NA,NA,NA,NA,NA,NA,NA,NA
Commonwealth of the Northern Mariana Islands,2018,3.182179793158314,994.4311853619729,49.32378679395386,0.7955449482895784,6.364359586316628,5.568814638027049,1.591089896579157,1.591089896579157,99.60380348652932,0.39619651347068147,99.04912836767036,95.04,4.96,77.64518695306285,22.195704057279237,100.71684587813621,0,81.49466192170819,4.366812227074235,0,12.903225806451612,50,100,11.29032258064516,1.6129032258064515,50,50,25,1250,976,279,281,229,219,10,2,2,1262,1257,5,2,0,0,0,976,217,10,52,0,1195,62,1188,62,NA,NA,0,8,7,4,4,4,3,1,2,0,2,0,0
Connecticut,2018,2.3962774109058484,986.6254284042463,12.510797180194489,0.5851375073142189,11.647022764635404,9.501518571149935,1.6718214494691968,1.1424113238039513,99.209398756047,0.7906012439530062,97.88251554941257,98.80538846056088,1.1946115394391257,NA,NA,NA,NA,NA,NA,0.07740152038700761,93.0957683741648,20.574162679425836,69.76744186046511,75.94654788418708,4.67706013363029,69.76744186046511,47.674418604651166,24.418604651162788,35409,NA,NA,NA,NA,NA,NA,60,41,36175,35889,286,NA,NA,NA,NA,NA,NA,NA,NA,NA,35440,449,34986,423,NA,NA,28,418,341,86,332,60,281,21,60,0,41,0,14
Delaware,2018,1.4258071086668702,982.4829412363785,8.452999287096445,6.31428862409614,1.6294938384764233,0.6110601894286587,1.0184336490477646,0.7129035543334351,91.84360677205126,8.156393227948742,90.23477691516229,99.24328806882968,0.7567119311703121,97.05672675425197,2.2303696914146043,120.09132420091323,12.32876712328767,82.88973384030417,5.045871559633028,7.670002806098587,19.27710843373494,87.5,35.714285714285715,7.228915662650602,74.69879518072288,71.42857142857143,50,442.8571428571429,9647,9530,219,263,218,207,11,10,7,10691,9819,872,68,2,1,0,9529,138,9,45,27,9736,83,9574,73,NA,NA,820,16,6,14,2,5,1,62,10,0,7,0,2
District of Columbia,2018,1.2182122734886554,983.0211664382518,29.922338967565096,26.648393482564337,2.8932541495355566,2.055733211512106,0,0,97.06599660039909,2.9340033996009165,95.41792919961568,97.08000929440013,2.919990705599876,94.57134155626618,5.108877721943048,100.59612518628913,6.110283159463488,50.96296296296296,6.104651162790697,2.8083659744290888,9.669211195928753,42.10526315789473,81.25,6.870229007633588,89.05852417302799,0,0,2187.5,12911,12421,671,675,344,323,21,0,0,13531,13134,397,40,2,3,0,12418,280,19,331,41,12741,393,12534,377,NA,NA,380,38,27,16,22,13,14,350,0,0,0,0,16
Florida,2018,1.2234524979215478,922.3887083364824,40.449512508502764,5.078036429597159,34.00631093643715,29.46205880129998,0.7983145642808556,0.44403295291361194,95.57036314715496,4.429636852845044,88.15302381855284,98.70996486843588,1.2900351315641228,NA,NA,NA,NA,NA,NA,2.737147191072106,84.07100315310055,3.597721905820253,50.57915057915058,72.83662267896766,12.554011444587177,65.25096525096525,36.293436293436294,415.05791505791507,195266,NA,NA,NA,NA,NA,NA,169,94,221508,211696,9812,NA,NA,NA,NA,NA,NA,NA,NA,NA,203133,8563,192747,2519,NA,NA,6063,7199,6237,259,6940,131,6106,1075,169,0,94,0,61
Georgia,2018,1.6618263956114876,976.9603097773474,17.804130364633753,10.656663439819296,5.735721200387221,4.057760567925137,0.8712487899322362,0.5485640529202969,97.5609756097561,2.4390243902439024,95.31320095388757,98.48229620821773,1.5177037917822698,94.29574056147145,4.781381090674411,122.76024970474101,1.5859625442888479,78.03738317757009,9.070095103909827,0.9704153188676127,32.21567739012234,28.973277074542896,73.30097087378641,22.791119166289082,59.85500679655641,52.42718446601942,33.00970873786408,641.26213592233,121104,116889,5927,7276,5678,5163,515,108,68,127059,123960,3099,1083,61,272,27,116590,3808,427,1598,94,121753,2207,119266,1838,NA,NA,1233,711,503,206,505,151,352,1321,105,3,67,1,59
Guam,2018,1.7812611328820804,967.5810473815461,21.01888136800855,1.7812611328820804,6.056287851799073,4.631278945493409,1.0687566797292483,0.7125044531528322,98.87284255019372,1.1271574498062698,95.66748855230715,98.1222385861561,1.877761413843888,93.4093338083363,6.234413965087282,118.28571428571428,1.1428571428571428,83.57487922705315,13.294797687861271,0.03522367030644593,28.8135593220339,29.411764705882355,60,22.033898305084744,8.47457627118644,60,40,100,2716,2622,175,207,173,150,23,3,2,2839,2807,32,8,2,24,0,2598,118,21,34,2,2748,59,2665,51,NA,NA,1,17,13,5,12,3,10,5,3,0,2,0,2
Hawaii,2018,4.5365009252074255,980.0632722497463,11.400943114666031,1.910105652718916,8.356712230645257,6.506297379573808,3.044230884020773,1.7310332477765178,99.07741439470105,0.9225856052989532,97.10213495771482,99.1046957792801,0.8953042207198977,95.08147794424879,3.4381901748940487,140.45138888888889,10.76388888888889,96.16810877626699,12.596401028277635,0.017742030871133716,73.29842931937172,54.285714285714285,82.89473684210526,57.06806282722513,16.75392670157068,67.10526315789474,38.15789473684211,42.10526315789473,16419,15929,576,809,778,680,98,51,29,16909,16753,156,241,7,45,2,15882,394,89,31,62,16562,191,16272,147,NA,NA,3,140,109,76,64,63,46,32,51,0,29,0,17
Idaho,2018,1.7553269296406455,983.3731532497928,36.22799746452777,7.1188258813203955,28.329026281144863,25.452240479789364,1.0239407089570434,0.7313862206836024,95.90367079728782,4.096329202712182,94.30909516015899,96.53907179690599,3.46092820309401,94.79740601687064,3.6032961139012145,83.085250338295,67.38836265223274,83.38762214983714,27.9296875,0.6172550853401917,78.19650067294751,6.196213425129088,69.44444444444444,70.2557200538358,19.650067294751008,58.333333333333336,41.66666666666667,405.55555555555554,20168,19442,739,614,512,369,143,21,15,21385,20509,876,211,117,45,0,19397,113,26,102,498,19766,743,19470,698,NA,NA,132,581,522,36,545,25,497,146,21,0,15,0,12
Illinois,2018,2.1188266727957017,975.6658143476888,12.052173413393856,0.8690780590111185,8.346022351825782,6.205648289137242,1.321573246760709,1.0917344212371074,99.07350743613463,0.9264925638653668,96.66263431295809,99.05845111896349,0.9415488810365136,96.34987215215331,3.25652885913753,104.63167181296869,16.872518747243053,92.13743676222596,12.331274307938687,0.012808652956664059,69.24910607866508,25.38726333907057,59.32203389830508,51.48986889153755,7.210965435041716,62.37288135593221,51.52542372881356,41.01694915254237,135840,134146,4534,4744,4371,3832,539,184,152,140530,139228,1302,399,148,416,12,133718,3017,379,373,765,137550,1678,134561,1279,NA,NA,18,1162,864,295,867,175,689,121,184,0,152,0,95
Indiana,2018,2.48043285481114,980.3107609659551,40.62512048734722,4.292562557030678,32.065699340693236,24.521584906630338,1.5422380444421595,1.028158696294773,97.95797610504715,2.042023894952852,96.02925809822361,96.01977004863852,3.980229951361485,95.93748795126528,4.062512048734722,100,0,0,NA,0.25808563407233953,78.93071812717494,7.735470941883768,58.549222797927456,60.360645365390695,10.566276494780134,62.17616580310881,41.45077720207254,173.05699481865284,76277,74648,3161,3161,0,0,0,120,80,79431,77809,1622,0,0,0,0,74648,0,0,3161,0,74648,3161,73241,3036,NA,NA,205,2495,1908,193,2302,113,1795,334,119,1,79,1,33
Iowa,2018,2.320436026118396,975.3116399546706,14.46225244185419,1.9157088122605364,10.441962117532784,7.608871620527764,1.483999784145486,0.9713453132588635,98.46439957492031,1.5356004250797024,96.03347502656749,98.71635267103771,1.283647328962293,94.48491716583023,5.107657438886191,104.33174854727945,3.6450079239302693,85.62025316455696,10.82199881726789,0.010626992561105207,72.20149253731343,22.22222222222222,65.11627906976744,52.61194029850746,13.246268656716417,63.95348837209303,41.86046511627907,82.55813953488372,36147,35018,1893,1975,1691,1508,183,55,36,37640,37062,578,145,6,0,0,35018,1363,177,284,69,36526,536,35683,464,NA,NA,4,387,282,86,301,56,226,71,54,1,36,0,17
Kansas,2018,1.765272279875896,984.3265218786777,14.978067829250028,0.9361292393281267,12.009200813095111,9.040333796940196,1.4175671338397346,1.1501016368888413,98.267931768602,1.7320682313980078,96.72773148999921,98.65224716048041,1.3477528395195912,NA,NA,NA,NA,NA,NA,0,80.17857142857143,14.699331848552339,50,60.357142857142854,6.25,80.3030303030303,65.15151515151516,53.03030303030303,36802,NA,NA,NA,NA,NA,NA,53,43,38047,37388,659,NA,NA,NA,NA,NA,NA,NA,NA,NA,36828,560,36306,496,NA,NA,0,449,338,66,383,33,305,35,53,0,43,0,3
Kentucky,2018,0.9860765984301662,983.0394825070011,18.064923283240642,4.003470989626474,12.010412968879423,9.663550664615627,0.4733167672464797,0.25637991559184314,98.18562051004008,1.814379489959917,96.5203415758186,98.27067367491875,1.7293263250812503,NA,NA,NA,NA,NA,NA,0.21880990647328777,66.48471615720524,8.210180623973727,80,53.493449781659386,22.161572052401745,48,26,405.99999999999994,49846,NA,NA,NA,NA,NA,NA,24,13,51643,50706,937,NA,NA,NA,NA,NA,NA,NA,NA,NA,49790,916,48984,862,NA,NA,113,609,490,50,559,40,450,203,24,0,13,0,26
Louisiana,2018,1.0889539236371062,972.9463009596407,19.209827809160824,5.870142244606275,12.6250595521677,10.24297284421153,0.7486558225005105,0.5955216769890425,98.86120876717858,1.13879123282141,96.1866473784252,98.38235808471197,1.6176419152880275,NA,NA,NA,NA,NA,NA,0.09924473077764133,65.72187776793623,8.62533692722372,57.8125,53.32152347209921,30.558015943312668,68.75,54.6875,539.0625,57182,NA,NA,NA,NA,NA,NA,44,35,59449,58772,677,NA,NA,NA,NA,NA,NA,NA,NA,NA,57643,1129,56257,925,NA,NA,59,742,602,64,678,37,565,345,33,11,29,6,9
Maine,2018,1.95994887089902,982.7865360034086,16.95781849169152,2.641670217298679,11.674478057094163,9.373668512995312,1.1930123561994035,1.0225820195994886,97.78351804016332,2.2164819598366803,96.10032497291893,98.48261510448279,1.5173848955172116,NA,NA,NA,NA,NA,NA,0.016665277893508877,68.84422110552764,16.78832116788321,86.95652173913044,55.27638190954774,15.577889447236181,60.86956521739131,52.17391304347826,134.7826086956522,11533,NA,NA,NA,NA,NA,NA,14,12,12001,11735,266,NA,NA,NA,NA,NA,NA,NA,NA,NA,11536,199,11358,175,NA,NA,2,137,110,23,114,20,90,31,14,0,12,0,8
Marshall Islands,2018,5.296610169491525,967.1610169491526,21.1864406779661,1.0593220338983051,10.59322033898305,7.415254237288136,3.1779661016949157,3.1779661016949157,91.82879377431907,8.171206225680933,88.81322957198444,98.57612267250822,1.4238773274917853,90.78389830508475,8.686440677966102,119.51219512195121,0,94.89795918367348,16.129032258064516,0,50,50,60,35,5,60,60,20,913,857,82,98,93,78,15,3,3,1028,944,84,4,1,11,0,846,63,14,5,0,924,20,900,13,NA,NA,0,10,7,5,5,3,4,1,0,3,0,3,0
Maryland,2018,0.976360247344596,981.4491553004526,13.994496878605876,2.189413887984852,10.37012929376609,7.32270185508447,0.7100801798869789,0.5621468090771916,99.12311572526248,0.8768842747375213,97.28429819930787,98.98559025684312,1.0144097431568793,96.71292050060653,2.7752300363916094,78.62473347547974,39.81876332622601,92.61016949152543,6.588579795021962,0.016129978297847382,74.1014799154334,9.4151212553495,77.27272727272727,52.32558139534884,15.644820295983086,72.72727272727273,57.57575757575758,224.24242424242422,66344,65376,1876,1475,1366,1276,90,48,38,68196,67598,598,339,7,0,0,65376,937,83,109,747,66652,946,65671,673,NA,NA,11,701,495,66,635,51,444,148,48,0,38,0,7
Massachusetts,2018,2.658152872683145,987.4026668207625,19.965039511131017,0.910128429233903,17.14797532540703,14.908770459831555,2.2969907975903268,1.7769174094566678,99.15060016615578,0.8493998338442147,97.90156702094136,98.10384936136593,1.8961506386340692,NA,NA,NA,NA,NA,NA,0.005729509840433151,85.89001447178003,15.501263689974726,75.54347826086956,74.67438494934878,4.558610709117222,86.41304347826086,66.84782608695652,34.23913043478261,68349,NA,NA,NA,NA,NA,NA,159,123,69814,69221,593,NA,NA,NA,NA,NA,NA,NA,NA,NA,67839,1382,67053,1296,NA,NA,4,1187,1032,184,1003,139,893,63,159,0,123,0,14
Michigan,2018,1.4372509309466257,965.4593136660164,11.236689096491801,5.534349363969799,4.694397521208784,2.575852317800446,0.8679502375197156,0.5506350969211099,99.21295567551552,0.7870443244844859,95.78607209326012,99.13676436470497,0.8632356352950274,NA,NA,NA,NA,NA,NA,0.016666820989083234,41.777408637873755,30.61630218687873,56.493506493506494,22.92358803986711,49.25249169435216,60.3896103896104,38.311688311688314,385.06493506493507,103448,NA,NA,NA,NA,NA,NA,93,59,107999,107149,850,NA,NA,NA,NA,NA,NA,NA,NA,NA,105945,1204,102555,893,NA,NA,18,503,276,154,349,87,189,593,93,0,59,0,55
Micronesia,2018,0,954.2087542087542,45.11784511784512,24.242424242424242,0,0,0,0,84.13597733711048,15.864022662889518,80.28328611898017,95.62455892731123,4.37544107268878,81.75084175084176,14.41077441077441,126.6355140186916,0,86.34686346863468,12.82051282051282,0.05665722379603399,0,NA,NA,0,53.73134328358209,NA,NA,Inf,1417,1214,214,271,234,204,30,0,0,1765,1485,280,49,8,0,0,1214,155,22,37,0,1418,67,1355,62,NA,NA,1,0,0,0,0,0,0,36,0,0,0,0,0
Minnesota,2018,2.3268192532887233,974.3137403999696,12.30324690137632,2.524522849973386,7.603984487871644,5.003421793019543,1.4903809596228426,0.8668542316173674,98.72530178367666,1.274698216323344,96.18941805296978,99.09780538819342,0.9021946118065745,95.32659113375409,4.381415861911641,96.91079486289483,9.753557792433183,91.08166189111748,10.971293747542273,0.04504233979941145,61.804697156983934,30.599999999999998,79.08496732026144,40.66749072929542,20.519159456118665,64.05228758169935,37.254901960784316,108.49673202614379,64066,62682,2881,2792,2543,2264,279,98,57,66604,65755,849,186,6,0,0,62682,2078,273,249,281,64946,809,63488,578,NA,NA,30,500,329,153,347,121,208,166,98,0,57,0,38
Mississippi,2018,1.8696804799776756,990.2888237756383,27.933584484442584,17.245709501883635,10.12976140644621,5.246267615459747,1.2278498674480258,0.5302078973071019,96.82779864357317,3.1722013564268154,95.88748682752843,97.39904753853523,2.600952461464762,96.72108274033766,3.2231059020510675,30.822510822510825,78.87445887445888,100,25.280898876404496,1.8752195411926829,36.26373626373626,18.457300275482094,31.343283582089555,18.78121878121878,61.738261738261734,65.67164179104478,28.35820895522388,922.3880597014926,35487,34660,1155,356,356,266,90,44,19,37009,35835,1174,19,1,92,0,34568,155,89,0,911,34834,1001,34564,923,NA,NA,694,363,188,67,296,21,167,618,42,2,18,1,11
Missouri,2018,1.307639366827254,980.6882312456986,15.003441156228494,3.6200963523743974,10.144528561596696,9.401238816242257,0.9910529938059187,0.8396421197522367,98.11601053413465,1.883989465865352,96.22121682760483,98.60625710556235,1.3937428944376604,96.64143152099105,3.3544390915347555,73.45096430036931,27.082478457119407,82.01117318435755,7.3569482288828345,0.3011682085218448,67.61467889908258,12.890094979647218,74.73684210526315,62.66055045871559,24.128440366972477,75.78947368421053,64.21052631578948,276.8421052631579,71247,70210,2437,1790,1468,1360,108,72,61,74045,72650,1395,3,0,0,10,70200,1357,98,322,660,71560,1090,70254,993,NA,NA,223,737,683,95,642,71,612,263,72,0,61,0,8
Montana,2018,1.0644903752328574,970.8152222123658,17.564091191342143,12.951299565333098,3.548301250776191,2.2176882817351196,0.7096602501552381,0.6209527188858334,97.94092093831452,2.059079061685491,95.08253692441355,98.36440058479532,1.6355994152046784,91.67923356692982,7.176439279694846,117.3053152039555,1.73053152039555,87.14436248682824,7.255139056831923,0.26064291920069504,20.2020202020202,30,66.66666666666666,12.626262626262626,73.73737373737373,66.66666666666666,58.333333333333336,1216.6666666666665,10944,10335,809,949,827,767,60,8,7,11510,11273,237,125,2,25,2,10308,617,56,122,14,11075,198,10765,179,NA,NA,30,40,25,12,28,8,17,146,8,0,7,0,2
Nebraska,2018,2.291618115435407,972.7724695098268,7.0690592713431215,0.6214557601180766,5.243532975996271,3.4180066806494214,1.475957430280432,1.2429115202361531,99.33253597746827,0.6674640225317335,96.62795632547552,99.35715711718906,0.6428428828109403,NA,NA,NA,NA,NA,NA,0.0077163470812917166,74.17582417582418,43.7037037037037,64.40677966101694,48.35164835164835,8.791208791208792,64.40677966101694,54.23728813559322,27.11864406779661,25045,NA,NA,NA,NA,NA,NA,38,32,25919,25746,173,NA,NA,NA,NA,NA,NA,NA,NA,NA,25564,182,24884,161,NA,NA,2,135,88,59,76,38,50,16,38,0,32,0,0
Nevada,2018,1.648828463986115,979.4619612380677,14.376627133352619,6.711021116575065,7.000289268151576,5.293607173850159,1.214926236621348,1.0992189759907434,97.71333276802623,2.28666723197377,95.70649255207891,98.67690490253987,1.3230950974601299,95.35724616719699,4.584900202487706,106.94006309148266,6.435331230283911,87.55162241887906,12.398921832884097,0.579439780660844,48.692152917505034,23.553719008264462,70.17543859649122,36.820925553319924,46.68008048289739,73.68421052631578,66.66666666666666,407.01754385964915,33860,32965,1585,1695,1484,1300,184,42,38,35379,34570,809,19,1,188,4,32773,1093,179,211,102,34073,497,33412,448,NA,NA,205,242,183,57,185,40,143,232,42,0,38,0,10
New Hampshire,2018,1.4522467110883308,983.683581069537,33.40167435503161,5.552708012984794,25.20075175123868,16.999829147445755,0.9396890483512728,0.5125576627370579,98.84319851389006,1.1568014861099385,97.23043147851051,96.69127225358228,3.308727746417716,NA,NA,NA,NA,NA,NA,0.447521742801655,75.44757033248082,5.762711864406779,41.17647058823529,50.89514066496164,16.624040920716112,64.70588235294117,35.294117647058826,382.3529411764706,11515,NA,NA,NA,NA,NA,NA,11,6,11843,11706,137,NA,NA,NA,NA,NA,NA,NA,NA,NA,11315,391,11134,381,NA,NA,53,295,199,17,278,7,192,65,11,0,6,0,4
New Jersey,2018,1.141389641889,983.6740517294091,7.663616166968999,1.8853311049059374,3.7706622098118747,2.7311823573772496,0.7031775472351874,0.36687524203574995,99.3258563446433,0.6741436553567091,97.7042675520285,99.34524056193278,0.6547594380672164,NA,NA,NA,NA,NA,NA,0.1285529192647178,49.202127659574465,30.270270270270274,68.75,35.638297872340424,24.601063829787233,61.60714285714286,32.142857142857146,165.17857142857142,96524,NA,NA,NA,NA,NA,NA,69,36,98792,98126,666,NA,NA,NA,NA,NA,NA,NA,NA,NA,97374,752,95892,632,NA,NA,127,370,268,112,258,77,191,185,69,0,36,0,27
New Mexico,2018,1.7189514396218306,966.5759442295755,21.152652437568637,7.066800362889748,11.1731843575419,7.066800362889748,0.8594757198109153,0.5729838132072769,96.56492069347105,3.4350793065289564,93.33732939874585,98.05364817467766,1.9463518253223338,NA,NA,NA,NA,NA,NA,1.2310955367023237,52.82167042889391,15.384615384615385,38.88888888888889,33.40857787810384,33.40857787810384,50,33.33333333333333,411.1111111111111,20243,NA,NA,NA,NA,NA,NA,18,12,21688,20943,745,NA,NA,NA,NA,NA,NA,NA,NA,NA,20500,443,19849,394,NA,NA,267,234,148,36,198,14,134,148,18,0,12,0,12
New York,2018,1.6944863672923463,978.0123448980145,11.305613042574535,6.023334206935194,4.292698797140611,2.349687762645387,1.2381047057016077,0.7636485228597507,97.51396795741756,2.486032042582442,95.3698644623438,99.09720938828312,0.902790611716873,91.38071267837293,2.8756563310529315,298.6172218730358,1.4613450659962288,92.28057251105031,5.3715002566003305,0.5595995558453919,37.96962430055955,39.473684210526315,44,20.783373301358914,53.27737809752199,73.06666666666666,45.06666666666666,355.4666666666667,216440,202231,6364,19004,17537,16595,942,274,169,226948,221306,5642,12395,316,0,22,202209,4200,604,1467,93,218804,2502,214486,1954,NA,NA,1270,950,520,375,575,165,355,1333,273,1,168,1,26
North Carolina,2018,1.8836472745457578,980.7051175195866,7.026171028504751,1.775295882647108,3.900650108351392,1.958659776629438,1.325220870145024,0.916819469911652,99.28092081854216,0.7190791814578523,97.36530711880114,99.44673437300811,0.5532656269918838,97.26621103517253,2.7337889648274714,94.7560975609756,5.2439024390243905,89.63963963963964,12.52692031586504,0.035581593558904084,55.51601423487544,48.29059829059829,52.21238938053098,27.876631079478052,25.26690391459075,70.35398230088495,48.67256637168141,94.24778761061947,117665,116700,3280,3108,2786,2437,349,159,110,120849,119980,869,0,0,0,0,116700,2437,349,322,172,119137,843,117014,651,NA,NA,43,468,235,226,242,118,117,213,158,1,109,1,18
North Dakota,2018,1.8948755972977427,984.2642939528753,24.303839182731917,13.181743285549514,6.261328060636019,3.048278134783325,1.5653320151590047,1.1534025374855825,99.49995901303386,0.5000409869661447,97.9342569063038,97.59772327781033,2.402276722189671,89.62761575218323,10.108749382105783,99.26650366748166,3.341483292583537,85.55008210180624,7.485604606525912,0.032789572915812776,25.76271186440678,30.263157894736842,47.82608695652174,12.54237288135593,54.23728813559322,82.6086956521739,60.86956521739131,695.6521739130435,11947,10879,1227,1218,1042,964,78,19,14,12199,12138,61,32,0,0,0,10879,932,78,176,41,11843,295,11660,287,NA,NA,4,76,37,23,53,11,26,160,16,3,11,3,3
Ohio,2018,2.10266766505563,984.4568990946427,33.12836105375417,6.981159190094771,23.825191168795808,19.642546496940543,1.187477782063791,0.6580290894238842,97.28697571743929,2.7130242825607063,95.7748344370861,96.79082346071698,3.2091765392830256,96.44513020656062,3.368050040465007,105.92858746912195,0,8.416366334534661,15.113350125944585,0.04415011037527594,71.91780821917808,8.825396825396826,66.18705035971223,59.29223744292238,21.073059360730596,56.4748201438849,31.294964028776977,332.0143884892086,130158,127513,4453,4717,397,337,60,157,87,135900,132213,3687,201,46,17,0,127496,119,14,4320,0,127833,4380,125981,4177,NA,NA,60,3150,2597,278,2872,184,2413,923,148,9,86,1,46
Oklahoma,2018,1.4871913030728303,1000,14.390146833958234,6.891351249450158,1.4871913030728303,1.0054251063027586,1.1311032445906035,0.5864979786766092,99.31351542510038,0.6864845748996276,99.31351542510038,98.56098531660417,1.4390146833958233,94.8911836785991,4.5118451645336295,158.17084493964717,0,90.02054593484003,11.313987610042386,0.05200640718936572,10.334788937409025,100,67.6056338028169,6.986899563318777,47.88937409024746,76.05633802816901,39.436619718309856,463.3802816901408,47741,45302,2154,3407,3067,2720,347,54,28,48071,47741,330,269,16,801,167,44334,1650,164,340,0,47054,687,47054,687,NA,NA,25,71,48,71,0,48,0,329,33,21,19,9,14
Oregon,2018,2.449348425758585,977.0997812232474,28.536098164177684,1.7835061352611052,24.897745648245028,20.403310187387046,1.9024065442785123,1.4505849900123657,98.68350034027175,1.316499659728252,96.42362659282378,97.26690841831147,2.7330915816885297,NA,NA,NA,NA,NA,NA,0.14549550606622394,87.25,9.837631327602674,70.87378640776699,71.5,6.25,77.66990291262135,59.22330097087378,72.81553398058253,41089,NA,NA,NA,NA,NA,NA,80,61,42613,42052,561,NA,NA,NA,NA,NA,NA,NA,NA,NA,40852,1200,39966,1123,NA,NA,62,1047,858,103,944,73,785,75,80,0,61,0,8
Palau,2018,0,964.4268774703557,0,0,0,0,0,0,98.828125,1.171875,95.3125,100,0,90.51383399209486,9.486166007905137,100,0,100,0,0,NA,NA,NA,NA,NA,NA,NA,NA,244,229,24,24,24,24,0,0,0,256,253,3,0,0,0,0,229,24,0,0,0,253,0,244,0,NA,NA,0,0,0,0,0,0,0,0,0,0,0,0,0
Pennsylvania,2018,1.4635182067731318,978.2519677874335,8.4095424420279965,1.3497732684228887,6.536542457193988,5.383927081911522,0.8265465520117689,0.5763076876412333,97.6663580818367,2.3336419181633032,95.54230698018885,99.31165992279429,0.6883400772057114,95.53740691872545,3.994722234860549,124.82915717539865,13.078967350037965,82.0103406326034,6.119043204153533,0.6665432327346787,77.72768259693417,22.389791183294662,70.98445595854922,64.02164111812444,16.05049594229035,56.476683937823836,39.37823834196891,92.2279792746114,129006,125989,5268,6576,5393,5063,330,109,76,135025,131874,3151,1740,21,230,6,125753,3093,303,1183,689,130765,1109,128118,888,NA,NA,900,862,710,193,669,137,573,178,109,0,76,0,65
Puerto Rico,2018,1.0417653186854814,28.269722511601476,31.5370773747514,12.406477886163463,17.946775262808977,11.459418505540297,0.8997064115920068,0.4261767212804243,98.28268255224089,1.7173174477591102,2.778424163447666,NA,100,NA,NA,NA,NA,NA,NA,1.7173174477591102,56.906906906906904,5.804749340369393,59.09090909090909,36.33633633633634,39.33933933933934,86.36363636363636,40.909090909090914,1190.9090909090908,597,NA,NA,NA,NA,NA,NA,19,9,21487,21118,369,NA,NA,NA,NA,NA,NA,NA,NA,NA,20452,666,NA,597,NA,NA,369,379,242,22,357,13,229,262,19,0,9,0,1
Rhode Island,2018,3.9144287664997726,968.502503413746,28.12926718252162,5.188893946290396,19.572143832498863,13.108784706417843,2.6399635867091487,2.0937642239417387,99.29494712103408,0.7050528789659225,96.16740486305704,97.77234702509634,2.2276529749036564,90.00455166135639,9.112426035502958,102.6973026973027,13.086913086913087,98.34630350194551,15.924826904055392,0.0542348368435325,69.57928802588997,20,79.06976744186046,46.601941747572816,18.446601941747574,67.44186046511628,53.48837209302325,132.5581395348837,10639,9887,1001,1028,1011,850,161,29,23,11063,10985,78,87,10,58,3,9826,705,148,17,131,10676,309,10402,237,NA,NA,6,215,144,43,172,34,110,57,29,0,23,0,6
South Carolina,2018,1.9485279932090904,985.1834703090635,13.90978894162133,6.848786510784427,6.71374001620558,4.842381448470116,1.2732955203148513,0.9260331056835281,97.6949318657293,2.30506813427069,96.24743200708672,98.75651118160812,1.243488818391885,95.84828490951884,3.871975923139252,108.61983059292477,13.951170901843549,82.56880733944955,3.3888888888888893,0.08858397572422112,48.26629680998613,29.022988505747126,50.495049504950494,34.812760055478506,49.237170596393895,65.34653465346535,47.524752475247524,351.48514851485146,51066,49682,2007,2180,1800,1739,61,66,48,53057,51834,1223,140,5,299,9,49374,1300,47,380,280,51113,721,50431,635,NA,NA,47,348,251,101,247,51,200,355,56,10,42,6,14
South Dakota,2018,1.2373174956693886,984.2448238884765,20.20951909593335,12.208199290604636,4.784294316588303,3.6294646539635402,0.08248783304462591,0.08248783304462591,96.38257274606455,3.617427253935443,94.86404833836858,98.11431444854173,1.8856855514582636,95.15796420028046,4.347108801451785,102.65654648956357,8.918406072106261,66.91312384473198,5.248618784530387,2.0671012879631103,23.6734693877551,25.862068965517242,80,17.959183673469386,60.40816326530612,6.666666666666667,6.666666666666667,986.6666666666667,11932,11536,527,541,362,343,19,1,1,12578,12123,455,55,5,0,1,11535,288,13,179,47,11878,245,11707,225,NA,NA,260,58,44,15,43,12,32,148,1,0,1,0,8
Tennessee,2018,1.424368374352029,980.4557978797926,26.876196702937467,7.7873254564983885,16.60206416662775,12.457385700275534,0.8172605426610003,0.6071078316910288,99.0391175144248,0.9608824855751997,97.10347698391591,97.48505560980256,2.5149443901974324,NA,NA,NA,NA,NA,NA,0.12950522067920864,61.772371850564724,8.579465541490858,64.75409836065575,46.35099913119027,28.974804517810597,57.377049180327866,42.62295081967213,546.7213114754098,83978,NA,NA,NA,NA,NA,NA,70,52,86483,85652,831,NA,NA,NA,NA,NA,NA,NA,NA,NA,83350,2302,81866,2112,NA,NA,112,1422,1067,122,1300,79,988,667,66,4,50,2,17
Texas,2018,1.2103639429891686,985.134041082442,11.912670896664507,5.640295974329526,5.086218258205595,3.5369524111794592,0.5971128785413231,0.44111041477827473,98.71098437782096,1.2890156221790339,97.24355093934857,98.89969475402853,1.100305245971463,96.46277861905543,3.433399051612608,90.0665883274579,13.019976498237368,86.88353483517439,12.603864250675741,0.5676447786238463,42.69586814179273,23.79693283976732,65.11111111111111,29.690675095958458,47.347030932490405,49.333333333333336,36.44444444444444,466,366262,358638,12765,11497,9989,8730,1259,222,164,376644,371789,4855,373,13,8,0,358630,8349,1246,1508,1662,367360,4429,362232,4030,NA,NA,2138,1891,1315,450,1441,293,1022,2097,218,4,162,2,171
Utah,2018,1.8212648370281983,982.49911030166,11.702149929870837,0.9001653792208336,10.027423642948355,8.394565513198936,1.3397810295379848,1.1304402436726748,99.05854053045228,0.9414594695477263,97.3249279389503,99.08380031108176,0.9161996889182452,95.47614561745064,4.036090351483179,110.3734439834025,3.7344398340248963,96.99248120300751,20.49418604651163,0.010368496360657778,85.68872987477639,18.16283924843424,91.95402298850574,71.73524150268337,7.6923076923076925,73.5632183908046,62.06896551724138,49.42528735632184,46933,45608,1928,2128,2064,1641,423,64,54,48223,47769,454,76,157,38,1,45569,1527,265,64,72,47210,559,46503,430,NA,NA,5,479,401,87,392,80,321,43,64,0,54,0,4
Vermont,2018,1.8986140117714068,977.026770457566,4.366812227074235,0,4.366812227074235,3.417505221188532,1.8986140117714068,1.8986140117714068,98.8736624741881,1.1263375258119017,96.60221513046743,99.78624174115818,0.2137582588418189,93.33586481868235,4.556673628251376,143.33333333333334,2.9166666666666665,100,4.651162790697675,0.1314060446780552,100,43.47826086956522,100,78.26086956521739,0,100,100,0,5146,4916,240,344,344,328,16,10,10,5327,5267,60,109,2,0,0,4916,219,14,0,7,5244,23,5135,11,NA,NA,7,23,18,10,13,10,8,0,10,0,10,0,0
Virgin Islands,2018,NA,NA,NA,NA,NA,NA,NA,NA,NA,NA,NA,NA,NA,NA,NA,NA,NA,NA,NA,NA,NA,NA,NA,NA,NA,NA,NA,NA,NA,NA,NA,NA,NA,NA,NA,NA,NA,NA,NA,NA,NA,NA,NA,NA,NA,NA,NA,NA,NA,NA,NA,NA,NA,NA,NA,NA,NA,NA,NA,NA,NA,NA,NA,NA,NA,NA,NA,NA
Virginia,2018,1.491508686752317,969.8509519939928,15.30596500612033,3.19902897641359,9.555941862020017,8.71246798399457,0.6891798759476223,0.19543906929857946,98.0840631179628,1.915936882037209,95.12692199039509,98.70606452707719,1.2939354729228092,95.87520701111946,3.877922585556024,108.38196286472149,15.862068965517242,87.51835535976505,10.626398210290827,0.04943702328584689,62.43279569892473,15.608180839612487,80,56.92204301075269,20.900537634408604,46.206896551724135,13.10344827586207,214.48275862068965,94286,93207,3770,4086,3576,3196,380,67,19,99116,97217,1899,70,170,664,10,92533,2462,200,510,598,95729,1488,93066,1220,NA,NA,49,929,847,145,784,116,731,311,67,0,19,0,46
Washington,2018,2.0872318986612926,967.9477952113622,12.343457607600403,3.1188522623674486,7.5212321865553475,4.162468211698095,1.6194040593061754,1.1755673912000384,99.5379159651825,0.4620840348174947,96.34750629843226,98.98379021464334,1.0162097853566647,93.29686675303488,4.979367592725876,128.4268850879306,6.1912792098289575,94.7664603263928,9.758511480601742,0.07164093563061934,60.932944606414,27.751196172248804,63.793103448275865,33.7220602526725,25.267249757045672,77.58620689655173,56.32183908045977,149.42528735632183,80692,77776,4151,5331,5052,4559,493,135,98,83751,83364,387,1313,124,0,0,77776,3246,369,279,257,82335,1029,79872,820,NA,NA,60,627,347,174,453,111,236,260,135,0,98,0,12
West Virginia,2018,0.767585942211744,964.636219090959,26.865507977411042,12.665168046493777,13.48758155600636,11.897582104282034,0.49344810570754977,0.4386205384067109,98.14356435643565,1.8564356435643563,94.67283684890229,97.34568602932818,2.65431397067182,NA,NA,NA,NA,NA,NA,0.8824795523030563,50.204081632653065,5.691056910569105,42.857142857142854,44.285714285714285,47.14285714285714,64.28571428571429,57.14285714285714,1650,17594,NA,NA,NA,NA,NA,NA,9,8,18584,18239,345,NA,NA,NA,NA,NA,NA,NA,NA,NA,17749,490,17127,467,NA,NA,164,246,217,14,232,6,211,231,9,0,8,0,0
Wisconsin,2018,1.9399875968006106,926.8847297533671,10.463211792580342,2.0671998982301587,6.948971965589072,4.675052077535898,1.0813045621511599,0.7155691955412089,98.43011425888245,1.5698857411175458,91.23336985443731,99.77354217776939,0.22645782223060956,NA,NA,NA,NA,NA,NA,0.12051964313664111,66.41337386018236,27.91762013729977,54.91803278688525,44.680851063829785,19.756838905775076,55.73770491803278,36.885245901639344,106.55737704918033,58289,NA,NA,NA,NA,NA,NA,68,45,63890,62887,1003,NA,NA,NA,NA,NA,NA,NA,NA,NA,62229,658,58157,132,NA,NA,77,437,294,122,315,67,227,130,68,0,45,0,16
Wyoming,2018,2.8808676495509236,993.0520250804948,6.100660904931368,0,5.422809693272327,4.575495678698526,2.3724792408066433,2.0335536349771224,98.53063950576056,1.469360494239439,97.84605109367173,99.45392491467577,0.5460750853242321,97.55973563802746,2.457210642264023,93.10344827586206,7.586206896551724,98.51851851851852,17.293233082706767,0.01669727834362999,88.88888888888889,53.125,88.23529411764706,75,0,82.35294117647058,70.58823529411765,0,5860,5757,145,135,133,110,23,14,12,5989,5901,88,0,0,0,1,5756,110,22,2,11,5865,36,5828,32,NA,NA,1,32,27,17,15,15,12,0,10,4,9,3,0
US,2018,1.7469829777802885,970.0910647470133,16.366557878589028,4.231925027486734,10.49330540478291,8.093648282785264,1.1641121024201364,0.815638974234174,98.31663246381997,1.6833675361800249,95.3760866691679,98.6923160056198,1.307683994380201,68.80350678585552,3.3698410766977673,116.28596759893608,7.382122995083421,86.94654689622668,8.894079382667826,0.5247789276639835,64.11430847356368,16.648547911166332,64.30348258706468,49.45235487404162,25.857147598659097,66.63557213930348,46.6884328358209,242.24191542288557,3571658,2533191,124070,144276,125443,114286,11157,4286,3003,3744815,3681776,63039,20246,1294,7451,374,2525366,86589,9489,18833,9159,3621518,60258,3524952,46706,NA,NA,19652,38634,29799,6432,32202,4136,25663,15581,4170,116,2944,59,1141
State/Territory average,2018,1.8624573810414295,960.190188822423,18.82288766535246,5.447249226629602,10.264021279017056,7.849522408532802,1.1885166922706372,0.8610219998345574,97.8382354582168,2.1617645417831968,93.94447512705344,98.36791963979476,3.357833336341988,92.88323645743795,6.413776376271979,111.32894316621139,10.911183071589049,83.65628929488562,11.517908751447521,0.592300327718327,56.74751382538567,28.59601330971282,66.32278553940094,42.40423392364134,28.565713878036032,63.02596517703071,44.76376746292296,Inf,62660.666666666664,64953.61538461538,3181.2820512820513,3699.3846153846152,3216.4871794871797,2930.4102564102564,286.0769230769231,75.19298245614036,52.68421052631579,65698.50877192983,64592.56140350877,1105.9473684210527,519.1282051282051,33.17948717948718,191.05128205128204,9.58974358974359,64752.97435897436,2220.230769230769,243.30769230769232,482.8974358974359,234.84615384615384,63535.40350877193,1057.157894736842,62945.57142857143,819.4035087719299,NA,NA,344.7719298245614,677.7894736842105,522.7894736842105,112.84210526315789,564.9473684210526,72.56140350877193,450.2280701754386,273.35087719298247,73.15789473684211,2.0350877192982457,51.64912280701754,1.0350877192982457,20.017543859649123
State/Territory median,2018,1.7812611328820804,980.0632722497463,15.003441156228494,3.6261914629092415,7.5212321865553475,5.293607173850159,1.1311032445906035,0.7155691955412089,98.53063950576056,1.469360494239439,96.16740486305704,98.66457603151014,1.3477528395195912,95.32659113375409,4.062512048734722,104.63167181296869,6.110283159463488,87.55162241887906,10.896646282405081,0.09924473077764133,62.118746427954335,24.637681159420293,66.66666666666666,44.23303540220702,20.986798497569602,64.40677966101694,42.62295081967213,219.36259143155695,36802,34660,1876,1695,1042,964,98,51,35,38047,37388,598,76,5,3,0,34568,932,89,179,72,36828,687,38136,543,NA,NA,49,387,268,71,296,48,200,148,48,0,32,0,10
State/Territory SD,2018,0.8888174837447491,126.34702191276186,10.892036023499156,5.578953579228312,8.158759722343829,7.015281846664089,0.6768568298486783,0.5909445870901097,2.4454536432796066,2.4454536432796052,12.647090381858975,1.0711860586556998,13.072324952151897,8.465113144206015,8.399791026195588,37.32824738132959,17.00349068650969,21.53718503168462,6.6780432379614005,1.2996872895951155,24.598041804700586,21.710044136831428,15.934041940996035,21.744449930494714,22.026283169962753,18.97274635553325,17.75956314348994,NA,81576.292627632,92046.59443015957,5174.851296865386,6247.388694972714,6088.594868024688,5719.97909785447,427.86756341403395,114.54918447619085,90.4262046988626,84291.61209140961,83195.98584388757,1655.103788513542,1985.9633242424613,66.70945320641232,682.9897105150017,30.531017833222062,92085.22774853373,4609.4722866217135,404.1781885470392,885.7646947507767,350.5433780846935,82218.13302187134,1414.6559373404657,81223.63532547478,919.2233884342867,NA,NA,930.4251143878852,1094.73600432841,926.5408736809746,150.27531750966816,1027.7095966456643,97.8803966846163,893.4432194274308,389.1158242563733,114.84504925483668,5.806292498785575,90.65702463288888,2.8596010728315497,30.13866241940869
Alabama,2019,NA,NA,NA,NA,NA,NA,NA,NA,NA,NA,NA,NA,NA,NA,NA,NA,NA,NA,NA,NA,NA,NA,NA,NA,NA,NA,NA,NA,NA,NA,NA,NA,NA,NA,NA,NA,NA,NA,NA,NA,NA,NA,NA,NA,NA,NA,NA,NA,NA,NA,NA,NA,NA,NA,NA,NA,NA,NA,NA,NA,NA,NA,NA,NA,NA,NA,NA,NA
Alaska,2019,1.7108639863130881,984.4952951240376,14.970059880239521,3.3147989734816083,9.302822925577418,6.629597946963217,0.8554319931565441,0.6415739948674081,96.29324546952223,3.706754530477759,94.80024711696869,98.6857825567503,1.3142174432497014,96.27887082976903,3.2292557741659538,86.75496688741721,28.47682119205298,96.94656488549617,18.11023622047244,1.0605436573311369,62.142857142857146,18.39080459770115,75,44.285714285714285,22.142857142857142,50,37.5,193.75,9207,9004,302,262,254,208,46,8,6,9712,9352,360,46,0,0,0,9004,162,46,8,86,9212,140,9086,121,NA,NA,103,87,62,16,71,12,50,31,8,0,6,0,1
American Samoa,2019,1.203369434416366,989.1696750902527,16.84717208182912,6.016847172081829,4.813477737665464,4.813477737665464,0,0,99.2831541218638,0.7168458781362007,98.2078853046595,98.41849148418491,1.5815085158150852,97.47292418772562,2.527075812274368,123.80952380952381,4.761904761904762,80.76923076923077,38.095238095238095,0.23894862604540024,28.57142857142857,25,100,28.57142857142857,35.714285714285715,0,0,500,822,810,21,26,21,13,8,0,0,837,831,6,0,0,6,0,804,7,8,5,1,817,14,809,13,NA,NA,2,4,4,1,3,1,3,5,0,0,0,0,0
Arizona,2019,2.3380345425748548,979.0205395077556,10.772557005304574,3.3185006410739875,6.058777685597205,4.022425019483621,1.2821479749604043,0.9427558639414737,98.88380649331279,1.1161935066872173,96.8092775816636,99.1192142261026,0.8807857738974129,95.01847801493325,4.546597279835081,107.74122200718827,5.225324854852087,93.63613035668463,11.510002740476843,0.08576542534679063,56.24270711785297,38.589211618257266,66.66666666666666,37.33955659276546,30.80513418903151,54.83870967741935,40.32258064516129,141.93548387096774,77885,75591,3617,3897,3649,3229,420,102,75,80452,79554,898,296,50,122,1,75468,2811,369,248,189,78697,857,77199,686,NA,NA,69,482,320,186,296,124,196,264,102,0,75,0,60
Arkansas,2019,1.7962163571573428,960.772952458209,21.438711359619898,13.616478836515341,4.229799808789871,2.2018135990960976,0.9270794101457253,0.66633832604224,98.96780112968432,1.0321988703156808,95.08558648966368,98.17869312185266,1.821306878147333,NA,NA,NA,NA,NA,NA,0.20357255497892593,19.72972972972973,42.465753424657535,48.38709677419355,10.27027027027027,63.51351351351351,51.61290322580645,37.096774193548384,758.0645161290323,33163,NA,NA,NA,NA,NA,NA,32,23,34877,34517,360,NA,NA,NA,NA,NA,NA,NA,NA,NA,33777,740,32559,604,NA,NA,71,146,76,62,84,30,46,470,11,21,5,18,10
California,2019,2.0873588181214684,982.6600935775505,6.157138196841359,0.7071926050466176,4.484969875876292,2.7010194979845012,1.644793123350359,1.282071754955481,99.52886737446303,0.47113262553697766,97.80304612785746,99.57051853502712,0.42948146497288464,96.95542177195091,3.0245030831316315,98.2802836023533,2.3834665862120983,96.62317728319263,15.432883240667197,0.006584504164131254,72.84179325676176,46.541200406917596,68.52459016393443,43.86809929603557,11.48573545757688,78.79781420765028,61.420765027322396,33.87978142076503,430752,425007,13258,13030,12590,10647,1943,721,562,440428,438353,2075,86,2,0,0,425007,10561,1941,440,316,435654,2699,428902,1850,NA,NA,29,1966,1184,915,1051,627,557,310,721,0,562,0,2
Colorado,2019,NA,NA,NA,NA,NA,NA,NA,NA,NA,NA,NA,NA,NA,NA,NA,NA,NA,NA,NA,NA,NA,NA,NA,NA,NA,NA,NA,NA,NA,NA,NA,NA,NA,NA,NA,NA,NA,NA,NA,NA,NA,NA,NA,NA,NA,NA,NA,NA,NA,NA,NA,NA,NA,NA,NA,NA,NA,NA,NA,NA,NA,NA,NA,NA,NA,NA,NA,NA
Commonwealth of the Northern Mariana Islands,2019,11.07419712070875,990.0332225913621,37.652270210409746,2.2148394241417497,14.396456256921374,12.181616832779625,8.859357696566999,7.751937984496124,99.33993399339934,0.6600660066006601,98.34983498349835,96.19686800894854,3.803131991051454,72.20376522702104,27.57475083056478,100.40160642570282,0.4016064257028112,91.60000000000001,5.240174672489083,0.11001100110011,38.23529411764706,76.92307692307693,80,32.35294117647059,5.88235294117647,80,70,20,894,652,249,250,229,217,12,8,7,909,903,6,2,0,0,0,652,215,12,21,1,869,34,860,34,NA,NA,1,13,11,10,3,8,3,2,8,0,7,0,0
Connecticut,2019,2.6317278849963213,987.0677457694267,13.045446827777463,0.8772426283321071,11.177768973909105,9.140302224234535,1.6978889580621428,1.1319259720414285,99.36452592509279,0.6354740749072095,98.0795186143291,98.75003583612855,1.2499641638714487,NA,NA,NA,NA,NA,NA,0.025306489708694185,85.68329718004338,23.544303797468356,75.26881720430107,70.06507592190889,6.724511930585683,64.51612903225806,43.01075268817204,33.33333333333333,34881,NA,NA,NA,NA,NA,NA,60,40,35564,35338,226,NA,NA,NA,NA,NA,NA,NA,NA,NA,34877,461,34445,436,NA,NA,9,395,323,93,302,70,253,31,60,0,40,0,12
Delaware,2019,1.48574612313121,973.3494289163339,9.657349800352865,6.964434952177546,2.042900919305414,0.8357321942613055,0.5571547961742037,0.27857739808710186,97.31610337972168,2.68389662027833,94.72257364901499,99.11276473955351,0.8872352604464796,96.44349521775467,2.4050515368186463,132.04633204633205,16.216216216216218,89.18128654970761,8.19672131147541,2.0694017711910355,21.153846153846153,72.72727272727273,43.75,8.653846153846153,72.11538461538461,37.5,18.75,468.75,10482,10386,259,342,305,280,25,6,3,11066,10769,297,122,2,1,0,10385,157,23,37,42,10665,104,10389,93,NA,NA,229,22,9,16,6,7,2,75,6,0,3,0,6
District of Columbia,2019,0.6090133982947624,983.6327649208283,27.557856272838002,25.197929354445797,1.9792935444579778,1.522533495736906,0.1522533495736906,0,98.02253563166929,1.9774643683307214,96.41817774792926,97.3221886850863,2.6778113149137064,94.89951278928136,4.811205846528624,100.9493670886076,5.69620253164557,52.507836990595614,6.865671641791045,0.9476904708603835,7.18232044198895,30.76923076923077,75,5.524861878453039,91.4364640883978,25,0,4137.5,12921,12466,632,638,335,312,23,2,0,13401,13136,265,37,1,4,0,12462,271,22,303,36,12774,362,12575,346,NA,NA,127,26,20,8,18,6,14,331,2,0,0,0,4
Florida,2019,1.2284659949140553,951.439743025946,45.185560505535264,4.641402650044932,38.359687195273516,36.68667903099367,0.7552436855891856,0.46366226267184185,95.08840507249671,4.9115949275032955,90.47088768692332,98.9037654801678,1.0962345198321988,95.48144394944647,4.518556050553527,100,0,0,NA,3.231216762874415,84.89368454458902,3.202492211838006,62.64591439688716,81.19115624669418,10.271871363588279,61.478599221789885,37.7431906614786,377.82101167315176,199045,199751,9453,9453,0,0,0,158,97,220010,209204,10806,0,0,0,0,199751,0,0,9453,0,199751,9453,196863,2182,NA,NA,7109,8025,7675,257,7768,161,7514,971,158,0,97,0,64
Georgia,2019,1.3255203071327541,974.9282683370378,20.38391594261467,10.450596080016165,5.617296423519903,3.855324307940998,0.7516670034350373,0.47686401293190545,97.17487943953127,2.825120560468733,94.73853693784264,98.29883189773095,1.701168102269053,NA,NA,NA,NA,NA,NA,1.6360094877554545,27.557494052339415,23.597122302158276,57.3170731707317,18.913560666137986,51.268834258524976,56.70731707317073,35.97560975609756,788.4146341463414,120623,NA,NA,NA,NA,NA,NA,93,59,127322,123725,3597,NA,NA,NA,NA,NA,NA,NA,NA,NA,121203,2522,118571,2052,NA,NA,2083,695,477,164,531,94,383,1293,85,8,56,3,13
Guam,2019,1.0748835542816195,970.6198495163025,39.412396990326044,5.374417771408098,2.866356144750985,1.0748835542816195,0.35829451809387314,0.35829451809387314,99.89262705798139,0.10737294201861132,96.957766642806,96.41934293097084,3.580657069029162,91.18595485489071,8.670727337871732,102.89256198347107,1.2396694214876034,61.044176706827315,6.578947368421052,0.03579098067287043,7.2727272727272725,37.5,33.33333333333333,2.727272727272727,13.636363636363635,33.33333333333333,33.33333333333333,500,2709,2545,242,249,152,142,10,1,1,2794,2791,3,4,0,6,0,2539,132,10,97,3,2681,110,2612,97,NA,NA,1,8,3,3,5,1,2,15,1,0,1,0,0
Hawaii,2019,3.8603052053803006,980.9397430484348,15.079317208516798,3.076180710537427,11.038060196634296,8.80632124977381,1.6285662585198142,0.9650763013450752,99.22791477136701,0.7720852286329902,97.33660521905674,98.76406567054049,1.2359343294595093,94.12509801556186,4.765064237891308,114.43037974683546,13.164556962025317,95.9070796460177,12.572087658592848,0.035910940866650705,73.2,34.97267759562842,81.25,58.4,20.4,42.1875,25,79.6875,16263,15605,790,904,867,758,109,27,16,16708,16579,129,176,7,34,1,15570,548,101,37,104,16329,250,16062,201,NA,NA,6,183,146,64,119,52,94,51,27,0,16,0,24
Idaho,2019,2.3314459723081318,983.8226197839845,36.684588666317744,7.7080458676309656,27.26364371699101,23.88542608364657,1.4274159014131418,1.1419327211305135,97.79442557349589,2.2055744265041177,96.2123679679866,96.56139672099434,3.4386032790056587,94.18565922824381,3.9967645239567964,75.59523809523809,73.69047619047619,97.00787401574803,21.59090909090909,1.8100600251267973,74.31906614785993,8.55148342059337,71.42857142857143,65.11024643320363,21.011673151750973,61.224489795918366,48.97959183673469,330.6122448979592,20677,19795,840,635,616,483,133,30,24,21491,21017,474,286,96,29,3,19763,168,34,19,619,20246,771,19966,711,NA,NA,389,573,502,49,524,35,467,162,30,0,24,0,6
Illinois,2019,2.2923945572214115,975.6902982324237,14.94110536169711,3.626553447437088,10.466881901139564,7.850161425854672,1.3120457594386212,1.1425117568145298,98.45780929088257,1.5421907091174314,96.06432931033233,98.8327994681494,1.1672005318505982,96.15231524479235,3.290433859625846,108.84856630824373,21.975806451612904,90.20374562667214,13.00479123887748,0.7104963314004543,70.05426739023187,21.901408450704228,62.70096463022507,52.5407005426739,24.272323630981745,57.234726688102896,49.839228295819936,158.19935691318327,132368,130446,4464,4859,4383,3813,570,178,155,137791,135666,2125,560,196,613,7,129826,2640,367,476,981,133639,2027,130823,1545,NA,NA,979,1420,1065,311,1109,195,870,492,178,0,155,0,49
Indiana,2019,2.1886088735786995,980.9500375560103,46.47880027972753,5.270791784298997,35.85951462094331,28.426014659794347,1.5799425004532621,1.100779610971535,98.21424028897763,1.78575971102236,96.34326270000764,95.4585660158158,4.541433984184192,NA,NA,NA,NA,NA,NA,0.07504260893897383,77.15241014210086,6.103286384976526,66.27218934911244,61.15909724157147,11.34020618556701,72.18934911242604,50.29585798816568,240.8284023668639,75747,NA,NA,NA,NA,NA,NA,122,85,78622,77218,1404,NA,NA,NA,NA,NA,NA,NA,NA,NA,73629,3589,72307,3440,NA,NA,59,2769,2195,169,2600,112,2083,407,121,1,84,1,25
Iowa,2019,1.5401242907322343,974.9256957579032,16.23885436368549,3.9989192110240475,9.646041610375574,6.835990272899217,0.9727100783572007,0.7025128343690894,98.47013436211255,1.529865637887455,96.00106425435679,98.81935591153483,1.1806440884651628,94.93109970278303,4.8068089705485,91.28724002248454,14.165261382799327,87.6231527093596,10.400562192550948,0.026606358919781827,59.40099833610649,15.966386554621847,59.64912280701754,42.09650582362729,24.625623960066555,63.1578947368421,45.614035087719294,259.64912280701753,36082,35134,1779,1624,1423,1275,148,36,26,37585,37010,575,91,6,0,0,35134,1184,142,201,252,36409,601,35656,426,NA,NA,10,357,253,57,300,34,219,148,36,0,26,0,9
Kansas,2019,1.8025399426464566,984.0229414174519,17.178751877645773,1.0651372388365423,14.474941963676088,11.989621739724157,1.4748054076198278,1.3109381401065137,99.01297998918335,0.9870200108166577,97.4310438074635,98.42631140716071,1.5736885928393007,NA,NA,NA,NA,NA,NA,0.4299621416982153,84.26073131955485,12.452830188679245,66.66666666666666,69.79332273449921,6.200317965023848,81.81818181818183,72.72727272727273,59.09090909090909,36030,NA,NA,NA,NA,NA,NA,54,48,36980,36615,365,NA,NA,NA,NA,NA,NA,NA,NA,NA,35986,629,35463,567,NA,NA,159,530,439,66,464,44,395,39,54,0,48,0,4
Kentucky,2019,1.1860488491305659,984.1592119811037,20.946828827017793,3.0555834757262037,14.493918986832847,11.860488491305658,0.02010252286661976,0.02010252286661976,98.2694928982043,1.7305071017956974,96.71282669247941,97.94922074473517,2.0507792552648243,NA,NA,NA,NA,NA,NA,0.22322751427273266,69.19385796545106,8.183079056865465,67.79661016949152,56.62188099808061,14.587332053742802,1.694915254237288,1.694915254237288,257.62711864406776,48957,NA,NA,NA,NA,NA,NA,1,1,50621,49745,876,NA,NA,NA,NA,NA,NA,NA,NA,NA,48703,1042,47953,1004,NA,NA,113,721,590,59,662,40,550,152,1,0,1,0,58
Louisiana,2019,1.7853770750716724,969.116410018712,9.613568865770546,2.5063947400044633,3.330414928499082,1.4935365916464953,1.0643594101388818,0.8068531012343135,99.01412520609883,0.9858747939011746,95.95621356087777,99.2560051016793,0.7439948983206972,95.9863349985408,3.7716090710889083,105.37096040054621,3.3682294037323626,81.20950323974083,2.7127659574468086,0.11898488891910726,34.64285714285714,53.608247422680414,53.84615384615385,15.535714285714286,26.071428571428573,59.61538461538461,45.19230769230769,140.3846153846154,56452,55913,2197,2315,1880,1829,51,62,47,58831,58251,580,135,6,49,2,55862,1645,43,435,74,57691,560,56032,420,NA,NA,70,194,87,104,90,56,31,146,53,9,42,5,9
Maine,2019,1.4231077114649116,985.0573690296184,20.27928488837499,3.9135462065285065,15.387352130214355,11.295917459752735,0.8894423196655696,0.7115538557324558,97.66330785267547,2.336692147324531,96.20396108408617,98.09480812641084,1.9051918735891646,NA,NA,NA,NA,NA,NA,0.052119527449617786,75.87719298245614,9.248554913294797,37.5,55.70175438596491,19.298245614035086,62.5,50,275,11075,NA,NA,NA,NA,NA,NA,10,8,11512,11243,269,NA,NA,NA,NA,NA,NA,NA,NA,NA,11015,228,10864,211,NA,NA,6,173,127,16,157,6,121,44,10,0,8,0,5
Marshall Islands,2019,7.625272331154684,964.0522875816994,29.41176470588235,8.71459694989107,13.071895424836601,10.893246187363834,3.2679738562091503,1.0893246187363836,93.96110542476971,6.038894575230297,90.58341862845445,98.41807909604519,1.5819209039548021,88.45315904139433,10.239651416122005,122.34042553191489,4.25531914893617,96.52173913043478,17.117117117117118,0,44.44444444444444,58.333333333333336,85.71428571428571,37.03703703703704,29.629629629629626,42.857142857142854,14.285714285714285,114.28571428571428,885,812,94,115,111,92,19,3,1,977,918,59,7,5,12,1,799,73,13,4,4,891,27,871,14,NA,NA,0,12,10,7,5,6,4,8,0,3,0,1,0
Maryland,2019,1.329606406285412,981.2193095112186,16.37833345924303,4.4420941300899,10.742615396237818,8.053184256251418,0.9216589861751152,0.74034902168165,99.07489184617458,0.9251081538254271,97.21419696720207,98.7219364971821,1.278063502817899,96.04593185767168,3.219762786129788,85.64054434537776,37.16564992961051,89.36986301369862,6.008583690987124,0.043411224046824244,65.59040590405904,12.376933895921239,71.5909090909091,49.169741697416974,27.121771217712176,69.31818181818183,55.68181818181818,334.09090909090907,64942,63568,2131,1825,1631,1533,98,61,49,66803,66185,618,479,7,0,0,63568,1054,91,194,792,65101,1084,64112,830,NA,NA,29,711,533,88,623,63,470,294,61,0,49,0,15
Massachusetts,2019,2.0042102834731956,986.8356547567552,21.354211725351096,0.7497765089252242,18.470455921792542,15.932750814661015,1.5716469129394124,1.2832713325835567,99.18482924317831,0.815170756821692,97.87912590812883,97.9734369749127,2.0265630250873015,97.60359892724284,2.2623064278916862,105.92734225621415,0,11.492178098676293,5.2356020942408374,0.022881986156398377,86.49561107359892,10.850897736143637,71.94244604316546,74.61174881836597,3.5111411208642807,78.41726618705036,64.02877697841727,37.410071942446045,68441,67692,1569,1662,191,181,10,109,89,69924,69354,570,93,0,0,0,67692,88,10,1471,0,67873,1481,67054,1387,NA,NA,16,1281,1105,139,1142,100,1005,52,109,0,89,0,12
Michigan,2019,1.6463803424090446,966.7583437223423,10.944146784800008,5.062857469142265,4.882041130958612,2.9406446578288716,0.9231149896744354,0.6376155083318266,99.21068781570128,0.7893121842987301,95.91276023226172,99.1504734904416,0.8495265095584037,NA,NA,NA,NA,NA,NA,0.03682197988953406,44.608695652173914,33.72319688109162,64.73988439306359,26.869565217391305,46.26086956521739,56.06936416184971,38.72832369942196,307.514450867052,101586,NA,NA,NA,NA,NA,NA,97,67,105915,105079,836,NA,NA,NA,NA,NA,NA,NA,NA,NA,103929,1150,100723,863,NA,NA,39,513,309,173,340,112,197,532,97,0,67,0,67
Micronesia,2019,0,972.2222222222222,38.51010101010101,13.888888888888888,1.893939393939394,0.6313131313131314,0,0,88.88888888888889,11.11111111111111,86.41975308641975,96.42857142857143,3.571428571428571,88.57323232323232,10.037878787878787,113.83647798742138,0,77.90055248618785,14.893617021276595,0,4.918032786885246,0,NA,1.639344262295082,36.0655737704918,NA,NA,Inf,1540,1403,159,181,141,120,21,0,0,1782,1584,198,16,6,0,0,1403,104,15,40,0,1523,61,1485,55,NA,NA,0,3,1,0,3,0,1,22,0,0,0,0,0
Minnesota,2019,2.825034148764436,970.1819197814478,14.839190363839563,3.78740841922265,9.266732894573451,6.6279647336396375,1.8471377126536694,1.288339749161803,98.73409961685824,1.2659003831417623,95.79003831417624,98.87685391101228,1.1231460889877285,94.38097603377624,5.477772258785546,93.8509492774157,8.727684896571267,90.97222222222221,11.583139727846001,0.013793103448275862,62.44769874476987,30.485762144053602,77.47252747252747,44.6652719665272,25.523012552301257,65.38461538461539,45.604395604395606,134.06593406593404,62503,60804,3529,3312,3013,2664,349,119,83,65250,64424,826,87,4,0,0,60804,2577,345,299,308,63468,956,61801,702,NA,NA,9,597,427,182,415,141,286,244,119,0,83,0,55
Mississippi,2019,NA,NA,NA,NA,NA,NA,NA,NA,NA,NA,NA,NA,NA,NA,NA,NA,NA,NA,NA,NA,NA,NA,NA,NA,NA,NA,NA,NA,NA,NA,NA,NA,NA,NA,NA,NA,NA,NA,NA,NA,NA,NA,NA,NA,NA,NA,NA,NA,NA,NA,NA,NA,NA,NA,NA,NA,NA,NA,NA,NA,NA,NA,NA,NA,NA,NA,NA,NA
Missouri,2019,1.2737961926091825,980.025195968645,16.559350503919372,4.297312430011198,11.50615901455767,8.678611422172452,0.8958566629339306,0.6298992161254199,98.05509422567495,1.9449057743250477,96.09646293424105,98.43314812963307,1.566851870366932,96.52575587905935,3.4742441209406496,72.68331990330378,27.84045124899275,78.76940133037694,7.670654468684026,0.3294124106125698,69.48436179205409,11.070559610705596,51.64835164835166,52.40912933220625,25.95097210481826,70.32967032967034,49.45054945054945,337.3626373626374,70013,68958,2482,1804,1421,1312,109,64,45,72857,71440,1417,0,0,0,13,68945,1312,96,383,691,70257,1183,68916,1097,NA,NA,240,822,620,91,731,47,573,307,64,0,45,0,8
Montana,2019,1.1108025548458762,974.4515412385448,17.957974636674997,13.792465056002962,3.795242062390077,2.406738868832732,0.8331019161344071,0.5554012774229381,97.1056179775281,2.89438202247191,94.6247191011236,98.3661062030968,1.6338937969032012,92.59464963436082,6.387114690363788,117.53623188405797,3.1884057971014492,86.68310727496917,9.103840682788052,0.350561797752809,21.1340206185567,29.268292682926827,50,13.402061855670103,76.80412371134021,75,50,1241.6666666666665,10527,10003,690,811,703,639,64,9,6,11125,10803,322,98,12,31,2,9970,510,50,108,22,10609,194,10355,172,NA,NA,39,41,26,12,29,6,20,149,9,0,6,0,0
Nebraska,2019,2.037554934079105,970.7950459448662,7.351178585697164,0.9188973232121455,4.674390731122653,2.5968837395125846,1.1186576108669595,0.998801438274071,99.38455429819338,0.6154457018066309,96.48203295612467,99.37445985431499,0.6255401456850076,95.33359968038354,4.250898921294446,111.09022556390977,0.18796992481203006,88.74788494077835,4.671115347950429,0,63.58695652173913,43.58974358974359,52.94117647058824,35.32608695652174,12.5,54.90196078431373,49.01960784313725,45.09803921568628,24299,23862,1064,1182,1049,1000,49,28,25,25185,25030,155,103,1,16,0,23846,881,48,133,2,24846,184,24147,152,NA,NA,0,117,65,51,66,27,38,23,28,0,25,0,3
Nevada,2019,1.599052413384661,979.8933965057744,15.694403316553155,7.758365413088541,7.077287533313592,6.040864672786497,1.0660349422564406,0.9475866153390583,97.22182236936807,2.7781776306319275,95.26702173600115,98.5464325647457,1.4535674352542989,95.2265324252295,4.770506366597572,106.89013035381751,6.021104903786468,86.7595818815331,13.721552878179386,0.9702029653087663,45.09433962264151,22.594142259414227,74.07407407407408,38.49056603773585,49.43396226415094,66.66666666666666,59.25925925925925,485.1851851851852,33091,32158,1611,1722,1494,1289,205,36,32,34735,33770,965,1,0,204,3,31951,1084,202,228,97,33240,530,32610,481,NA,NA,337,239,204,54,185,40,164,262,36,0,32,0,9
New Hampshire,2019,1.829108962633917,985.628429579305,32.227157913073775,11.061754202595592,18.552390906715445,10.190749934674681,1.219405975089278,0.7839038411288215,98.3636052090473,1.6363947909527072,96.94996572995203,96.8893601979498,3.1106398020501946,NA,NA,NA,NA,NA,NA,0.5911583276216587,57.567567567567565,9.859154929577464,42.857142857142854,31.62162162162162,34.32432432432432,66.66666666666666,42.857142857142854,604.7619047619047,11316,NA,NA,NA,NA,NA,NA,14,9,11672,11481,191,NA,NA,NA,NA,NA,NA,NA,NA,NA,11111,370,10964,352,NA,NA,69,213,117,21,192,9,108,127,14,0,9,0,4
New Jersey,2019,0.9426057813154587,976.6129032258063,8.452031839128612,4.105571847507331,3.8437369082530375,3.047758692919983,0.53414327607876,0.35609551738583994,98.91635414292523,1.0836458570747778,96.60298779603423,99.28684032730276,0.713159672697245,NA,NA,NA,NA,NA,NA,0.047655553944015085,45.47707558859975,24.52316076294278,72.22222222222221,36.059479553903344,48.57496902106567,56.666666666666664,37.77777777777778,435.55555555555554,93247,NA,NA,NA,NA,NA,NA,51,34,96526,95480,1046,NA,NA,NA,NA,NA,NA,NA,NA,NA,94673,807,92582,665,NA,NA,46,367,291,90,277,65,226,392,51,0,34,0,39
New Mexico,2019,1.4939759036144578,969.9759036144578,25.686746987951807,5.63855421686747,15.325301204819278,8.433734939759036,0.9156626506024097,0.5783132530120482,96.23411557369447,3.7658844263055373,93.34477321213245,97.5704277835743,2.4295722164256968,NA,NA,NA,NA,NA,NA,0.0881179853445877,59.66228893058161,9.748427672955975,35.483870967741936,32.833020637898684,21.951219512195124,61.29032258064516,38.70967741935484,377.4193548387097,20127,NA,NA,NA,NA,NA,NA,19,12,21562,20750,812,NA,NA,NA,NA,NA,NA,NA,NA,NA,20217,533,19638,489,NA,NA,19,318,175,31,287,11,164,117,19,0,12,0,5
New York,2019,1.3270019465777685,980.3862639115578,11.82742501514262,7.689213369891389,3.749820831618711,2.2841078801721864,0.8785030308354563,0.5918336207733601,97.23504790335706,2.7649520966429435,95.32790533523358,98.97941377602754,1.0205862239724572,93.17957989060326,2.65770285328537,256.1586638830898,1.2178148921363952,88.55609888617224,6.1584477337219115,0.7359718019844713,31.704456606724,35.388409371146736,56.44599303135889,19.311962470680218,65.01172791243158,66.2020905923345,44.599303135888505,579.4425087108013,212035,201526,5748,14724,13039,12236,803,190,128,222427,216277,6150,8722,281,0,43,201483,3514,479,1685,70,213719,2558,209871,2164,NA,NA,1637,811,494,287,524,162,332,1663,189,1,128,0,43
North Carolina,2019,1.9547402450943536,979.7926638765674,9.314253731966687,2.4058341478084357,4.920264975899891,2.87363523210452,1.3783424805152493,0.8520662606821542,99.22992755184934,0.7700724481506657,97.22475505230524,99.25228067183903,0.7477193281609685,96.1222631548171,3.877736845182902,96.23007324429126,3.769926755708746,90.329079919409,12.589838909541513,0.04559094149438817,52.82511210762332,39.72835314091681,59.401709401709404,30.852017937219735,25.829596412556054,70.51282051282051,43.58974358974359,123.07692307692308,117290,115067,4642,4467,4035,3527,508,165,102,120638,119709,929,0,0,0,0,115067,3527,508,432,175,118594,1115,116413,877,NA,NA,55,589,344,234,355,139,205,288,165,0,102,0,28
North Dakota,2019,1.3489587724475172,983.3909451142399,26.136076216170643,13.320967877919232,8.346682404519012,4.55273585701037,1.0117190793356379,0.5901694629457886,99.31340534204136,0.6865946579586368,97.66390354182366,97.46227709190673,2.5377229080932784,89.05657195851951,10.429137509484866,99.59579628132579,5.335489086499596,86.76948051948052,7.5771749298409725,0.0334924223394457,31.93548387096774,16.161616161616163,56.25,17.419354838709676,50.967741935483865,75,43.75,987.5,11664,10563,1237,1232,1069,988,81,12,7,11943,11861,82,58,3,0,0,10563,930,78,163,66,11551,310,11368,296,NA,NA,4,99,54,16,83,9,45,158,12,0,7,0,0
Ohio,2019,1.9445831630877257,985.0410859399827,37.060577170442336,7.634569694768541,26.792875410481077,22.79777848398178,0.8625777454941663,0.5069535872641152,97.80214900985703,2.197850990142971,96.33913506793358,96.36901332718824,3.630986672811768,96.17514868116402,3.7809657844160953,101.4208525115069,0,3.571428571428571,6.077348066298343,0.008880206020779682,72.29481420988158,7.257836769274216,64.98054474708171,61.51490404246631,20.60024499795835,44.3579766536965,26.07003891050584,392.60700389105057,130185,127107,4997,5068,181,170,11,114,67,135132,132162,2970,58,0,13,0,127094,99,11,4887,0,127264,4898,125458,4727,NA,NA,12,3541,3013,257,3284,167,2846,1009,103,11,60,7,52
Oklahoma,2019,1.6564729867482162,1000,14.632178049609243,7.475365273530412,1.6564729867482162,1.210499490316004,0.891946992864424,0.5946313285762826,99.31453398856853,0.6854660114314639,99.31453398856853,98.53678219503908,1.4632178049609244,94.77573904179408,4.691216445803602,147.8497057492078,0,89.28352725045929,11.625514403292181,0.04218252378039778,11.320754716981133,100,73.07692307692307,8.272859216255442,51.088534107402026,53.84615384615385,35.8974358974359,451.28205128205127,47088,44628,2209,3266,2916,2577,339,42,28,47413,47088,325,237,14,661,145,43822,1679,180,350,0,46399,689,46399,689,NA,NA,20,78,57,78,0,57,0,352,16,26,13,15,30
Oregon,2019,2.25587367107442,975.6653627396867,31.9902085483213,2.3038709832249396,27.98243298375291,22.3187501499916,1.679905925268185,1.10393817946195,98.77213359565744,1.22786640434257,96.36854955317989,96.94256549009962,3.0574345099003812,NA,NA,NA,NA,NA,NA,0.06400075852750847,87.47186796699175,8.061749571183533,58.51063829787234,69.76744186046511,7.201800450112527,74.46808510638297,48.93617021276596,102.12765957446808,40655,NA,NA,NA,NA,NA,NA,70,46,42187,41669,518,NA,NA,NA,NA,NA,NA,NA,NA,NA,40336,1333,39412,1243,NA,NA,27,1166,930,94,1072,55,875,96,69,1,46,0,7
Palau,2019,0,942.5837320574163,9.569377990430622,0,0,0,0,0,98.12206572769952,1.8779342723004695,92.48826291079813,98.98477157360406,1.015228426395939,81.3397129186603,18.660287081339714,100,0,100,5.128205128205128,0,0,NA,NA,0,0,NA,NA,NA,197,170,39,39,39,37,2,0,0,213,209,4,0,0,0,0,170,37,2,0,0,207,2,195,2,NA,NA,0,0,0,0,0,0,0,0,0,0,0,0,0
Pennsylvania,2019,1.2325015216068167,975.2054169202679,7.684114424832623,1.4683505782105903,5.515824710894705,4.526780279975654,0.8597078514911747,0.67711503347535,98.03541327923385,1.964586720766144,95.60466607992602,99.38056342203603,0.6194365779639728,95.12781497261108,4.029975654290931,132.41457428733244,11.138380215216161,84.51668092386655,5.195681511470985,0.2714918627026866,71.78217821782178,22.344827586206897,70.98765432098766,58.91089108910891,19.10891089108911,69.75308641975309,54.93827160493827,119.1358024691358,128181,125036,5297,7014,5928,5620,308,113,89,134074,131440,2634,2061,27,209,10,124817,3350,271,1086,590,130430,1010,127387,794,NA,NA,364,725,595,162,563,115,480,193,113,0,89,0,28
Puerto Rico,2019,1.1856003449019183,974.8329381332184,41.442121146798875,11.370985126104763,20.101314938564347,13.095494718689373,0.5389092476826903,0.37723647337788313,98.99173112830087,1.00826887169912,96.50040010669511,96.01415224722207,3.9858477527779317,NA,NA,NA,NA,NA,NA,0.5068018138170179,48.50455136540962,5.898123324396782,81.81818181818183,31.599479843953187,27.438231469440833,45.45454545454545,31.818181818181817,959.0909090909091,18089,NA,NA,NA,NA,NA,NA,10,7,18745,18556,189,NA,NA,NA,NA,NA,NA,NA,NA,NA,17787,769,17368,721,NA,NA,95,373,243,22,351,18,225,211,10,0,7,0,2
Rhode Island,2019,1.5996988802107839,975.534017126188,23.336783664251435,5.08139644302249,13.832690317116777,8.092594335183966,1.0350992754305073,0.940999341300461,99.24355621964887,0.7564437803511393,96.81546507284273,97.99363364522041,2.006366354779589,88.84915780558954,9.758163169285782,111.37897782063646,8.678881388621022,98.35497835497836,12.235915492957746,0.0653716847217034,59.2741935483871,11.564625850340136,64.70588235294117,34.67741935483871,21.774193548387096,64.70588235294117,58.82352941176471,317.6470588235294,10367,9442,1037,1155,1136,997,139,11,10,10708,10627,81,138,10,56,4,9382,803,125,19,90,10379,248,10159,208,NA,NA,7,147,86,17,130,11,75,54,11,0,10,0,3
South Carolina,2019,2.1261516654854713,982.8567050395542,15.859942153351083,9.78795946903672,5.688892294136802,4.099067174899918,1.2833528070948341,0.8427988583906373,97.66898022561877,2.3310197743812324,95.99461208912503,98.53445587776739,1.465544122232616,95.26308732545445,4.583676518474534,104.8474717927288,12.369410781445884,84.25667596652052,6.480605487228004,1.2066675397077806,35.869565217391305,37.37373737373738,56.75675675675676,25.845410628019323,61.71497584541063,60.36036036036037,39.63963963963964,460.36036036036035,51312,49734,2393,2509,2114,1977,137,67,44,53453,52207,1246,71,9,312,20,49402,1594,108,395,296,51379,828,50560,752,NA,NA,645,297,214,111,186,63,151,511,57,10,38,6,20
South Dakota,2019,2.383181547365733,981.7005702612988,20.597497659375264,12.767044003745,5.702612988339433,4.255681334581667,0,0,96.11420157068062,3.885798429319372,94.3553664921466,98.07525576556269,1.9247442344373158,94.76551195846456,4.5961358413482,104.07407407407408,9.814814814814815,71.70818505338077,7.444168734491314,2.364201570680628,27.685950413223143,41.7910447761194,75,20.66115702479339,61.98347107438017,0,0,535.7142857142857,11534,11134,540,562,403,373,30,0,0,12224,11749,475,68,7,0,0,11134,305,23,159,53,11507,242,11312,222,NA,NA,289,67,50,28,39,21,29,150,0,0,0,0,27
Tennessee,2019,1.9363242697710443,982.5613462734559,26.146245291211436,5.01097250419537,18.471360003755294,14.011946533979557,1.1617945618626266,0.9036179925598207,99.00659943300646,0.99340056699354,97.28005762885161,97.56231562100636,2.437684378993634,NA,NA,NA,NA,NA,NA,0.11037784077706,70.64631956912028,10.48284625158831,76.36363636363637,53.590664272890486,19.16517055655296,60,46.666666666666664,258.7878787878788,83727,NA,NA,NA,NA,NA,NA,99,77,86068,85213,855,NA,NA,NA,NA,NA,NA,NA,NA,NA,82985,2228,81686,2041,NA,NA,95,1574,1194,165,1409,126,1068,427,92,7,72,5,20
Texas,2019,1.044362466638421,984.809518540807,12.54044543273577,6.403803962100707,4.601131797463846,3.3840582252314735,0.34002498913809065,0.2023958268679111,98.68232186179291,1.3176781382070737,97.18328988120125,98.8493746780222,1.150625321977793,96.20440359347045,1.5921805046942339,83.89830508474576,28.016949152542374,65.7979797979798,39.94473441817624,0.8146276121211475,36.69033785237788,22.697947214076247,73.90180878552972,26.985151710781146,51.06520335700452,32.55813953488372,19.379844961240313,613.1782945736435,364932,356496,5900,4950,3257,1956,1301,126,75,375509,370561,4948,668,24,11,0,356485,1277,1277,1693,1653,365914,4647,360733,4199,NA,NA,3059,1705,1254,387,1318,286,968,2373,126,0,75,0,221
Utah,2019,1.9504215427205234,983.5787089467724,14.785453630300742,0.6711127888930833,12.98183801015058,11.031416467430057,1.3212533031332578,0.9647246340338073,99.26511918392839,0.7348808160716145,97.63505777037577,98.8336638307853,1.1663361692146954,94.845014890315,4.3265802608950965,117.93504604944256,3.9263208919049926,97.45170571311138,23.70307886967524,0,87.80141843971631,15.024232633279484,82.79569892473118,74.60992907801418,4.539007092198582,67.74193548387096,49.46236559139785,34.40860215053764,46899,45224,2063,2433,2371,1809,562,63,46,48035,47682,353,69,326,54,2,45168,1686,234,62,81,46977,705,46352,547,NA,NA,0,619,526,93,526,77,449,32,63,0,46,0,6
Vermont,2019,3.3080365829928002,980.5409612765129,8.561977038334307,0,8.561977038334307,5.837711617046118,2.7242654212881883,2.5296750340533176,98.96013864818023,1.0398613518197575,97.03446947814366,99.48402460805715,0.5159753919428458,91.26289161315431,6.907958746837906,126.47887323943662,0,100,9.799554565701559,0,100,38.63636363636363,82.35294117647058,68.18181818181817,0,82.35294117647058,76.47058823529412,0,5039,4690,355,449,449,405,44,14,13,5193,5139,54,92,2,0,0,4690,313,42,0,0,5095,44,5013,26,NA,NA,0,44,30,17,27,14,16,0,14,0,13,0,2
Virgin Islands,2019,NA,NA,NA,NA,NA,NA,NA,NA,NA,NA,NA,NA,NA,NA,NA,NA,NA,NA,NA,NA,NA,NA,NA,NA,NA,NA,NA,NA,NA,NA,NA,NA,NA,NA,NA,NA,NA,NA,NA,NA,NA,NA,NA,NA,NA,NA,NA,NA,NA,NA,NA,NA,NA,NA,NA,NA,NA,NA,NA,NA,NA,NA,NA,NA,NA,NA,NA,NA
Virginia,2019,1.1213112005365526,976.8402079141516,17.867622401073106,7.1994466800804835,9.735496311200537,7.325201207243461,0.5868544600938967,0.49253856472166335,97.97125256673512,2.028747433264887,95.70225872689939,98.45087647778232,1.5491235222176927,96.0135814889336,1.1087357478202549,144.4234404536862,11.814744801512287,56.8717277486911,31.645569620253166,1.284394250513347,54.48680351906159,11.517761033369215,46.728971962616825,40.997067448680355,40.29325513196481,52.336448598130836,43.925233644859816,642.0560747663552,93214,91620,1058,1528,869,594,275,56,47,97400,95424,1976,14,0,580,1,91039,0,274,659,125,93719,1705,91770,1444,NA,NA,1251,929,699,107,822,50,649,687,56,0,47,0,42
Washington,2019,1.9518386799343799,967.1660020835578,12.968351474656032,3.70011136257499,7.2685035504304825,4.1671157093077555,1.4010130401982972,0.9819065751817126,99.54228499910602,0.4577150008939746,96.2739138208475,98.95380653468534,1.0461934653146627,93.16497227910095,4.9215073463376084,133.13868613138686,5.742092457420925,93.65862573099415,9.75609756097561,0.08582156266762024,56.04801477377654,26.85337726523888,67.48466257668711,32.13296398891966,28.53185595567867,71.77914110429448,50.306748466257666,189.57055214723925,80769,77803,4110,5472,5125,4625,500,117,82,83895,83511,384,1441,157,0,0,77803,3184,343,347,236,82428,1083,79924,845,NA,NA,72,607,348,163,444,110,238,309,117,0,82,0,9
West Virginia,2019,0.5399276496949409,935.2086820366071,33.63749257599482,13.768155067220992,18.735489444414448,16.89973543545165,0.3239565898169645,0.21597105987797635,97.90664481683142,2.0933551831685784,91.56314426177512,96.59373015414813,3.406269845851856,NA,NA,NA,NA,NA,NA,1.120685098059946,55.69823434991974,2.881844380403458,50,50.24077046548957,40.93097913322632,60,40,2550,17321,NA,NA,NA,NA,NA,NA,6,4,18917,18521,396,NA,NA,NA,NA,NA,NA,NA,NA,NA,17898,623,16731,590,NA,NA,212,347,313,10,337,5,308,255,6,0,4,0,2
Wisconsin,2019,1.665777174000938,933.9349538272444,10.447495673831126,2.522924651884916,5.708925654585739,3.962285510973105,0.873320071806317,0.5822133812042114,98.39282020272742,1.607179797272568,91.89249399296659,99.84241878506614,0.15758121493385052,NA,NA,NA,NA,NA,NA,0.3023407539423643,54.643962848297214,29.178470254957507,54.36893203883495,37.925696594427244,24.148606811145513,52.42718446601942,34.95145631067961,151.45631067961165,57748,NA,NA,NA,NA,NA,NA,54,36,62843,61833,1010,NA,NA,NA,NA,NA,NA,NA,NA,NA,61187,646,57657,91,NA,NA,190,353,245,103,250,56,189,156,54,0,36,0,15
Wyoming,2019,3.084832904884319,994.3444730077122,6.683804627249358,0.1713796058269066,5.655526992287918,5.141388174807197,2.056555269922879,1.8851756640959727,98.59749915511998,1.402500844880027,98.03987833727611,99.36228886590831,0.6377111340916926,96.29820051413883,3.7189374464438734,96.31336405529954,4.147465437788019,97.1291866028708,11.822660098522167,0.016897600540723215,84.61538461538461,54.54545454545454,88.88888888888889,76.92307692307693,2.564102564102564,66.66666666666666,61.111111111111114,5.555555555555555,5802,5619,217,209,203,179,24,12,11,5918,5835,83,0,0,1,0,5618,178,24,6,9,5796,39,5765,37,NA,NA,1,33,30,18,15,16,14,1,12,0,11,0,0
US,2019,1.6737237221990935,976.9311567591474,17.339428011828325,4.764781738980332,10.753971074534014,8.509646899013593,1.032891181444739,0.7485781528002012,98.35292825238622,1.6470717476137808,96.0840399682531,98.64842937983602,1.3515706201639912,73.28461652152035,2.630854507320496,113.83129275039133,8.645496065355832,74.96303272898517,11.918283244547192,0.5687478309935111,62.02033346888979,15.56377370367456,65.70610043815302,49.076860512403414,27.47946319642131,61.712167172227836,44.725311762723294,284.6814964610718,3463600,2598224,93274,106175,79592,70106,9486,3662,2654,3604761,3545388,59373,16422,1261,3024,258,2594942,50660,7967,26583,8064,3483913,61475,3416787,46813,NA,NA,20502,38127,30170,5934,32193,3899,26271,16893,3564,98,2593,61,1135
State/Territory average,2019,1.9692790449076554,976.3727384425558,20.163228566558868,5.8525061857504586,10.661867267548288,8.11729660519841,1.1733490964085076,0.8658386400132239,98.14152378843055,1.8584762115694566,95.82680707765401,98.24786941395058,1.7521305860494214,93.55131953645734,5.6846009678666904,111.1374820560402,9.849344074516464,80.24952949224343,12.302652894442895,0.4492194045117479,53.29853571754833,26.741678692687078,64.99076388835033,39.550503967227854,29.898429782264,57.160362834439916,41.51387901420247,Inf,62974.545454545456,66621.1282051282,2391.641025641026,2722.4358974358975,2040.820512820513,1797.5897435897436,243.23076923076923,66.58181818181818,48.25454545454546,65541.10909090909,64461.6,1079.509090909091,421.0769230769231,32.333333333333336,77.53846153846153,6.615384615384615,66536.97435897436,1298.974358974359,204.28205128205127,681.6153846153846,206.76923076923077,63343.87272727273,1117.7272727272727,62123.4,851.1454545454545,NA,NA,372.76363636363635,693.2181818181818,548.5454545454545,107.89090909090909,585.3272727272728,70.89090909090909,477.6545454545454,307.1454545454545,64.8,1.7818181818181817,47.14545454545455,1.1090909090909091,20.636363636363637
State/Territory median,2019,1.665777174000938,979.8933965057744,16.559350503919372,4.641402650044932,8.561977038334307,6.040864672786497,0.9270794101457253,0.7025128343690894,98.59749915511998,1.402500844880027,96.33913506793358,98.53445587776739,1.465544122232616,95.01847801493325,4.518556050553527,105.37096040054621,5.225324854852087,88.74788494077835,10.100058379126253,0.0881179853445877,56.24270711785297,23.1211255057723,66.66666666666666,37.33955659276546,25.523012552301257,61.224489795918366,43.75,312.5807548452907,36082,35134,1569,1624,1049,988,98,42,32,37585,37010,475,86,4,4,0,35134,803,78,201,74,36409,689,35656,590,NA,NA,55,357,253,66,296,47,197,158,36,0,32,0,9
State/Territory SD,2019,1.6437722981058693,12.558040315972468,10.770249246185239,4.797207261680629,8.419427087666667,7.396516132539723,1.2303340216128764,1.0559255046073612,1.7172844401409242,1.717284440140924,2.2590831142981522,1.0467621622409813,1.046762162240981,4.752075604347469,4.8125887196753805,29.228558324518293,14.010310928547339,24.843430283932047,8.65689807649076,0.6889569519447408,24.71961826686592,20.24023160205571,14.120918120598617,21.587061502054375,21.165191116576846,18.91077055110362,17.222061808193182,NA,81905.28141177108,92957.74653435983,2778.1660032169602,3398.5544821513668,2963.9205265980404,2656.332629357019,387.79202656893983,103.65089035173345,79.47518088752221,84774.48978377275,83566.64695421475,1793.8855084727168,1422.2505217291025,76.32869824278805,172.0105330547562,24.025880108328124,92948.20933794745,1882.4527461348132,367.7159192922502,1673.4778569350185,340.67946515120116,82519.3559823558,1567.8243294279268,81220.20458231185,993.8689349872346,NA,NA,1080.1766481672298,1221.1033518746872,1124.0148249019346,142.64195953340175,1160.8147690075828,97.22533443792136,1091.5248121266943,432.52297811714766,103.85360066155805,5.035764347040334,79.66304459032854,3.4084466282323413,33.64155479097553
Alabama,2020,2.0025315020875447,952.0714865962632,7.065535677176808,0,7.065535677176808,4.930761528724992,1.7947216292294033,1.4924527232539249,95.46249706937907,4.537502930620931,90.88712149903515,99.47019604730534,0.5298039526946583,93.78837398220392,5.057336633102224,127.71759432200224,0,91.95671248903187,3.1488549618320607,3.073094194665368,100,28.342245989304814,58.490566037735846,69.78609625668449,0,89.62264150943396,74.52830188679245,0,50396,49645,2677,3419,3144,3045,99,95,79,55449,52933,2516,593,18,130,1,49514,2322,80,275,0,52559,374,50129,267,374,0,1704,374,261,106,268,62,199,0,95,0,79,0,3
Alaska,2020,1.5878416695020983,982.5337416354769,17.466258364523082,5.330611319042759,7.93920834751049,4.9903595327208805,0.7939208347510491,0.5670863105364636,93.72807483788668,6.2719251621133205,92.0909960667588,98.36084497287314,1.6391550271268613,95.349892253601,3.776794828172848,94.5945945945946,28.82882882882883,87.93650793650794,7.2202166064981945,3.306048687147869,45.45454545454545,20,64.28571428571429,27.500000000000004,30.519480519480517,50,35.714285714285715,335.7142857142857,8663,8407,333,315,277,257,20,7,5,9407,8817,590,77,0,1,0,8406,179,20,38,96,8663,154,8521,142,160,6,311,70,44,14,56,9,35,47,6,1,4,1,1
American Samoa,2020,0,982.0689655172414,9.655172413793103,0,4.137931034482759,0,0,0,98.90859481582538,1.0914051841746248,97.13506139154161,99.15730337078652,0.8426966292134831,96,2.0689655172413794,233.33333333333334,0,97.14285714285714,17.647058823529413,0,42.857142857142854,0,NA,0,0,NA,NA,NA,712,696,15,35,34,28,6,0,0,733,725,8,12,2,3,3,690,13,1,1,0,718,7,706,6,7,0,0,3,0,0,3,0,0,0,0,0,0,0,0
Arizona,2020,2.458255423199132,973.2337827059115,15.847901983602911,7.544752016946272,7.2309321756868075,4.524236044823934,1.686781646769617,1.1637485780038443,98.54267601278218,1.4573239872178128,95.9050613338831,98.64973800886739,1.3502619911326077,94.51730585666279,4.8642075395216855,108.52150537634408,9.005376344086022,86.64850136239782,9.662664379645513,0.20487578600144316,45.62706270627063,33.99638336347197,58.51063829787234,28.54785478547855,47.60726072607261,68.61702127659575,47.340425531914896,306.9148936170213,74430,72284,3720,4037,3498,3160,338,129,89,77608,76477,1131,429,44,175,4,72105,2556,290,539,335,75265,1212,73425,1005,1212,0,159,553,346,188,365,110,236,577,129,0,89,0,38
Arkansas,2020,1.7237280076081787,957.2039942938659,18.574655254398476,8.232287208749407,5.052306229196386,2.0209224916785544,0.9213029006181646,0.5646695197337137,98.80197322057788,1.1980267794221282,94.57364341085271,98.48174366616989,1.5182563338301043,NA,NA,NA,NA,NA,NA,0.24077989194268265,27.200000000000003,34.11764705882353,50,10.879999999999999,44.32,53.44827586206896,32.758620689655174,477.5862068965517,32208,NA,NA,NA,NA,NA,NA,31,19,34056,33648,408,NA,NA,NA,NA,NA,NA,NA,NA,NA,33023,625,31719,489,625,0,82,170,68,58,112,29,39,277,6,25,3,16,3
California,2020,2.1901571759855707,979.2627848298192,6.288497907075107,0.9018294254058232,4.343852245822658,2.5474858162407084,1.6991341465193275,1.4973771591643856,99.54556893414379,0.4544310658562082,97.48127105191838,99.51794069826613,0.48205930173387446,99.3711502092925,0.6288497907075108,88.21028218013143,11.789717819868574,89.87730061349694,100,0.03557048279066166,69.0761499806726,50.419697817571354,66.14872364039955,40.49459041731067,14.340935446463085,77.58046614872363,68.36847946725861,41.17647058823529,402855,408799,2587,2282,2051,0,2051,699,616,413264,411386,1878,0,0,0,0,408799,0,2051,231,305,408799,2587,400913,1942,2588,1,147,1787,1048,901,886,596,452,371,699,0,616,0,46
Colorado,2020,1.8581340243091662,981.4357068580488,24.343260428564125,20.729274986788496,5.3186955558207325,3.7333151497587838,1.1080615741293192,0.8182608547416512,95.26910709065515,4.7308929093448535,93.50050345925229,97.60647536997152,2.393524630028486,89.33192410630572,5.707369461823017,200.86618876941458,0.5675029868578256,94.0817843866171,15.979137031768612,2.0414460648975217,21.84873949579832,34.93589743589743,80.73394495412845,14.110824742268042,85.15406162464986,59.63302752293578,44.03669724770643,1115.5963302752293,57572,52403,3348,6725,6327,5316,1011,65,48,61574,58661,2913,2860,50,476,10,51917,1980,951,398,19,57233,1428,56194,1378,1552,124,1257,312,219,109,203,88,131,1216,49,16,35,13,36
Commonwealth of the Northern Mariana Islands,2020,1.5432098765432098,990.7407407407406,15.432098765432098,7.716049382716049,6.172839506172839,4.62962962962963,1.5432098765432098,1.5432098765432098,99.08256880733946,0.9174311926605505,98.1651376146789,98.4423676012461,1.557632398753894,77.9320987654321,21.296296296296298,103.6231884057971,0,96.5034965034965,3.6231884057971016,0,40,25,100,30,50,100,100,500,642,505,138,143,138,133,5,1,1,654,648,6,5,0,0,0,505,128,5,5,0,638,10,632,10,10,0,0,4,3,1,3,1,2,5,1,0,1,0,0
Connecticut,2020,2.620439427534771,984.9684683387566,12.95821694934777,1.209433581939125,10.596941860799955,8.12048262159127,1.7853543352434704,1.209433581939125,99.16333523700742,0.8366647629925758,97.67275842375786,98.78380353749452,1.2161964625054815,NA,NA,NA,NA,NA,NA,0.36550542547115933,81.77777777777779,24.728260869565215,65.93406593406593,62.66666666666667,9.333333333333334,68.13186813186813,46.15384615384615,46.15384615384615,34205,NA,NA,NA,NA,NA,NA,62,42,35020,34727,293,NA,NA,NA,NA,NA,NA,NA,NA,NA,34277,450,33789,416,450,0,128,368,282,91,277,60,222,42,62,0,42,0,14
Delaware,2020,1.311106948866829,980.1460947743022,23.131672597864767,20.041206218392958,3.090466379471811,1.2174564525191984,0.4682524817381532,0.28095148904289197,98.29697137070791,1.7030286292920926,96.34539261714076,97.72596980699407,2.274030193005924,94.50271586439408,4.963476306424424,93.77358490566039,17.169811320754715,73.64185110663985,6.830601092896176,1.1506950197919543,13.360323886639677,42.42424242424242,64.28571428571429,5.263157894736842,86.63967611336032,35.714285714285715,21.428571428571427,1528.5714285714287,10466,10091,530,497,366,341,25,5,3,10863,10678,185,57,0,1,0,10090,283,25,131,91,10431,247,10228,238,247,0,125,33,13,14,19,9,4,214,5,0,3,0,3
District of Columbia,2020,1.1506534067559793,981.6717350209583,24.903427303361553,20.054245089175637,2.7944439878359497,2.3013068135119585,0.3287581162159941,0,98.23187469723882,1.768125302761182,96.4314548683998,97.65572672471534,2.344273275284662,94.4357688830443,5.169721377496507,95.38950715421304,12.71860095389507,67.5,6.91358024691358,0.750847731309543,11.221122112211221,41.17647058823529,92.85714285714286,9.24092409240924,80.52805280528052,28.57142857142857,0,1742.8571428571427,11944,11490,629,600,405,377,28,4,0,12386,12167,219,47,1,3,0,11487,327,27,195,80,11864,303,11664,280,303,0,93,34,28,14,20,13,15,244,4,0,0,0,3
Florida,2020,1.3310210485919838,927.5225034854292,46.1533977469797,4.585707554273112,39.2456899692505,6.659962984013174,0.8646779074794638,0.5197782926983294,98.19313601564549,1.806863984354504,91.07634334231678,98.82317204103973,1.1768279589602855,95.38466022530203,4.61533977469797,100,0,0,NA,0.7293281499678027,85.03315440479949,3.391508850105211,58.75912408759124,14.430059993684875,9.935796231975582,64.96350364963503,39.05109489051095,344.5255474452554,190937,196356,9501,9501,0,0,0,178,107,209645,205857,3788,0,0,0,0,196356,0,0,9501,0,196356,9501,188690,2247,9501,0,1529,8079,1371,274,7805,161,1210,944,178,0,107,0,60
Georgia,2020,1.802315346505604,974.4322706658508,22.616961883126137,12.951521908610038,7.536193007016455,5.188991625520785,0.99756058713566,0.6957775523719308,96.74308838914256,3.256911610857453,94.26958729025927,97.8923099422751,2.107690057724899,93.147848538448,5.415328901593583,130.3560371517028,0,73.9698373114832,8.123294268742978,1.5416805209761002,33.320978502594514,23.915461624026698,61.395348837209305,21.366931308249914,57.2646404744255,55.348837209302324,38.604651162790695,718.6046511627908,116241,111117,6460,8421,6229,5723,506,119,83,123307,119291,4016,1626,88,236,11,110870,3861,407,2192,0,116593,2698,113791,2450,2897,199,1901,899,619,215,684,132,487,1545,119,0,83,0,41
Guam,2020,1.9127773527161438,949.885233358837,32.134659525631214,21.80566182096404,4.590665646518746,1.1476664116296864,0.7651109410864575,0.38255547054322875,99.96175908221797,0.03824091778202677,94.95219885277247,97.14055577929923,2.859444220700765,92.34889058913542,7.612853863810252,99.49748743718592,1.507537688442211,66.16161616161617,10.687022900763358,0.03824091778202677,14.285714285714285,41.66666666666667,60,3.571428571428571,67.85714285714286,40,20,1140,2483,2414,199,198,131,117,14,2,1,2615,2614,1,1,0,1,0,2413,115,14,67,3,2530,84,2412,71,84,0,1,12,3,5,7,3,0,57,2,0,1,0,0
Hawaii,2020,3.291171915332989,972.8962312854931,18.908105317501292,6.066081569437275,12.777490965410427,10.970573051109964,1.6778523489932886,0.9034589571502323,98.62525458248473,1.374745417515275,95.95213849287168,98.64022287078801,1.3597771292119925,92.38513164687662,5.594992256066082,123.52941176470588,12.687427912341406,92.90382819794584,10.753768844221105,0.420061099796334,67.57679180887372,25.757575757575758,78.43137254901961,56.85618729096989,32.081911262798634,50.98039215686274,27.450980392156865,184.31372549019608,15076,14316,867,1071,995,888,107,26,14,15712,15496,216,302,11,0,1,14315,586,95,76,110,15203,293,14871,205,299,6,66,198,170,51,147,40,130,94,26,0,14,0,13
Idaho,2020,3.367331999414377,979.8448099165488,38.602313210677856,10.05319408520814,31.916451124884095,27.621882777804892,1.317651651944756,1.0736420867698013,94.06445097319134,5.935549026808666,92.16856408373117,96.29943221436397,3.7005677856360193,93.14821140988727,4.841149773071105,75.80645161290323,70.16129032258065,97.47340425531915,10.368349249658936,4.7970987881013585,82.68015170670037,10.550458715596331,72.46376811594203,63.738738738738746,26.04298356510746,39.130434782608695,31.88405797101449,298.5507246376811,20078,19087,992,752,733,657,76,27,22,21784,20491,1293,374,38,39,5,19043,244,33,19,696,19700,791,19335,743,888,97,1045,654,566,69,585,50,516,206,27,0,22,0,12
Illinois,2020,2.379697383108024,975.1410765223862,17.44077886642689,5.270990946297904,13.169725908470792,9.712575964281285,1.3720079374922485,1.2402331638348008,98.7326271964734,1.2673728035266028,96.2782403722525,98.44675320545942,1.553246794540584,95.51035594691803,3.924562817809748,102.23187833300416,23.484100335769305,86.36012364760433,7.941834451901567,0.1576562786995653,75.5111111111111,18.069452619187757,63.51791530944625,50.38198632891033,30.22222222222222,57.65472312703584,52.11726384364821,221.49837133550488,125801,123216,5063,5176,4470,4115,355,177,160,130664,129008,1656,717,12,563,10,122643,2835,333,706,1189,126758,2250,123847,1954,2487,237,206,1699,1253,307,1392,195,1058,680,177,0,160,0,36
Indiana,2020,2.425497703953016,980.6096447599712,48.578086037036535,4.810116233120308,40.620273345415406,32.43081199667516,1.6624197746194829,0.9947265864526414,97.89371181602327,2.1062881839767362,95.99551796814556,95.26013006503251,4.739869934967484,NA,NA,NA,NA,NA,NA,0.48421951284582343,83.61851332398317,5.971150620597115,56.74157303370787,64.79716852708958,9.901823281907433,68.53932584269663,41.01123595505618,198.31460674157304,71964,NA,NA,NA,NA,NA,NA,122,73,74966,73387,1579,NA,NA,NA,NA,NA,NA,NA,NA,NA,69822,3565,68553,3411,3673,108,363,2981,2380,178,2803,101,2279,353,122,0,73,0,24
Iowa,2020,1.752897936104043,975.6856092733956,13.881820752049759,1.5832626519649422,9.160305343511451,5.767599660729432,0.8764489680520215,0.5371783997738196,98.32100961805749,1.678990381942514,95.9303941735698,98.7481889307447,1.2518110692552884,94.6282160022618,5.018377155781736,94.8169014084507,12.225352112676056,92.39453357100416,9.389067524115756,0.013898927002835383,65.9877800407332,19.1358024691358,51.61290322580645,41.46341463414634,11.405295315682281,50,30.64516129032258,90.32258064516128,34510,33470,1775,1683,1555,1409,146,31,19,35974,35370,604,119,6,0,0,33470,1290,140,128,217,34879,491,34078,432,492,1,5,324,204,62,262,32,172,56,31,0,19,0,14
Kansas,2020,1.4917391426721833,981.9584001801346,18.04159981986546,0.8443806467955755,15.564749922598441,11.539868839539531,1.210278927073658,0.9006726899152805,99.0410615225936,0.9589384774064059,97.25420232486829,98.38339830314148,1.6166016968585186,NA,NA,NA,NA,NA,NA,0.14774342820505673,86.27145085803433,9.584086799276673,52.83018867924528,63.962558502340094,4.6801872074882995,81.13207547169812,60.37735849056604,56.60377358490566,34888,NA,NA,NA,NA,NA,NA,43,32,35873,35529,344,NA,NA,NA,NA,NA,NA,NA,NA,NA,34888,641,34324,564,641,0,53,553,410,53,500,28,382,30,43,0,32,0,2
Kentucky,2020,1.350284598446134,955.8560804354148,24.53363247330591,4.777930117578628,17.512152561386014,12.214882213635796,0.24928331048236324,0.2285097012754996,97.9449825018312,2.0550174981687963,93.62130707251566,97.76367548301566,2.2363245169843307,NA,NA,NA,NA,NA,NA,0.030520061853992024,71.38018628281118,7.71055753262159,70.76923076923077,49.7883149872989,19.475021168501268,18.461538461538463,16.923076923076923,353.8461538461538,46013,NA,NA,NA,NA,NA,NA,12,11,49148,48138,1010,NA,NA,NA,NA,NA,NA,NA,NA,NA,46957,1181,44984,1029,1181,0,15,843,588,65,778,46,542,230,12,0,11,0,49
Louisiana,2020,1.4385678258089725,973.040173338543,13.337832557809113,4.10258231804781,8.258444925940397,6.23379391183888,0.9590452172059816,0.7636841544418003,98.5973698495806,1.4026301504193883,95.93920184916036,98.83003577425714,1.1699642257428633,NA,NA,NA,NA,NA,NA,0.358975256973751,61.91744340878829,17.419354838709676,67.90123456790124,46.737683089214386,30.758988015978694,66.66666666666666,53.086419753086425,285.18518518518516,54788,NA,NA,NA,NA,NA,NA,54,43,57107,56306,801,NA,NA,NA,NA,NA,NA,NA,NA,NA,55555,751,54147,641,751,0,205,465,351,81,384,55,296,231,52,2,42,1,10
Maine,2020,2.742481031172868,981.8996251942591,30.075875308529117,3.839473443642015,27.33339427735625,18.74028704634793,1.8283206874485787,1.188408446841576,96.80530973451327,3.1946902654867255,95.05309734513274,97.14179312913137,2.858206870868634,NA,NA,NA,NA,NA,NA,0.20353982300884954,90.88145896656535,10.033444816053512,66.66666666666666,55.858310626703,12.76595744680851,66.66666666666666,43.333333333333336,140,10741,NA,NA,NA,NA,NA,NA,20,13,11300,10939,361,NA,NA,NA,NA,NA,NA,NA,NA,NA,10610,329,10434,307,367,38,23,299,205,30,269,20,185,42,20,0,13,0,4
Marshall Islands,2020,NA,NA,NA,NA,NA,NA,NA,NA,NA,NA,NA,NA,NA,NA,NA,NA,NA,NA,NA,NA,NA,NA,NA,NA,NA,NA,NA,NA,NA,NA,NA,NA,NA,NA,NA,NA,NA,NA,NA,NA,NA,NA,NA,NA,NA,NA,NA,NA,NA,NA,NA,NA,NA,NA,NA,NA,NA,NA,NA,NA,NA,NA,NA,NA,NA,NA,NA,NA
Maryland,2020,1.3641718856575928,983.0253611955106,15.548459105847337,5.270664103677063,10.4948223476158,6.495318410119675,0.9766230545048676,0.6975878960749055,98.37435568975509,1.625644310244914,96.70448653429713,98.5334237459196,1.4665762540803937,96.0888571960067,3.1685992435046813,95.25440313111547,28.228962818003918,82.58859784283513,5.410447761194029,0.05947479183822857,67.4975074775673,12.998522895125554,56.81818181818182,36.37152777777778,33.89830508474576,71.5909090909091,51.13636363636363,386.3636363636364,63413,61985,2044,1947,1608,1521,87,63,45,65574,64508,1066,471,8,1,0,61984,1049,79,339,577,63505,1003,62483,930,1152,149,39,677,419,88,589,50,369,340,63,0,45,0,10
Massachusetts,2020,2.2840656368335637,984.8079581655347,20.842098936106268,0.4958826711546553,17.95696339484282,14.425677706317243,1.9083969465648853,1.4876480134639658,99.01060806689182,0.9893919331081784,97.50643476708375,97.99502571066726,2.0049742893327434,97.78205205265373,2.214942597824127,100.13568521031209,0,6.842818428184281,11.881188118811881,0.028268340945947955,86.15717375630858,12.719665271966527,67.10526315789474,69.2141312184571,2.3792357606344625,83.55263157894737,65.13157894736842,21.710526315789476,65537,65072,1474,1476,101,89,12,127,99,67213,66548,665,2,0,0,0,65072,87,12,1375,0,65161,1387,64223,1314,1387,0,19,1195,960,152,1043,102,858,33,127,0,99,0,10
Michigan,2020,1.8440124123846253,956.8144189873794,12.372728444387164,6.235934448332953,5.016506885304411,2.6569641210703203,1.0112326132431817,0.6642410302675801,98.92704073125999,1.0729592687400085,94.65481899942135,99.00218627928423,0.9978137207157733,NA,NA,NA,NA,NA,NA,0.1186728258844068,40.544871794871796,36.75889328063241,61.29032258064516,21.169036334913113,50.40064102564102,54.83870967741935,36.02150537634409,338.1720430107527,96511,NA,NA,NA,NA,NA,NA,102,67,101961,100867,1094,NA,NA,NA,NA,NA,NA,NA,NA,NA,99619,1248,95548,963,1266,18,121,506,268,186,320,114,154,629,102,0,67,0,81
Micronesia,2020,0.6684491978609626,977.9411764705882,62.83422459893048,0,62.83422459893048,62.83422459893048,0.6684491978609626,0.6684491978609626,93.6756418284283,6.3243581715716966,91.60926737633062,93.57484620642515,6.425153793574847,81.75133689839572,15.641711229946523,116.23931623931625,0.4273504273504274,73.16176470588235,10.050251256281408,1.3149655604257984,100,1.0638297872340425,100,100,0,100,100,0,1463,1223,234,272,199,179,20,1,1,1597,1496,101,34,5,0,0,1223,145,15,73,1,1402,94,1369,94,94,0,21,94,94,1,93,1,93,0,0,1,0,1,0
Minnesota,2020,2.5803954456020386,964.7937296390671,21.401154726961906,4.386672257523466,12.853594813405156,10.031287294777924,0.8386285198206626,0.6612263329355224,98.70737686650322,1.2926231334967684,95.23225826992262,98.15288434214266,1.847115657857346,92.18785278843983,6.991258910428024,100.06920415224914,11.672433679354095,88.38174273858921,8.268127282211788,0.05571651437486071,60.060286360211,20.075282308657467,85,45.83640383198232,20.497362471740768,32.5,25.624999999999996,170,59823,57162,4335,4338,3834,3517,317,52,41,62818,62006,812,494,15,0,0,57162,3023,302,504,506,60679,1327,58718,1105,1357,30,35,797,622,160,637,136,486,272,52,0,41,0,91
Mississippi,2020,NA,NA,NA,NA,NA,NA,NA,NA,NA,NA,NA,NA,NA,NA,NA,NA,NA,NA,NA,NA,NA,NA,NA,NA,NA,NA,NA,NA,NA,NA,NA,NA,NA,NA,NA,NA,NA,NA,NA,NA,NA,NA,NA,NA,NA,NA,NA,NA,NA,NA,NA,NA,NA,NA,NA,NA,NA,NA,NA,NA,NA,NA,NA,NA,NA,NA,NA,NA
Missouri,2020,1.7108264607825934,978.9729192255952,17.795519681815524,7.018775223723461,10.133356729250746,7.64754050418202,1.2867754576826345,1.0820611803240334,97.60372215165485,2.3962778483451554,95.55140080208943,98.3480209111277,1.6519790888722927,95.72293384804351,4.183482482306838,83.25760223698008,19.468717231737152,79.7649034424853,9.368421052631579,0.5109395293076626,56.94330320460148,16.883116883116884,58.97435897435898,41.34387351778656,39.44124897288414,75.21367521367522,63.24786324786324,410.2564102564102,66950,65463,2861,2382,1900,1722,178,88,74,70067,68388,1679,61,3,0,14,65449,1661,161,482,557,67171,1217,65844,1106,1265,48,358,693,523,117,576,69,454,480,88,0,74,0,9
Montana,2020,0.8610792192881744,960.390355912744,21.718331419823958,17.986988136241866,3.5399923459624953,2.0091848450057403,0.7654037504783774,0.6697282816685801,96.5988909426987,3.4011090573012934,92.77264325323475,97.98764694162185,2.0123530583781633,92.40336777650211,6.276310753922694,118.14024390243902,5.487804878048781,81.29032258064515,7.301587301587302,0.5914972273567467,16.299559471365637,24.324324324324326,33.33333333333333,8.936170212765958,82.81938325991189,88.88888888888889,77.77777777777779,2088.888888888889,10038,9658,656,775,630,584,46,8,7,10820,10452,368,135,3,16,1,9641,433,42,145,36,10225,227,9836,202,235,8,64,37,21,9,28,3,18,188,8,0,7,0,0
Nebraska,2020,2.7403983803018526,959.4257433841875,7.607673115464845,0,7.607673115464845,4.580964456623993,1.7587631395967116,1.5133543294204261,98.93974343409818,1.060256565901825,94.92533689450042,99.32216395958562,0.6778360404143752,94.40058898114442,5.358092355515563,106.10687022900764,0,89.20863309352518,2.903225806451613,0.19424547772247178,100,36.02150537634409,68.65671641791045,60.215053763440864,0,64.17910447761194,55.223880597014926,0,23457,23080,1310,1390,1240,1204,36,43,37,24711,24449,262,57,2,21,0,23059,1126,34,150,0,24263,186,23298,159,186,0,48,186,112,67,119,46,66,0,43,0,37,0,0
Nevada,2020,1.2438197705152523,974.9370316241177,14.863646257657265,8.58235641655524,5.503902484529991,2.8296899779221993,0.901769333623558,0.6530053795205075,96.69262455275263,3.3073754472473618,94.26922036140594,98.70825758300641,1.2917424169935892,94.96252992941324,4.928635840666687,124.9211356466877,0.12618296529968456,84.74747474747475,10.369487485101311,1.2718361947142127,37.029288702928866,22.598870056497177,62.5,19.03765690376569,57.74058577405857,72.5,52.5,690,31353,30539,1585,1980,1678,1504,174,29,21,33259,32159,1100,30,5,353,9,30177,1121,160,302,2,31681,478,30948,405,478,0,423,177,91,40,137,25,66,276,29,0,21,0,9
New Hampshire,2020,1.4141771256849922,984.2672794767544,36.326674916033234,12.462435920098992,20.417182252077072,5.214778150963408,0.35354428142124805,0.17677214071062403,97.88043948438447,2.1195605156155377,96.3405138852842,96.37212643678161,3.6278735632183907,NA,NA,NA,NA,NA,NA,1.6696946102604031,56.20437956204379,6.926406926406926,25,14.355231143552311,34.306569343065696,25,12.5,881.25,11136,NA,NA,NA,NA,NA,NA,4,2,11559,11314,245,NA,NA,NA,NA,NA,NA,NA,NA,NA,10903,411,10732,404,411,0,193,231,59,16,215,4,55,141,4,0,2,0,5
New Jersey,2020,1.040405970656305,983.2898061447651,8.907149075312653,5.010934879079347,3.705119222031127,2.611631314096439,0.5414357602395057,0.3078752362146209,98.66862200806578,1.3313779919342168,97.01985020688211,99.2075145756856,0.7924854243144029,NA,NA,NA,NA,NA,NA,0.1665531870318965,41.597139451728246,28.08022922636103,68.36734693877551,29.32061978545888,56.25744934445769,52.04081632653062,29.591836734693878,481.6326530612245,92620,NA,NA,NA,NA,NA,NA,51,29,95465,94194,1271,NA,NA,NA,NA,NA,NA,NA,NA,NA,93355,839,91886,734,839,0,159,349,246,98,251,67,179,472,51,0,29,0,40
New Mexico,2020,1.7971351551350494,980.2315132935145,40.85839632115862,5.021407051112638,15.751361065595434,5.867117712352661,1.162852159205032,0.8985675775675247,92.25180417398089,7.748195826019115,90.42812560951823,95.92882178484767,4.071178215152332,NA,NA,NA,NA,NA,NA,6.807099668422079,38.55109961190168,11.409395973154362,38.23529411764706,14.359637774902975,12.289780077619664,64.70588235294117,50,279.4117647058823,18545,NA,NA,NA,NA,NA,NA,22,17,20508,18919,1589,NA,NA,NA,NA,NA,NA,NA,NA,NA,18146,773,17790,755,773,0,1396,298,111,34,264,13,98,95,21,1,16,1,3
New York,2020,1.3242022669552242,972.8242072080085,14.813277598252842,10.124218078325576,4.125779451147807,2.34205923334618,0.7806864111153934,0.4348126846718646,96.7687335041885,3.2312664958114983,94.13896645373524,98.70635799396605,1.2936420060339486,96.28383386202603,3.0980403782870356,129.23444976076556,0.8452950558213715,69.28298161174874,8.122550765942286,1.301973759706231,27.851901267511675,32.09580838323353,57.08955223880597,15.535889872173058,68.34556370913943,58.95522388059702,32.83582089552239,764.5522388059701,196886,194865,6270,8103,5614,5158,456,158,88,209144,202386,6758,1215,36,635,0,194230,3308,420,2489,53,199388,2998,194339,2547,3051,53,2723,835,474,268,567,153,321,2049,157,1,87,1,3
North Carolina,2020,2.0823063455098674,974.2558942018392,10.658008805181119,3.518672763433001,5.787961719560081,3.2296996379336718,1.3428751126145269,0.9944075201006306,99.00371922384342,0.9962807761565776,96.4549570017334,99.11366233675597,0.8863376632440307,95.5608628397559,4.439137160244097,96.11334482098411,3.886655179015891,88.06772908366534,10.223931237276634,0.22550950000841452,54.30622009569378,35.97650513950074,54.69387755102041,29.457364341085274,33.014354066985646,64.48979591836735,47.755102040816325,168.9795918367347,114629,112435,5223,5020,4421,3969,452,158,117,118842,117658,1184,0,0,0,0,112435,3969,452,599,203,116404,1254,113613,1016,1290,36,268,681,380,245,436,134,246,414,157,1,116,1,38
North Dakota,2020,1.6672516672516673,981.6602316602316,26.676026676026677,11.758511758511759,10.617760617760617,5.44050544050544,1.1407511407511408,0.7897507897507897,98.71794871794873,1.282051282051282,96.90748440748442,97.41664431929918,2.5833556807008136,87.43418743418744,11.89013689013689,101.4760147601476,4.206642066420664,89.01818181818182,7.8431372549019605,0.05197505197505198,39.80263157894737,15.702479338842975,57.89473684210527,20.06472491909385,44.07894736842105,68.42105263157895,47.368421052631575,705.2631578947368,11187,9964,1355,1375,1224,1128,96,13,9,11544,11396,148,73,4,0,0,9964,1055,92,151,57,11092,304,10898,289,309,5,6,121,62,19,102,11,51,134,13,0,9,0,0
Ohio,2020,2.320148994602102,986.4657975314877,44.25644748887275,8.822879510085546,34.01306859433694,28.338962719782824,1.160074497301051,0.7812746614476468,97.46559906469453,2.534400935305474,96.14647991323811,95.62323501411989,4.376764985880112,95.48754695539631,4.4469522396540295,101.59716060337178,0,2.11353711790393,3.3057851239669422,0.04153494704294252,76.85449358059915,6.8213457076566115,70.06802721088435,62.365404654393885,19.935805991440798,50,33.6734693877551,380.2721088435374,125001,120998,5635,5725,121,117,4,147,99,130011,126716,3295,80,3,7,0,120991,30,1,5604,0,121108,5608,119530,5471,5758,150,54,4310,3591,294,4016,206,3385,1118,141,6,97,2,56
Oklahoma,2020,1.6678004783954004,1000,15.997717746713775,9.326515833132174,1.6678004783954004,0.9436239548816081,1.272795101933332,0.43889486273563166,99.2248230811105,0.7751769188894937,99.2248230811105,98.40022822532862,1.5997717746713775,93.83572165287805,5.5081305273321775,147.84860557768923,0,87.84694152519536,8.52760736196319,0.050081654872074034,10.425240054869684,100,56.57894736842105,5.8984910836762685,58.29903978052127,76.31578947368422,26.31578947368421,559.2105263157895,45569,42760,2510,3711,3260,2982,278,58,20,45925,45569,356,294,5,794,108,41858,1894,165,451,0,44840,729,44840,729,729,0,23,76,43,76,0,43,0,425,20,38,12,8,14
Oregon,2020,2.043545172439892,974.8971920175593,35.62328127759417,3.1283901405252665,30.14859853167495,23.31155233746247,1.538966117516462,0.9839291571006887,98.42322208978943,1.5767779102105681,95.95252284465634,96.48310128875318,3.5168987112468297,NA,NA,NA,NA,NA,NA,0.11918951132300357,84.63172804532579,6.7782426778242675,64.19753086419753,65.30035335689047,8.78186968838527,75.30864197530865,48.148148148148145,153.0864197530864,38642,NA,NA,NA,NA,NA,NA,61,39,40272,39637,635,NA,NA,NA,NA,NA,NA,NA,NA,NA,38225,1412,37283,1359,1415,3,48,1195,924,81,1114,52,872,124,60,1,39,0,6
Palau,2020,0,971.2918660287081,9.569377990430622,0,0,0,0,0,98.12206572769952,1.8779342723004695,95.30516431924883,99.01477832512316,0.9852216748768473,81.81818181818183,18.181818181818183,100,0,100,5.263157894736842,0,0,NA,NA,0,0,NA,NA,NA,203,171,38,38,38,36,2,0,0,213,209,4,0,0,0,0,171,36,2,0,0,207,2,201,2,2,0,0,0,0,0,0,0,0,0,0,0,0,0,0
Pennsylvania,2020,1.3971084564306233,971.6496868279359,8.421895358146399,2.582295967222894,5.439304271384393,4.2384189127670595,0.9418708695037911,0.769194543428096,97.8743671882802,2.1256328117197882,95.09959822697486,99.30691309756531,0.6930869024346898,NA,NA,NA,NA,NA,NA,0.3725811036082751,64.58527493010251,25.685425685425685,75.28089887640449,48.3005366726297,30.661696178937557,67.41573033707866,55.0561797752809,184.8314606741573,123794,NA,NA,NA,NA,NA,NA,120,98,130173,127406,2767,NA,NA,NA,NA,NA,NA,NA,NA,NA,126333,1073,122936,858,1118,45,485,693,540,178,515,134,406,329,120,0,98,0,22
Puerto Rico,2020,0.5375477073590281,977.5305058323927,28.11374509487717,6.289308176100629,15.588883513411815,6.934365424931463,0.4300381658872225,0.05375477073590281,98.2466332189068,1.7533667810932136,96.0390810668075,97.32196865548529,2.67803134451471,96.99510831586304,2.8006235553405365,107.2936660268714,0,6.797853309481217,5.263157894736842,0.40137311856350677,55.44933078393881,3.4482758620689653,20,24.665391969407267,22.37093690248566,80,10,1170,18185,18044,521,559,38,36,2,8,1,18935,18603,332,36,2,0,0,18044,0,0,521,0,18080,523,17698,487,523,0,76,290,129,10,280,2,127,117,8,0,1,0,2
Rhode Island,2020,2.1842355175688506,952.8015194681861,28.395061728395063,5.128205128205129,23.36182336182336,14.719848053181387,1.5194681861348527,1.2345679012345678,98.9010989010989,1.098901098901099,94.23311731004038,97.5979268414233,2.402073158576697,86.79012345679013,11.329534662867996,109.30427493713329,8.968985750209555,95.70552147239265,10.897435897435898,0.15966939043862122,82.2742474916388,9.34959349593496,95.65217391304348,47.839506172839506,18.06020066889632,69.56521739130434,56.52173913043478,234.7826086956522,10033,9139,1193,1304,1248,1112,136,16,13,10647,10530,117,194,4,19,1,9119,899,131,56,107,10231,299,9792,241,324,25,17,246,155,23,223,22,133,54,16,0,13,0,2
South Carolina,2020,2.109164021998384,980.6429993495102,19.632966036545703,13.068932211074097,6.071238493228992,4.435157990183517,1.8529104492322248,1.1827087973822712,97.40975422427034,2.5902457757296466,95.52419354838709,98.25323122072805,1.746768779271945,94.54771244406773,5.300506593601546,105.2807735217553,11.082186686500558,81.98516425291416,8.09995691512279,1.497695852534562,30.923694779116467,34.74025974025974,64.48598130841121,22.590361445783135,66.56626506024097,87.85046728971963,56.074766355140184,619.6261682242991,49749,47965,2689,2831,2321,2133,188,94,60,52080,50731,1349,50,27,325,38,47602,1758,123,510,298,49735,996,48880,869,996,0,780,308,225,107,201,69,156,663,80,14,53,7,9
South Dakota,2020,2.1828103683492497,987.5397908140063,37.28967712596635,27.19417917235107,6.639381537062301,5.184174624829469,0.2728512960436562,0.18190086402910413,94.58878183069511,5.411218169304886,93.41018582243635,96.37133910480752,3.628660895192485,93.55161437016825,5.693497044110959,101.59744408945687,11.980830670926517,50.314465408805034,5.9375,3.0712319339298007,17.804878048780488,32.87671232876712,70.83333333333334,13.902439024390246,72.92682926829268,12.5,8.333333333333332,1245.8333333333335,10858,10286,626,636,320,301,19,3,2,11624,10995,629,77,6,0,2,10284,224,11,316,75,10585,410,10464,394,410,0,357,73,57,24,49,17,40,299,3,0,2,0,18
Tennessee,2020,1.916649696330814,980.2824662489967,35.5538518669366,6.5765042705351044,26.43778674876316,16.72276860048635,1.0421782723798798,0.6348902119095821,98.91462764381777,1.0853723561822384,96.96427513478287,96.60039348429117,3.3996065157088218,NA,NA,NA,NA,NA,NA,0.1670715089756502,74.35983827493261,7.2496601721794285,33.75,46.548849616538845,18.49730458221024,54.37499999999999,33.125,343.125,81833,NA,NA,NA,NA,NA,NA,87,53,84395,83479,916,NA,NA,NA,NA,NA,NA,NA,NA,NA,80511,2968,79051,2782,2999,31,141,2207,1396,160,2047,54,1342,549,83,4,49,4,27
Texas,2020,1.1229396558912639,981.5020707674348,16.215915723934735,8.53600911693582,5.522973010534508,3.518914862273119,0.3057508964060372,0.12230035856241489,98.48213185880678,1.517868141193217,96.66041635301042,98.4781161944409,1.5218838055590955,95.76006893292937,3.9288990188175776,92.64945171559957,15.500530597806863,80.33750763591937,10.15112631879099,0.9922943213391183,34.05896468974974,20.332159033719176,63.613861386138616,21.700377099760026,52.639698320191975,27.22772277227723,10.891089108910892,760.1485148514852,353115,344516,14135,13096,10521,9453,1068,110,44,365315,359770,5545,1090,29,33,0,344483,8330,1039,2575,2191,353936,5834,347741,5374,5834,0,3625,1987,1266,404,1583,257,1009,3071,108,2,43,1,249
Utah,2020,2.8922944096697605,982.883660695014,10.554716166630692,0.7986186056550831,15.670192100151091,13.576516296136413,2.4174401036045756,1.7699115044247788,98.65843270868825,1.3415672913117547,96.9697614991482,99.06888903528998,0.931110964710016,94.81977120656163,5.018346643643428,98.53763440860214,6.365591397849463,96.59537319947621,11.884319927699954,0.04471890971039182,148.46625766871168,18.457300275482094,86.56716417910447,78.33125778331258,7.566462167689162,83.5820895522388,61.19402985074627,27.611940298507463,45537,43930,2325,2291,2213,1950,263,112,82,46960,46330,630,73,2,34,5,43891,1843,256,78,148,45841,489,45113,424,803,314,21,726,629,134,592,116,513,37,112,0,82,0,2
Vermont,2020,1.2355848434925865,966.2273476112026,8.031301482701812,0,8.031301482701812,7.619439868204283,0.8237232289950577,0.8237232289950577,98.04159095497678,1.9584090450232183,94.73046638400969,99.57374254049446,0.4262574595055414,90.58896210873147,7.557660626029654,124.52316076294278,0,100,8.533916849015318,0,100,15.384615384615385,66.66666666666666,94.87179487179486,0,66.66666666666666,66.66666666666666,0,4692,4399,367,457,457,418,39,4,4,4953,4856,97,90,0,0,0,4399,328,39,0,0,4817,39,4672,20,39,0,0,39,37,6,33,4,33,0,4,0,4,0,0
Virgin Islands,2020,NA,800,155.91397849462365,NA,NA,NA,NA,NA,100,0,80,80.51075268817203,19.489247311827956,84.40860215053763,0,Inf,NA,100,0,0,NA,NA,NA,NA,NA,NA,NA,NA,744,785,0,186,186,186,0,NA,NA,930,930,0,0,0,186,0,599,0,0,0,0,785,145,599,145,NA,0,0,NA,NA,NA,NA,NA,NA,NA,NA,NA,NA,NA,NA
Virginia,2020,1.5171711260660836,973.0702125123271,18.22772738602252,3.630373765943843,11.237903269503777,8.474484432740553,0.4876621476640983,0.3467819716722477,97.29139868840015,2.708601311599857,94.67136199734306,98.39406628652887,1.6059337134711331,95.93614876946585,4.030256727028403,90.99220220489379,21.941382091960204,84.39716312056737,11.834733893557422,0.5155726124454378,61.652794292508915,13.500482160077146,62.142857142857146,45.838218053927314,19.916765755053508,32.142857142857146,22.857142857142858,239.28571428571428,89792,88527,3719,3384,2856,2518,338,45,32,94846,92277,2569,0,31,409,41,88077,2109,266,528,816,90595,1682,88350,1442,1706,24,489,1037,782,140,897,87,695,335,45,0,32,0,82
Washington,2020,1.970710317900208,959.5142199066375,12.834250945325104,4.1877594255379424,7.882841271600832,3.842885119905406,1.3302294645826405,0.9360874010025989,99.19000146606069,0.8099985339393051,95.17421687924546,98.91915483556262,1.08084516443737,92.40537511239208,5.170651196590671,139.7332062887089,7.146260123868508,93.4708489601091,6.547510486959694,0.1685969799149685,61.42034548944337,25,53.75,27.56183745583039,32.629558541266796,67.5,47.5,212.5,77902,75023,4198,5866,5483,5124,359,108,76,81852,81189,663,1873,95,0,0,75023,3251,264,383,300,80147,1042,77060,842,1132,90,138,640,312,160,480,86,226,340,106,2,76,0,17
West Virginia,2020,0.5017002062545292,947.823178549529,50.448742962261,21.405875466859914,20.84843079324377,18.953118902948884,0.39021127153130053,0.33446680416968616,98.4685475902953,1.5314524097046878,93.33077176418927,94.84796800564607,5.152031994353937,NA,NA,NA,NA,NA,NA,0.6861345921615984,41.32596685082873,2.406417112299465,77.77777777777779,37.569060773480665,42.430939226519335,77.77777777777779,66.66666666666666,4266.666666666666,17003,NA,NA,NA,NA,NA,NA,7,6,18218,17939,279,NA,NA,NA,NA,NA,NA,NA,NA,NA,17034,905,16127,876,905,0,125,374,340,9,365,7,333,384,7,0,6,0,1
Wisconsin,2020,1.9451962110960757,925.1184032476319,14.039242219215154,3.0784844384303116,8.491204330175913,5.801759133964818,1.0487144790257104,0.6089309878213803,98.22229606246886,1.7777039375311512,90.86725369662734,99.77693671950706,0.2230632804929333,NA,NA,NA,NA,NA,NA,0.2874231599933544,60.48192771084337,22.90836653386454,55.65217391304348,41.325301204819276,21.927710843373493,53.91304347826087,31.30434782608696,158.26086956521738,54693,NA,NA,NA,NA,NA,NA,62,36,60190,59120,1070,NA,NA,NA,NA,NA,NA,NA,NA,NA,58290,830,54571,122,830,0,173,502,343,115,387,64,279,182,62,0,36,0,14
Wyoming,2020,2.5293586269196022,988.7985546522132,6.684733514001806,0,6.504065040650406,5.0587172538392045,2.3486901535682025,1.9873532068654018,98.48754448398577,1.5124555160142348,97.38434163701068,99.3970400146172,0.6029599853827883,95.86269196025293,4.137308039747064,95.63318777292577,4.366812227074235,97.71689497716895,10.2803738317757,0,97.2972972972973,38.88888888888889,92.85714285714286,60.86956521739131,0,92.85714285714286,78.57142857142857,0,5473,5306,229,219,214,192,22,13,11,5620,5535,85,0,0,0,0,5306,192,22,5,10,5498,37,5440,33,46,9,0,36,28,14,22,13,15,0,13,0,11,0,0
US,2020,1.7947933105688083,972.2092397924503,19.518412745105277,5.9661757699211835,12.019237594744133,7.289058547003936,1.1025442849135711,0.797875210045618,98.17425118820299,1.825748811797009,95.44591411487589,98.40185935719816,1.5981406428018394,72.62058563472534,2.9633823548619564,109.43793955886017,8.69823505739417,71.86208587238215,11.426935354175297,0.6088895702956222,61.57897033793515,14.932671863926295,63.296946685651,36.438091723325435,30.566910577384675,61.43015345673153,44.45499129884512,332.4157570004746,3423979,2557591,104366,114216,82078,72699,9379,3883,2810,3587350,3521854,65496,13648,555,4461,264,2552866,54590,8560,32138,9078,3453113,68741,3369259,54720,70451,1855,21843,42330,25671,6321,36009,4001,21670,21012,3768,115,2753,57,1232
State/Territory average,2020,1.7576518481679113,970.1716887434782,24.36841686723217,7.0371138832403775,12.880922997676045,8.877432222446297,1.0809270960857937,0.7759995431981741,97.85598581641753,2.1440141835824758,94.92777177554397,97.71107267102175,2.2889273289782532,92.90655066196464,5.8987842729995545,Inf,9.046204261833713,78.15094575022363,10.663939412660943,0.7550073313343757,57.888307880288146,22.287435401584116,64.20683994264158,37.53819580907769,31.955629979526602,61.90255584303399,44.15608906635954,519.7788549517708,60069.80701754386,62380.26829268293,2545.512195121951,2785.756097560976,2001.9024390243903,1773.1463414634147,228.7560975609756,69.33928571428571,50.17857142857143,62935.9649122807,61786.912280701756,1149.0526315789473,332.8780487804878,13.536585365853659,108.8048780487805,6.439024390243903,62265.0243902439,1331.4634146341464,208.78048780487805,783.8536585365854,221.41463414634146,60580.929824561405,1205.982456140351,59109.80701754386,960,1258.0535714285713,32.54385964912281,383.2105263157895,755.8928571428571,458.4107142857143,112.875,643.0178571428571,71.44642857142857,386.9642857142857,375.19642857142856,67.28571428571429,2.0535714285714284,49.160714285714285,1.0178571428571428,22
State/Territory median,2020,1.7750165456195464,977.5305058323927,18.22772738602252,5.199434615941096,8.144873204321105,5.327641795734424,1.0267054428115308,0.7306360252583528,98.37435568975509,1.625644310244914,95.52419354838709,98.39406628652887,1.6059337134711331,94.50271586439408,5.018346643643428,101.59744408945687,4.927308552561508,87.84694152519536,8.397867322087489,0.22550950000841452,60.27110703552719,20.075282308657467,63.90569612516808,36.97029427562922,30.37085137085137,65.81508515815085,45.095271700776294,321.3145896656535,38642,33470,1585,1683,1240,1112,96,48,32,40272,39637,663,73,4,1,0,33470,899,80,275,57,38225,751,37283,641,788,0,125,371,264.5,78.5,278.5,50,192,230.5,44,0,32,0,9.5
State/Territory SD,2020,0.709565617904702,26.987035314985132,21.757125110673577,6.53652356746522,11.727512391271862,10.27839746159022,0.5610197512392099,0.46623617023195424,1.6251837261454571,1.6251837261454576,2.809796925982925,2.6500258739530516,2.6500258739530502,4.5726140278415315,4.204861824838584,NA,12.985862348639953,26.88726887187985,14.874510671509558,1.2643655565624923,29.520815439812868,16.339569536093578,16.487817190480396,23.945725902858005,25.12410336576468,20.243363653005623,21.49056575405017,693.679977364398,76376.5229949713,87666.48974694504,2860.490142632476,3013.1091896949883,2319.647826771103,2109.6182659544784,381.175601297342,100.27440111753607,85.63879901133537,79346.83111076444,78349.72304543099,1371.715485142765,600.2390021950403,22.396537188788372,201.99346765578773,18.554041042974713,87639.47478861561,1639.0057976950688,374.5379494921123,1728.8436389820743,412.5785365000072,77206.09987995481,1649.2592004900268,75575.65030423834,1147.0579291636247,1672.4532706573502,65.02254284241917,705.2001169081143,1267.7163817965454,626.065862837441,141.72470914353002,1204.8955366424009,92.55129676275494,582.9187987824943,540.9321725130982,100.57050250459115,6.543337049263147,85.82556872373901,3.0360924134250498,38.29740081377467
Alabama,2021,NA,NA,NA,NA,NA,NA,NA,NA,NA,NA,NA,NA,NA,NA,NA,NA,NA,NA,NA,NA,NA,NA,NA,NA,NA,NA,NA,NA,NA,NA,NA,NA,NA,NA,NA,NA,NA,NA,NA,NA,NA,NA,NA,NA,NA,NA,NA,NA,NA,NA,NA,NA,NA,NA,NA,NA,NA,NA,NA,NA,NA,NA,NA,NA,NA,NA,NA,NA
Alaska,2021,1.4717536510811728,986.5277935016416,18.11389109022982,6.905920978150118,7.585191894033738,4.415260953243519,0.6792709158836182,0.45284727725574553,94.33942112570757,5.660578874292428,93.06846096336643,98.34748680284599,1.6525131971540052,95.9017321408355,3.4869240348692405,84.4155844155844,33.76623376623377,95.76923076923077,18.072289156626507,4.742069849407241,41.875,19.402985074626866,61.53846153846154,24.375,38.125,46.15384615384615,30.76923076923077,469.2307692307692,8714,8471,308,260,249,204,45,6,4,9363,8833,530,50,4,2,0,8469,152,41,11,104,8673,160,8570,144,160,0,444,67,39,13,54,8,31,61,6,0,4,0,3
American Samoa,2021,NA,NA,NA,NA,NA,NA,NA,NA,NA,NA,NA,NA,NA,NA,NA,NA,NA,NA,NA,NA,NA,NA,NA,NA,NA,NA,NA,NA,NA,NA,NA,NA,NA,NA,NA,NA,NA,NA,NA,NA,NA,NA,NA,NA,NA,NA,NA,NA,NA,NA,NA,NA,NA,NA,NA,NA,NA,NA,NA,NA,NA,NA,NA,NA,NA,NA,NA,NA
Arizona,2021,2.495061856741865,973.645909138164,16.438819004054476,10.006237654641854,5.990747478947916,3.469695394531656,1.4424576359288908,1.0785944484873689,98.05175775028351,1.948242249716492,95.46769281736981,98.56387806310394,1.4361219368960545,94.12750805697058,5.0966836469487475,112.34064252932177,6.272310045894952,84.43032228778938,8.951612903225808,1.2053872911914987,36.44268774703557,41.64859002169197,58.854166666666664,20.35060975609756,60.86956521739131,57.8125,43.22916666666667,401.0416666666667,74924,72433,3922,4406,3720,3387,333,111,83,78481,76952,1529,577,20,128,5,72300,2682,308,686,246,75687,1265,73848,1076,1312,47,946,461,267,192,269,113,154,770,111,0,83,0,59
Arkansas,2021,1.3932832138399465,960.1753214710749,15.297088618617748,5.776319990711445,6.298801195901425,3.192940698383211,1.0159356767582943,0.7546950741633044,98.66540653549846,1.3345934645015323,94.73608843829653,98.8451887904713,1.154811209528704,NA,NA,NA,NA,NA,NA,0.2692098404788498,41.17647058823529,22.119815668202765,62.5,20.872865275142317,37.76091081593928,72.91666666666666,54.166666666666664,414.5833333333333,33079,NA,NA,NA,NA,NA,NA,35,26,34917,34451,466,NA,NA,NA,NA,NA,NA,NA,NA,NA,33924,527,32697,382,527,0,94,217,110,48,169,30,80,199,12,23,9,17,3
California,2021,2.1448397678526367,979.3765406937246,6.0730021933655545,0.5216522059822589,4.2387274597721225,2.5451775073273937,1.6134824045497778,1.3029173702905725,99.51852728264912,0.481472717350886,97.46611098501494,99.5845431213025,0.4154568786974919,99.38614879947204,0.6073002193365554,89.41270475429485,11.666000799041152,93.8337801608579,98.71428571428571,0.029941131871369035,69.79624450659209,50.60103033772181,66.51583710407239,41.87624750499002,8.589692369157012,75.22624434389141,60.74660633484162,24.32126696832579,403652,409622,2503,2238,2100,27,2073,665,537,414146,412152,1994,27,0,0,0,409622,0,2073,138,292,409649,2503,401975,1677,2505,2,124,1747,1049,884,863,588,461,215,665,0,537,0,84
Colorado,2021,2.6324395029431003,978.4009156311314,15.729234793982995,10.840418574231524,5.542838456507521,4.300196206671027,1.618705035971223,1.160889470241988,97.08707040241289,2.91292959758711,94.99007857766489,98.52938718895703,1.4706128110429653,87.22204054937868,5.194571615434924,252.88007554296507,0.3147623544224111,97.24919093851133,9.356201203123,1.6540995317088656,35.23908523908524,47.49262536873156,85.71428571428571,25.911330049261082,68.91891891891892,61.49068322981367,44.099378881987576,411.80124223602485,59839,53345,3177,8034,7813,7082,731,99,71,62995,61160,1835,4513,125,224,5,53116,2345,601,221,10,60198,962,58959,880,1015,53,1042,339,263,161,178,138,125,663,73,26,56,15,53
Commonwealth of the Northern Mariana Islands,2021,1.757469244288225,992.9701230228471,17.574692442882252,7.0298769771529,8.787346221441126,8.787346221441126,1.757469244288225,1.757469244288225,98.95652173913044,1.0434782608695654,98.26086956521739,98.23008849557522,1.7699115044247788,82.42530755711776,17.57469244288225,100,0,95,5.263157894736842,0,50,20,100,50,40,100,100,400,565,469,100,100,95,90,5,1,1,575,569,6,0,0,0,0,469,90,5,5,0,559,10,555,10,10,0,0,5,5,1,4,1,4,4,1,0,1,0,0
Connecticut,2021,2.5935733981271674,983.428431024598,12.449152311010401,0.8736247235796774,10.974910589969696,8.708946463184908,1.965655628054274,1.5561440388763002,99.13394137865707,0.8660586213429321,97.49113643129719,98.84515018599744,1.154849814002554,NA,NA,NA,NA,NA,NA,0.4113778451378928,88.1578947368421,23.6318407960199,71.57894736842105,69.95614035087719,7.017543859649122,75.78947368421053,60,33.68421052631579,36022,NA,NA,NA,NA,NA,NA,72,57,36949,36629,320,NA,NA,NA,NA,NA,NA,NA,NA,NA,36173,456,35606,416,456,0,152,402,319,95,307,68,251,32,72,0,57,0,9
Delaware,2021,1.5769944341372912,981.0760667903526,22.263450834879407,18.18181818181818,2.782931354359926,1.7625231910946197,1.5769944341372912,1.0204081632653061,97.55656108597285,2.4434389140271495,95.710407239819,97.8536308623298,2.146369137670197,93.57142857142857,5.825602968460111,93.78980891719745,17.038216560509554,81.83361629881153,5.394190871369295,1.7828054298642533,12.5,56.666666666666664,70.58823529411765,7.916666666666666,81.66666666666667,100,64.70588235294117,1152.9411764705883,10576,10087,628,589,482,456,26,17,11,11050,10780,270,59,6,3,0,10084,394,20,107,107,10540,240,10349,227,240,0,197,30,19,17,13,12,7,196,17,0,11,0,0
District of Columbia,2021,0.8358408559010365,980.0234035439652,19.140755600133733,7.689735874289536,4.680708793045804,3.009027081243731,0.25075225677031093,0,99.08895146595992,0.9110485340400862,97.10949146927281,98.17484008528785,1.8251599147121533,94.73420260782348,4.914744232698094,87.75510204081633,19.897959183673468,83.91472868217055,6.697459584295612,0.24018552261056816,24.45414847161572,17.857142857142858,50,15.72052401746725,40.174672489082965,30,0,919.9999999999999,11725,11334,588,516,433,404,29,3,0,12074,11964,110,42,0,3,0,11331,359,29,83,117,11735,229,11511,214,229,0,29,56,36,10,46,5,31,92,3,0,0,0,4
Florida,2021,1.446054921165906,934.811844153841,17.357479237061426,4.752700507565278,10.435696347747287,6.767537031056439,0.7856898405001421,0.5350403208313852,95.80901097277128,4.190989027228729,89.5633982340119,100,0,NA,NA,NA,NA,NA,NA,3.97208778217017,60.122188281033054,13.856812933025402,40.33333333333333,38.98916967509025,27.38128297695085,54.333333333333336,37,328.6666666666667,193937,NA,NA,NA,NA,NA,NA,163,111,216536,207461,9075,NA,NA,NA,NA,NA,NA,NA,NA,NA,203860,3601,193937,0,3601,0,8601,2165,1404,300,1865,121,1283,986,163,0,111,0,84
Georgia,2021,1.6936567133047997,974.4616591161281,22.418007825862055,12.981920423163883,7.567224822499771,5.506470102370285,1.2681567508489142,0.7759116962430856,95.8519264910513,4.148073508948706,93.404027317947,97.94945118923269,2.0505488107673076,92.28343303381473,5.141040722849348,147.9552093476144,5.7773450178513475,79.86179664363277,6.798516687268233,2.2895574428610272,33.75511723111276,22.381477398015434,68.96551724137932,21.767810026385224,57.90844808336435,74.8768472906404,45.812807881773395,766.5024630541872,116798,110610,6162,9117,7281,6786,495,152,93,125046,119859,5187,2969,118,220,4,110386,3597,373,1836,356,117172,2687,114403,2395,3032,345,2863,907,660,203,704,140,520,1556,114,38,83,10,25
Guam,2021,NA,953.4065934065934,25.054945054945055,NA,NA,NA,NA,NA,100,0,95.34065934065934,98.06362378976486,1.9363762102351314,91.82417582417582,8.175824175824175,101.61290322580645,0,77.77777777777779,10.204081632653061,0,NA,NA,NA,NA,NA,NA,NA,NA,2169,2089,186,189,147,132,15,NA,NA,2275,2275,0,0,0,3,0,2086,129,15,42,0,2218,57,2127,42,NA,0,0,NA,NA,NA,NA,NA,NA,NA,NA,NA,NA,NA,NA
Hawaii,2021,3.557780998814073,978.9168533403611,16.141784161286072,2.7012781657662406,13.176966662274344,11.529845829490052,0.9223876663592041,0.6588483331137173,97.5951646090535,2.404835390946502,95.53755144032921,98.64046305020864,1.359536949791358,92.59454473580182,5.488206614837265,129.65186074429772,14.8859543817527,96.75925925925925,8.229665071770336,0.13503086419753085,81.63265306122449,27,85.18518518518519,70.56451612903226,16.73469387755102,25.925925925925924,18.51851851851852,75.92592592592592,14858,14054,833,1080,1045,959,86,14,10,15552,15178,374,285,6,80,0,13974,594,80,35,124,14933,245,14656,202,248,3,21,200,175,54,146,46,129,41,14,0,10,0,16
Idaho,2021,3.0553301188714377,979.2333030982957,41.15147753854968,9.882083353224806,32.27192438057956,27.59345013605767,1.0980092614694228,0.9547906621473242,95.69646854584495,4.303531454155055,93.7091689889899,95.98771450858035,4.012285491419656,92.92022724017758,5.036520742827135,73.36492890995261,71.37440758293839,95.99483204134367,10.497981157469717,2.713691808671022,78.42227378190255,9.467455621301776,78.125,64.293659621802007,24.013921113689097,35.9375,31.25,323.4375,20512,19464,1055,774,743,665,78,23,20,21889,20947,942,391,37,41,3,19420,233,38,31,753,20085,862,19689,823,899,37,594,676,578,64,612,50,528,207,23,0,20,0,28
Illinois,2021,2.8445925239079357,978.6026921475102,15.362371227182361,3.00175233185865,14.325116494707643,10.663292969455991,1.5244501371219323,1.3437163579786104,98.7338138427043,1.2661861572956994,96.62117603246155,98.66143123273592,1.3385687672640842,95.95784973950762,3.649250740615595,93.34625322997417,25.25839793281654,90.61130334486735,9.546843177189409,0.055861153998339685,93.24808184143222,19.857377948436643,63.25966850828729,59.12854030501089,19.539641943734015,53.591160220994475,47.23756906077348,105.52486187845305,124536,122115,4644,4335,3928,3553,375,194,171,128891,127259,1632,487,13,354,10,121751,2712,352,407,1173,125304,1955,122869,1667,2295,340,72,1823,1357,362,1461,229,1128,382,194,0,171,0,65
Indiana,2021,2.403753947654422,978.8265077802355,49.62217590875964,3.4649857436933424,40.863817110125176,31.56844945084451,1.649384357699045,0.9333725435041107,97.59174455023022,2.408255449769781,95.52538650628267,95.17209849128078,4.827901508719221,NA,NA,NA,NA,NA,NA,0.009982406009408418,82.34990981705745,5.88235294117647,57.446808510638306,63.53576942871848,6.982736408142232,68.61702127659575,38.82978723404255,144.14893617021275,76555,NA,NA,NA,NA,NA,NA,129,73,80141,78211,1930,NA,NA,NA,NA,NA,NA,NA,NA,NA,74330,3881,72859,3696,3886,5,8,3196,2469,188,3008,108,2361,271,129,0,73,0,19
Iowa,2021,1.823960204504629,965.5382064391323,11.551747961862649,2.1555893325963797,8.042006356224954,5.83114550227995,0.8567085809036894,0.6356224955091889,98.20871217261501,1.7912878273849913,94.82426380784366,99.06691854141623,0.933081458583777,94.09700151996684,5.422136244300124,100.45871559633028,8.409785932721713,95.68746829020802,8.907741251325557,0.008142217397204506,69.61722488038278,22.68041237113402,60.60606060606061,49.184149184149184,18.660287081339714,46.96969696969697,34.84848484848485,118.18181818181819,34938,34049,1962,1971,1886,1718,168,31,23,36845,36185,660,167,7,0,0,34049,1551,161,85,165,35767,418,34612,326,429,11,3,291,211,66,225,40,171,78,31,0,23,0,7
Kansas,2021,2.7210128831630382,982.6743669480231,18.158596179475786,1.7492225677476676,15.409817858729452,11.939138160817414,1.971346068414038,1.5270990670812972,99.04845718057312,0.9515428194268742,97.33237995709807,98.36968806509945,1.6303119349005426,NA,NA,NA,NA,NA,NA,0.030251361311259006,84.86238532110092,17.65765765765766,53.06122448979592,65.74923547400611,9.63302752293578,72.44897959183673,56.12244897959183,64.28571428571429,35392,NA,NA,NA,NA,NA,NA,71,55,36362,36016,346,NA,NA,NA,NA,NA,NA,NA,NA,NA,35362,654,34815,577,654,0,11,555,430,98,457,52,378,63,71,0,55,0,14
Kentucky,2021,1.0727842878362766,979.3901633932992,26.076910381251032,4.1467238818286845,19.35137811520053,15.82356824558508,0.2888265390328437,0,97.57236603728008,2.4276339627199164,95.56141551592255,97.47014092220842,2.5298590777915866,94.04398415580128,5.246327776860868,120.17302398741643,0,62.5,6.178010471204189,0.014090744393896695,74.20886075949366,5.543710021321962,73.07692307692307,60.68037974683544,15.901898734177214,26.923076923076923,0,386.53846153846155,47473,45585,2543,3056,1910,1792,118,14,0,49678,48472,1206,324,20,167,2,45416,1301,96,1146,0,47208,1264,46272,1201,1264,0,7,938,767,52,886,38,729,201,14,0,0,0,38
Louisiana,2021,1.4153029632905794,968.2087571870853,12.507739938080496,4.741264927023441,6.828836797877045,5.395842547545334,0.9199469261388765,0.5484298982750995,98.56318331618685,1.4368166838131442,95.42973722296814,99.01878380353749,0.9812161964625055,96.36797877045555,3.632021229544449,98.34388699464198,1.6561130053580126,71.1738484398217,6.332637439109255,0.36792271879195804,54.596888260254595,20.72538860103627,66.25,43.14002828854314,37.9066478076379,65,38.75,335,54728,54472,2053,2019,1437,1346,91,52,31,57349,56525,824,0,0,0,0,54472,1346,91,582,34,55818,707,54191,537,707,0,211,386,305,80,306,53,252,268,42,10,29,2,7
Maine,2021,2.396804260985353,981.8908122503329,27.518863737239236,3.6395916555703507,25.12205947625388,18.46426986240568,1.7754105636928539,1.5978695073235687,96.42215184456047,3.5778481554395274,94.67602499358043,97.32393092848748,2.6760690715125217,NA,NA,NA,NA,NA,NA,0.19686724300265343,91.29032258064517,9.540636042402827,62.96296296296296,60.28985507246377,13.225806451612904,74.07407407407408,66.66666666666666,151.85185185185185,11061,NA,NA,NA,NA,NA,NA,20,18,11683,11265,418,NA,NA,NA,NA,NA,NA,NA,NA,NA,10955,310,10765,296,345,35,23,283,208,27,256,17,191,41,20,0,18,0,6
Marshall Islands,2021,NA,NA,NA,NA,NA,NA,NA,NA,NA,NA,NA,NA,NA,NA,NA,NA,NA,NA,NA,NA,NA,NA,NA,NA,NA,NA,NA,NA,NA,NA,NA,NA,NA,NA,NA,NA,NA,NA,NA,NA,NA,NA,NA,NA,NA,NA,NA,NA,NA,NA,NA,NA,NA,NA,NA,NA,NA,NA,NA,NA,NA,NA,NA,NA,NA,NA,NA,NA
Maryland,2021,1.1080937665823891,982.6606735961545,13.921403377344944,5.712145331959921,7.9127259106657934,5.353185379405063,0.5774573149795549,0.4526016793082998,98.4360597308425,1.5639402691575002,96.72924476126099,98.69605959055319,1.3039404094468179,96.1279145987452,2.965321347192309,101.84210526315789,28.73684210526316,88.68217054263566,7.400932400932401,0.07374178086400787,56.83856502242153,14.003944773175542,67.6056338028169,35.288065843621396,41.03139013452915,52.112676056338024,40.845070422535215,515.4929577464789,62963,61593,1900,1935,1716,1589,127,37,29,65092,64074,1018,567,14,0,0,61593,1022,113,219,546,63182,892,62142,821,972,80,48,507,343,71,436,48,295,366,37,0,29,0,11
Massachusetts,2021,2.2469644374666915,985.452345629222,22.41202990191136,0.7633917640111195,19.949011191611334,17.010673081077968,1.829259509988909,1.3539401097555706,99.03287925254975,0.9671207474502532,97.59218315384068,97.84264144876273,2.157358551237266,97.41311017327553,2.225359010183358,116.24595469255664,0,13.975501113585745,4.382470119521913,0.03994008986520219,89.01028277634961,11.263537906137184,81.41025641025641,75.89974293059126,3.4061696658097684,81.41025641025641,60.256410256410255,33.97435897435898,68417,67631,1545,1796,251,240,11,127,94,70105,69427,678,240,11,0,0,67631,0,0,1545,0,67871,1556,66941,1476,1556,0,28,1385,1181,156,1229,127,1054,53,127,0,94,0,7
Michigan,2021,1.891234325903015,959.1808591325932,12.322573654711833,5.634302262586066,5.791905123077983,3.5953152549718776,1.1032200234434253,0.8766659114862935,98.8895490984892,1.1104509015107975,94.85296266352363,99.05213756841965,0.9478624315803528,NA,NA,NA,NA,NA,NA,0.12565628622359026,47.00239808153477,32.6530612244898,65.625,28.69496855345912,45.72342126298961,58.333333333333336,46.35416666666667,297.91666666666663,97377,NA,NA,NA,NA,NA,NA,112,89,102661,101521,1140,NA,NA,NA,NA,NA,NA,NA,NA,NA,100270,1251,96454,923,1272,21,129,588,365,192,396,126,239,572,112,0,89,0,50
Micronesia,2021,NA,975.1209398756047,8.984105044920526,NA,NA,NA,NA,NA,87.64385221078135,12.356147789218655,85.4633555420957,99.36215450035436,0.6378454996456413,85.76364892881824,11.0573600552868,130,0,100,6.25,1.5142337976983646,NA,NA,NA,NA,NA,NA,NA,NA,1411,1241,160,208,208,195,13,NA,NA,1651,1447,204,39,7,2,0,1239,154,6,0,0,1434,13,1402,9,NA,0,25,NA,NA,NA,NA,NA,NA,NA,NA,NA,NA,NA,NA
Minnesota,2021,2.853635595517082,965.023036332042,21.298643327434757,4.734803194796499,14.284120075884388,10.55366907392351,1.865225500980439,1.1797152741243804,98.7220447284345,1.2779552715654952,95.26904735674154,98.21915318916953,1.780846810830456,91.87590670684077,7.766990291262135,93.76026272577997,10.83743842364532,91.61558669001751,10.15531660692951,0.012590692330694535,67.06586826347305,19.977678571428573,81.56424581005587,48.28592268417214,22.230538922155688,65.36312849162012,41.340782122905026,165.9217877094972,60533,57631,4872,4568,4185,3760,425,117,74,63539,62727,812,217,7,0,0,57631,3543,418,383,528,61391,1336,59455,1078,1371,35,8,896,662,179,717,146,516,297,117,0,74,0,41
Mississippi,2021,NA,NA,NA,NA,NA,NA,NA,NA,NA,NA,NA,NA,NA,NA,NA,NA,NA,NA,NA,NA,NA,NA,NA,NA,NA,NA,NA,NA,NA,NA,NA,NA,NA,NA,NA,NA,NA,NA,NA,NA,NA,NA,NA,NA,NA,NA,NA,NA,NA,NA,NA,NA,NA,NA,NA,NA,NA,NA,NA,NA,NA,NA,NA,NA,NA,NA,NA,NA
Missouri,2021,1.8716656350399385,977.5252748548354,15.62177616647508,5.644471954490524,10.168892032894155,7.722462935125416,1.2379520735697234,0.9137265304919386,97.8033382340223,2.1966617659776873,95.6052350889331,98.59488308281445,1.4051169171855447,95.68632652459694,4.247354614318978,85.32269257460096,16.897987508674532,84.38389589263929,9.10843373493976,0.1917034218340108,65.09433962264151,18.405797101449277,65.35433070866141,46.619217081850536,36.13207547169811,66.14173228346458,48.818897637795274,301.5748031496063,66329,64927,2882,2459,2075,1886,189,84,62,69378,67854,1524,45,0,0,19,64908,1841,170,384,487,66794,1060,65397,932,1124,64,133,690,524,127,563,83,441,383,84,0,62,0,13
Montana,2021,0.7486430844095078,973.2360097323601,23.488676773348306,17.967434025828187,5.240501590866554,4.023956578701104,0.5614823133071308,0.46790192775594236,94.98666666666666,5.013333333333334,92.44444444444444,97.77884615384616,2.2211538461538463,92.98147108366086,6.269885831929628,111.64179104477611,5.223880597014925,77.67379679144385,8.433734939759036,1.1022222222222222,22.31075697211155,14.285714285714285,37.5,16.666666666666664,76.49402390438247,75,62.5,2400,10400,9936,670,748,581,532,49,6,5,11250,10686,564,80,0,30,3,9903,422,46,167,35,10435,251,10169,231,258,7,124,56,43,8,48,3,40,192,6,0,5,0,2
Nebraska,2021,2.436152503146697,961.5087904502822,14.373299768565513,2.3143448779893623,10.962686264160135,7.349060051159203,1.5428965853262415,1.2992813350115717,99.31448848743901,0.6855115125609904,95.49175369974596,98.95274692791689,1.0472530720831046,94.10045068821307,5.672175078159893,100.64423765211168,3.3643521832498213,83.14366998577525,5.9880239520958085,0.19758861244405018,76.27118644067797,22.22222222222222,58.333333333333336,51.12994350282486,16.101694915254235,63.33333333333333,53.333333333333336,95,23681,23176,1397,1406,1169,1099,70,38,32,24799,24629,170,53,3,0,0,23176,1046,67,237,47,24275,354,23433,248,354,0,49,270,181,60,210,35,146,57,38,0,32,0,0
Nevada,2021,1.8972332015810276,989.596837944664,16.09486166007905,8.474308300395258,6.861660079051384,4.363636363636364,1.233201581027668,1.0118577075098814,94.9984980474617,5.001501952538299,94.01021327726043,98.62921779141104,1.3707822085889572,96.0094861660079,3.127272727272727,157.7350859453994,0.6066734074823054,83.78205128205128,19.127773527161438,2.7966356263142087,42.63261296660118,27.64976958525346,56.666666666666664,27.111984282907663,52.652259332023576,65,53.333333333333336,446.6666666666667,31296,30363,989,1560,1307,1057,250,39,32,33290,31625,1665,132,141,298,6,30059,627,103,253,6,31116,509,30867,429,509,0,931,217,138,60,157,34,104,268,39,0,32,0,17
New Hampshire,2021,1.8653236336504384,989.3676552881925,37.58627121805633,17.347509792949076,19.119567244916993,11.844805073680284,0,0,84.2659541024835,15.734045897516506,83.37000943099653,96.276395173454,3.723604826546003,96.24137287819437,3.7586271218056333,95.53349875930522,4.466501240694789,0,NA,15.702609242376612,50.86848635235732,9.75609756097561,50,31.5136476426799,46.15384615384615,0,0,930.0000000000001,10608,10319,403,385,0,0,0,0,0,12724,10722,2002,0,0,0,0,10319,0,0,385,18,10319,403,10213,395,403,0,1998,205,127,20,185,10,117,186,0,0,0,0,20
New Jersey,2021,0.8943992104613866,983.9522164651698,7.802862077473476,4.482276503001891,3.320585574471585,2.5187104202648243,0.4729007319680895,0.2878526194588371,98.72723951038304,1.272760489616954,97.1428861417291,99.34281326075373,0.6571867392462727,97.82568467801629,1.8689859363434493,139.32893289328933,0,75.87840505329649,7.700312174817898,0.07003227574447354,42.55599472990777,26.93498452012384,68.96551724137932,31.69469598965071,57.44400527009223,52.87356321839081,32.18390804597701,501.1494252873563,95711,95157,1818,2533,1922,1774,148,46,28,98526,97272,1254,280,17,417,1,94739,1077,130,611,0,96513,759,95082,629,773,14,69,323,245,87,236,60,185,436,46,0,28,0,37
New Mexico,2021,2.1076523994811933,960.8192823173368,21.83311716385646,5.296152183311716,14.429312581063554,9.349329874621704,1.5131863380890618,1.297016861219196,99.49991934182933,0.5000806581706727,95.60144109264935,98.36886214072781,1.6311378592721753,94.5092952875054,4.431474275832253,120.73170731707317,3.1707317073170733,72.42424242424242,14.644351464435147,0.15593912996719902,66.0891089108911,14.606741573033707,64.1025641025641,42.82178217821782,24.257425742574256,71.7948717948718,61.53846153846154,251.28205128205127,17779,17488,820,990,717,612,105,28,24,18597,18504,93,182,14,0,0,17488,430,91,273,26,18100,404,17489,290,404,0,29,267,173,39,228,25,148,98,28,0,24,0,5
New York,2021,1.142952039974015,979.4561697430312,15.51288751691227,10.916657304880015,3.9026439313642647,2.632697220282026,0.7863900787855401,0.5030942740056561,96.77942386053151,3.2205761394684846,94.79120380437351,98.62262937160583,1.3773706283941813,96.39090913531282,3.058129368494576,127.29595911196294,0,66.19824341279799,9.13570887035633,1.2834088094315184,25.15743073047859,29.28660826032541,62.82051282051282,16.599938404681243,70.37153652392946,68.80341880341881,44.01709401709402,955.1282051282051,200527,197344,6261,7970,5276,4794,482,161,103,211546,204733,6813,1086,42,546,35,196763,3162,405,2694,0,201557,3176,197765,2762,3247,71,2715,799,539,234,565,147,392,2235,161,0,103,0,1
North Carolina,2021,2.01351107020168,976.1419484212429,10.470257565048735,3.73937770180312,5.383060208090205,3.1558704120712044,1.191669817058137,0.9204622035207679,98.97589822429374,1.024101775706256,96.61452613940473,99.15638812881498,0.8436118711850137,95.36481533227041,4.635184667729582,95.79787234042553,4.202127659574468,90.28317601332593,10.49610496104961,0.10737206862051293,51.41287284144427,37.404580152671755,61.63265306122449,29.606784888203546,35.714285714285715,59.183673469387756,45.714285714285715,185.71428571428572,118775,116038,5640,5403,4878,4366,512,145,112,122937,121678,1259,0,0,0,0,116038,4366,512,525,237,120404,1274,117773,1002,1297,23,132,655,384,245,410,151,233,455,145,0,112,0,48
North Dakota,2021,1.3024225058609014,982.4607102544065,25.44065294781627,10.332551879829817,9.898411044542849,5.730659025787966,0.9551098376313276,0.8682816705739342,98.5706949674769,1.4293050325231085,96.84183498801781,97.59611135660627,2.403888643393725,87.54015802726404,11.791265086394025,102.13549337260676,3.5346097201767304,89.11319394376352,7.605177993527508,0.04279356384799726,38.907849829351534,13.157894736842104,66.66666666666666,22.22222222222222,40.61433447098976,73.33333333333333,66.66666666666666,793.3333333333334,11315,10082,1358,1387,1236,1142,94,11,10,11684,11517,167,73,4,0,0,10082,1069,90,151,48,11224,293,11043,272,297,4,5,114,66,15,99,10,56,119,10,1,9,1,0
Ohio,2021,2.240330685430751,981.8485883550136,44.15186917730955,7.920042282297443,35.15899248227062,30.283906694960045,1.0570574360835234,0.7257409262662996,97.19606820830522,2.80393179169478,95.43182236398209,95.74502273713304,4.2549772628669675,95.46885230383302,4.448318568712677,102.26990601170421,0,3.086526790358939,4.49438202247191,0.030669201987364288,79.6319456851885,6.371999102535337,66.19718309859155,66.20106914985342,17.938181168483116,47.183098591549296,32.3943661971831,353.5211267605634,124466,121023,5639,5767,178,170,8,134,92,130424,126767,3657,101,4,23,0,121000,46,4,5589,0,121170,5597,119170,5296,5799,202,40,4457,3839,284,4173,188,3651,1004,133,1,92,0,37
Oklahoma,2021,2.2130614016055543,1000,17.183770883054894,9.242785853764373,2.2130614016055543,1.540464308960729,2.0177912779344758,0.4990236493816446,99.09270725834193,0.9072927416580667,99.09270725834193,98.28162291169451,1.7183770883054894,94.18528965068344,4.968539813408548,160.26200873362447,0,87.76566757493188,10.648866811549208,0.06234950120399036,12.878787878787879,100,69.6078431372549,8.964646464646464,53.78787878787878,91.17647058823529,22.54901960784314,417.64705882352945,46090,43410,2290,3670,3221,2878,343,93,23,46512,46090,422,381,9,840,150,42420,1657,184,449,0,45298,792,45298,792,792,0,29,102,71,102,0,71,0,426,43,50,22,1,9
Oregon,2021,2.812492357357725,972.1196409792365,38.665655799848366,4.573357137616474,32.16023869500355,26.657536256694957,2.2499938858861794,1.6874954144146348,98.39730477680183,1.6026952231981713,95.6539525929491,96.21374122619437,3.786258773805631,NA,NA,NA,NA,NA,NA,0.15401275418120564,83.1752055660974,8.745247148288973,68.69565217391305,68.943706514864,11.827956989247312,80,60,162.6086956521739,39749,NA,NA,NA,NA,NA,NA,92,69,41555,40889,666,NA,NA,NA,NA,NA,NA,NA,NA,NA,39308,1581,38244,1505,1581,0,64,1315,1090,115,1200,79,1011,187,92,0,69,0,6
Palau,2021,NA,986.3636363636364,0,NA,NA,NA,NA,NA,97.77777777777777,2.2222222222222223,96.44444444444444,100,0,95,5,100,0,100,0,0,NA,NA,NA,NA,NA,NA,NA,NA,217,209,11,11,11,11,0,NA,NA,225,220,5,0,0,0,0,209,11,0,0,0,220,0,217,0,NA,0,0,NA,NA,NA,NA,NA,NA,NA,NA,NA,NA,NA,NA
Pennsylvania,2021,1.8510662913115574,973.3292198526859,12.1321969843045,5.221549496741352,7.303999074466854,6.039103775403957,1.0643631175041455,0.8021287262350083,98.10976670979849,1.8902332902015089,95.49310269157719,98.96827975308446,1.0317202469155369,93.80509814507732,3.8779838802977133,152.94351630867143,10.898965791567223,91.83355006501951,5.621636930048145,0.3632153640098976,60.20343293070566,25.343189017951424,68.33333333333333,45.36500579374276,43.03877940241577,57.49999999999999,43.333333333333336,282.0833333333333,126197,121623,5028,7690,7062,6665,397,138,104,132153,129655,2498,2970,34,202,4,121417,3493,359,628,548,128082,1573,124895,1302,1726,153,480,947,783,240,707,164,619,677,138,0,104,0,48
Puerto Rico,2021,0.4787998084800766,975.9536096185561,21.226791509283395,4.202798318880673,11.012395595041761,6.224397510240996,0.21279991488003405,0.05319997872000851,97.97758665624185,2.0224133437581444,95.62157935887411,98.01580812210412,1.9841918778958845,NA,NA,NA,NA,NA,NA,0.41699244201198854,51.8796992481203,4.3478260869565215,44.44444444444444,29.32330827067669,19.799498746867165,44.44444444444444,11.11111111111111,877.7777777777778,18345,NA,NA,NA,NA,NA,NA,4,1,19185,18797,388,NA,NA,NA,NA,NA,NA,NA,NA,NA,18398,399,17981,364,399,0,80,207,117,9,198,4,113,79,2,2,0,1,1
Rhode Island,2021,1.4823049842505094,967.7598665925515,26.12562534741523,6.76301649064295,22.419862886788955,15.008337965536409,1.1117287381878822,0.7411524921252547,98.11835287701118,1.8816471229888192,94.95500409053722,97.67375071797817,2.3262492820218266,85.18621456364647,9.894385769872152,147.09737827715358,4.119850187265917,93.76193507320178,9.504412763068567,0.7362967002999727,85.81560283687944,6.6115702479338845,62.5,49.390243902439025,25.886524822695034,75,50,456.25,10446,9195,1068,1571,1473,1333,140,12,8,11001,10794,207,512,19,16,0,9179,805,121,98,44,10512,282,10203,243,328,46,81,242,162,16,226,10,152,73,12,0,8,0,0
South Carolina,2021,2.471519598378065,979.3975670978954,17.860590847653988,11.527321876810197,5.754006564973933,3.9003668661903843,1.8922571925082063,1.2936860397760184,97.32584142972583,2.674158570274181,95.32069231202902,98.51349486426277,1.4865051357372394,94.60899787603785,5.174744159104074,111.08208955223881,4.58955223880597,78.2331205911992,6.6122799484757415,1.5823201097476183,32.21621621621622,42.95302013422819,60.9375,21.83783783783784,64.54054054054053,76.5625,52.34375,466.40625,50723,48998,2680,2977,2329,2175,154,98,67,53213,51790,1423,101,11,286,22,48690,1788,121,648,123,50865,925,49969,754,925,0,842,298,202,128,170,78,124,597,92,6,63,4,20
South Dakota,2021,3.095427611214292,988.4142566551693,30.15830901211639,47.758026001591936,6.367736800212258,5.660210489077563,0,0,92.60442260442261,7.395577395577396,91.53153153153153,97.08303507516106,2.9169649248389407,94.48129477314937,5.0853453612806225,97.56521739130434,11.130434782608695,54.01069518716578,6.270627062706271,1.9656019656019657,21.114369501466275,48.61111111111111,82.85714285714286,9.98439937597504,158.35777126099705,0,0,1542.857142857143,11176,10683,575,561,303,284,19,0,0,12210,11307,903,48,1,0,1,10682,236,17,258,64,10966,341,10850,326,641,300,240,72,64,35,37,29,35,540,0,0,0,0,28
Tennessee,2021,1.790489477967678,980.1999767468899,27.19451226601558,7.406115567957214,17.381699802348564,11.31263806534124,0.9068712940355773,0.6394605278455994,98.62174930055497,1.3782506994450305,96.66903637114159,97.421329189747,2.578670810253004,NA,NA,NA,NA,NA,NA,0.3153235793239462,63.9162035057717,10.301003344481606,45.45454545454545,40.575479566305255,27.233860624198375,50.649350649350644,35.714285714285715,413.6363636363637,84307,NA,NA,NA,NA,NA,NA,78,55,87212,86010,1202,NA,NA,NA,NA,NA,NA,NA,NA,NA,83671,2339,82133,2174,2398,59,275,1495,973,154,1341,70,903,637,73,5,50,5,23
Texas,2021,1.3014752816409088,980.925511955059,15.584544773789228,8.941770724819493,6.297371904160576,4.266407292682724,0.3813239678693109,0.002763217158473267,98.81416557448668,1.1858344255133246,96.9293359545653,98.55406006862087,1.445939931379122,95.8294763427163,3.7858838288242236,95.03685862345814,15.363842055324428,80.99224329928578,10.051204248056136,0.6501201397990388,40.40780141843972,20.666959192628344,67.94055201698514,25.579854208084825,57.3758865248227,29.29936305732484,0.21231422505307856,687.0488322717622,354994,346804,13701,13021,10546,9486,1060,138,1,366240,361897,4343,1347,45,28,5,346771,8111,1010,2475,2105,356257,5640,349861,5133,6036,396,2381,2279,1544,471,1808,320,1224,3236,127,11,1,0,289
Utah,2021,2.385375327197501,984.5900531959807,9.457063244110445,0.6332854850966816,14.861099383602129,12.602381153423964,1.6676517774212616,1.4565566157223677,98.75132892789394,1.248671072106064,97.22957620228888,99.22173148664294,0.7782685133570602,94.80494807059023,5.064172929156464,98.4160066694456,5.252188411838266,97.33163913595934,11.270670147954744,0.029184298847220194,157.14285714285714,16.051136363636363,90.2654867256637,77.9373368146214,6.696428571428571,69.91150442477876,61.06194690265486,26.548672566371685,46642,44911,2399,2361,2298,2039,259,79,69,47971,47372,599,58,4,24,2,44885,1957,253,63,126,46924,448,46279,363,766,318,14,704,597,113,591,102,495,30,79,0,69,0,7
Vermont,2021,1.5857284440039643,969.0782953419227,8.721506442021804,0,8.721506442021804,8.721506442021804,0.7928642220019821,0.7928642220019821,98.53515625,1.46484375,95.48828125,100,0,89.25668979187314,8.8800792864222,112.27678571428572,8.705357142857142,99.00596421471172,0,0,100,18.181818181818183,100,100,0,50,50,0,4889,4503,448,503,498,498,0,4,4,5120,5045,75,94,0,0,0,4503,404,0,5,39,5001,44,4889,0,44,0,0,44,44,8,36,8,36,0,4,0,4,0,1
Virgin Islands,2021,NA,719.7802197802198,0,NA,NA,NA,NA,NA,79.64989059080962,20.350109409190374,57.330415754923415,100,0,NA,NA,NA,NA,NA,NA,20.350109409190374,NA,NA,NA,NA,NA,NA,NA,NA,524,NA,NA,NA,NA,NA,NA,NA,NA,914,728,186,NA,NA,NA,NA,NA,NA,NA,NA,NA,728,0,524,0,NA,0,186,NA,NA,NA,NA,NA,NA,NA,NA,NA,NA,NA,NA
Virginia,2021,1.4590921677636484,974.7374699128804,16.99789123905681,2.5134726393592772,12.00289688371994,8.978209470253692,0.34080984940464776,0.23430677146569534,97.68414481897628,2.3158551810237205,95.21639617145236,98.5500753917091,1.4499246082909027,95.69621062048694,3.607259249792319,111.3669914378506,23.501623855919693,89.4220572640509,11.888526534242514,0.11131918435289222,70.6140350877193,12.156166814551908,70.8029197080292,52.06917850525016,14.786967418546364,23.357664233576642,16.05839416058394,172.2627737226277,91522,89853,3387,3772,3373,2972,401,32,22,96120,93894,2226,612,42,462,65,89326,1898,294,399,796,92298,1596,90195,1327,1619,23,107,1127,843,137,990,97,746,236,32,0,22,0,8
Washington,2021,2.0535386872020536,966.5688791101333,12.66348857107933,4.583791712504583,6.735117956240068,3.4103410341034106,1.5279305708348612,1.2101210121012103,99.1263888720602,0.8736111279398044,95.81248258230241,98.83401833702182,1.1659816629781854,92.5119178584525,5.113066862241779,146.16304087975138,0.33468802295003586,89.95747464834805,7.418181818181818,0.16720989688723026,53.18532818532818,30.490018148820326,52.38095238095239,25.833333333333336,36.196911196911195,74.40476190476191,58.92857142857143,223.21428571428572,79075,75684,4183,6114,5500,5092,408,125,99,82531,81810,721,1850,93,0,2,75682,3242,313,614,14,80774,1036,78153,922,1080,44,138,551,279,168,383,88,191,375,125,0,99,0,12
West Virginia,2021,0.946126447016919,970.0578806767587,54.26313446126447,14.02493321460374,32.50222617987533,28.82902938557435,0.6678539626001782,0.6121994657168299,98.65480700598474,1.3451929940152638,95.70087300280021,94.60699942627654,5.393000573723465,NA,NA,NA,NA,NA,NA,0.7027947070773624,59.897435897435905,2.910958904109589,52.94117647058824,53.12820512820513,25.846153846153847,70.58823529411765,64.70588235294117,1482.3529411764707,17430,NA,NA,NA,NA,NA,NA,12,11,18213,17968,245,NA,NA,NA,NA,NA,NA,NA,NA,NA,16993,975,16490,940,975,0,128,584,518,17,567,9,509,252,12,0,11,0,1
Wisconsin,2021,1.6763207249672203,942.1752336060813,12.896051517817131,2.8713216378151403,7.867089342915471,5.7094488058289485,0.8962506846359396,0.4813198121193009,97.98663175527331,2.013368244726699,92.32057766429767,99.81503338207057,0.18496661792943084,NA,NA,NA,NA,NA,NA,0.26020914309876564,61.003861003861005,21.308016877637133,63.366336633663366,44.272844272844274,22.265122265122265,53.46534653465347,28.71287128712871,171.2871287128713,56767,NA,NA,NA,NA,NA,NA,54,29,61489,60251,1238,NA,NA,NA,NA,NA,NA,NA,NA,NA,59474,777,56662,105,777,0,160,474,344,101,373,64,280,173,54,0,29,0,9
Wyoming,2021,2.1621621621621623,992.2522522522522,4.504504504504505,0,5.7657657657657655,4.504504504504505,1.8018018018018018,1.2612612612612613,98.28227377368515,1.7177262263148574,97.52080750841155,99.58234973669875,0.417650263301253,96.54054054054055,3.4594594594594597,96.875,3.6458333333333335,99.46236559139786,9.18918918918919,0.03541703559412077,128,37.5,75,75.75757575757575,0,83.33333333333334,58.333333333333336,0,5507,5358,192,186,185,168,17,10,7,5647,5550,97,0,0,1,0,5357,167,17,1,7,5525,25,5484,23,33,8,2,32,25,12,20,9,16,0,10,0,7,0,0
US,2021,1.8578306364195802,974.3039049502152,17.35666443297544,5.8616580297589245,10.445238033481425,7.734880328401065,1.1190308497366173,0.7838346502230508,98.04058168327553,1.95941831672447,95.52132157760587,98.54153057084038,1.4584694291596174,75.62946910451595,2.9352469919989006,116.75665177704408,9.055156341037094,79.64918992647793,10.806436455146345,0.7576335520555896,60.179984891779156,17.78638869180811,65.23473458115987,42.68837501966336,33.77180017735738,60.2332003682111,42.190856090825406,315.5108929119362,3418241,2653379,102980,120236,95767,85418,10349,3926,2750,3578511,3508393,70118,20959,878,4400,344,2648635,60059,9127,24469,9325,3447499,60894,3368387,49854,63570,2746,27112,36646,27137,6518,30128,4252,22885,20565,3753,173,2694,56,1275
State/Territory average,2021,1.916029110110538,971.2480213128799,19.32642019609659,7.109530069979026,12.196611723134769,9.218175378834074,1.1458890455738848,0.8337322393217659,97.14261872656326,2.857381273436737,94.4256088461251,98.29581509509153,1.7041849049084707,93.63484866782231,5.374439809263487,114.16359746497018,9.164308736637567,80.58129351227352,10.549829083832272,1.2996031861468114,60.90290142647377,23.101424538761655,66.01049150313405,42.62004126157928,34.99836925468252,59.75777300526427,42.649309887679856,443.84950567939404,62149.836363636365,63175.69047619047,2451.904761904762,2862.7619047619046,2280.1666666666665,2033.7619047619048,246.4047619047619,76.98039215686275,53.92156862745098,65063.836363636365,63788.96363636364,1274.8727272727272,499.0238095238095,20.904761904761905,104.76190476190476,8.19047619047619,63062.73809523809,1429.9761904761904,217.3095238095238,582.5952380952381,222.02380952380952,62681.8,1107.1636363636364,61243.4,906.4363636363636,1246.4705882352941,49.92727272727273,492.94545454545454,718.5490196078431,532.0980392156863,127.80392156862744,590.7450980392157,83.37254901960785,448.72549019607845,403.2352941176471,73.58823529411765,3.392156862745098,52.8235294117647,1.0980392156862746,25
State/Territory median,2021,1.8716656350399385,978.8265077802355,16.99789123905681,5.296152183311716,8.721506442021804,6.039103775403957,1.1032200234434253,0.8021287262350083,98.20871217261501,1.7912878273849913,95.49310269157719,98.5500753917091,1.4499246082909027,94.49529503032738,5.018260371413568,101.98879931788233,4.528026739750379,88.22391905878376,8.433734939759036,0.19686724300265343,60.122188281033054,19.977678571428573,65.625,42.82178217821782,27.38128297695085,65,45.714285714285715,335,39749,44160.5,1859,1953,1455,1237.5,122.5,52,29,41555,40889,721,116.5,7,3,0,43652.5,1034,99.5,255.5,47.5,39308,759,38244,537,792,3,94,461,305,95,307,60,233,215,43,0,29,0,11
State/Territory SD,2021,0.6731839449895147,36.46902489185593,11.062659223734167,7.332004548336667,9.123999970875989,7.727913334729199,0.5748270178828808,0.48034607258687884,3.6000262078775225,3.600026207877523,5.756942974989163,1.1775128474140697,1.1775128474140715,3.5379224013482764,2.960178695732526,30.793141873070955,13.112170078354154,23.5592203892027,14.576417357247074,3.4641775972284097,27.9141074772109,16.826418759435928,13.148907760195337,21.14567354222279,27.281795615838774,21.425538343391164,20.84140493898629,453.50709052824635,77838.13477523431,84390.61703492874,2557.1117358717174,2930.3613013691906,2483.202092074123,2288.095062513514,366.9890713813649,100.16675899640128,79.84781603456788,80888.44392050161,79771.05243246976,1689.4206223013969,940.8844175690008,35.071223367292355,186.15674087148483,25.304234770660177,84358.33496751053,1613.561875556233,357.55596444747334,1006.3860981320025,398.33963251717,78813.96509746979,1264.1681317450875,77128.32196978017,1128.2153354292093,1325.3949955079984,100.32979959547754,1295.685252963649,852.005781992716,678.7577846301864,147.88671605088038,772.1807001767722,97.37596434116865,636.0027068631508,573.2463201185087,99.92060377531517,9.849017070495002,79.90887457156506,3.46557297981609,43.57614026046823
Alabama,2022,NA,NA,NA,NA,NA,NA,NA,NA,NA,NA,NA,NA,NA,NA,NA,NA,NA,NA,NA,NA,NA,NA,NA,NA,NA,NA,NA,NA,NA,NA,NA,NA,NA,NA,NA,NA,NA,NA,NA,NA,NA,NA,NA,NA,NA,NA,NA,NA,NA,NA,NA,NA,NA,NA,NA,NA,NA,NA,NA,NA,NA,NA,NA,NA,NA,NA,NA,NA
Alaska,2022,1.858088491464406,979.3287655324585,24.968064104052957,15.096968993148298,6.967831842991523,4.064568575078388,0.4645221228661015,0.11613053071652538,92.3233622815482,7.676637718451806,90.41492441299454,97.67579746235029,2.3242025376497093,94.25153872953199,3.93682499129021,110.91445427728614,35.39823008849557,85.90425531914893,13.003095975232199,6.8939637611236195,27.906976744186046,26.666666666666668,43.75,16.055045871559635,60.46511627906976,25,6.25,812.5,8433,8116,339,376,323,281,42,4,1,9327,8611,716,146,10,1,0,8115,134,32,53,120,8396,215,8237,196,218,3,643,60,35,16,44,7,28,130,4,0,1,0,4
American Samoa,2022,1.4577259475218658,890.6705539358601,40.816326530612244,7.288629737609329,10.204081632653061,0,0,0,97.16713881019831,2.8328611898017,86.54390934844193,96.39934533551555,3.600654664484452,82.79883381924198,9.037900874635568,198.38709677419354,0,90.2439024390244,14.414414414414415,0.424929178470255,25,14.285714285714285,0,0,17.857142857142858,0,0,500,611,568,62,123,111,95,16,0,0,706,686,20,52,4,3,2,563,40,10,12,0,658,28,589,22,28,0,3,7,0,1,6,0,0,5,0,0,0,0,0
Arizona,2022,2.1045877446262433,973.1793391081168,15.34809111324992,9.54764196342637,5.659287776708374,3.618864292589028,1.3089509143407123,0.9881296118062238,98.09043075451272,1.9095692454872737,95.45958057450719,98.64574404958132,1.3542559504186722,94.24574911774141,4.817452678857876,115.58337773042089,6.659563132658497,84.76607513251902,7.748776508972267,0.25049721809622116,36.87290969899665,37.188208616780045,67.6829268292683,22.687047465808526,62.207357859531776,62.19512195121951,46.95121951219512,453.6585365853658,75835,73441,3754,4339,3678,3393,285,102,77,79442,77925,1517,707,23,101,4,73336,2585,258,661,250,76729,1196,74808,1027,1243,47,199,441,282,164,277,111,171,744,102,0,77,0,40
Arkansas,2022,1.1737778038617288,960.1795880039908,14.789600328657786,6.27971125066025,5.4874112330535825,2.6996889488819766,0.7629555725101238,0.2934444509654322,98.87712171768462,1.1228782823153924,94.93979399390686,98.90284526756517,1.0971547324348276,92.06819649040436,6.323727918305065,137.81902552204178,0,89.52861952861953,7.258367807446408,0.10155229943420861,37.10317460317461,21.390374331550802,60,18.253968253968253,42.46031746031746,65,25,535,32721,31375,2155,2970,2659,2466,193,26,10,34465,34078,387,522,26,256,11,31108,1688,156,311,0,33574,504,32362,359,504,0,35,187,92,40,147,24,68,214,8,18,2,8,3
California,2022,2.241727709017429,979.4601395068685,6.989915868420542,0.8160568908232461,4.617036159092234,2.5744651912876213,1.7146909670274157,1.4961042998426175,99.51900533203134,0.4809946679686556,97.47489884609621,99.5174556572497,0.4825443427503044,96.5332154584491,3.4541550896691087,98.69919842497539,1.6664322880045002,98.52532592434281,17.599421547360812,0.027796174279595676,66.05281445448227,48.55339295107838,60.67172264355363,36.831132731063235,11.674774148714386,76.48970747562296,66.738894907909,36.403033586132175,403279,397462,14222,14037,13830,11396,2434,706,616,413726,411736,1990,52,0,0,0,397462,11344,2434,207,237,408858,2878,401333,1946,2878,0,115,1901,1060,923,978,560,500,336,706,0,616,0,46
Colorado,2022,2.7747127928863504,978.013240734731,15.512429415200884,9.297721814759525,7.496592457973648,5.419614460959305,1.411695982345687,0.9573570454987992,97.2142474051172,2.7857525948827964,95.07682115026658,98.59970467705274,1.4002953229472566,86.5629259427533,5.309275004867917,259.1992665036675,1.7420537897310513,97.53566796368352,8.341392649903288,0.9701233555226045,48.32635983263599,37.01298701298701,77.77777777777779,31.96172248803828,59.937238493723854,50.877192982456144,34.50292397660819,335.08771929824564,60273,53347,3272,8481,8272,7582,690,87,59,63394,61628,1766,4846,163,241,16,53090,2495,511,209,57,60672,956,59429,844,1045,89,615,462,334,171,291,133,201,573,68,19,43,16,40
Commonwealth of the Northern Mariana Islands,2022,4.237288135593221,993.6440677966102,12.711864406779663,6.355932203389831,4.237288135593221,4.237288135593221,4.237288135593221,4.237288135593221,99.78858350951374,0.21141649048625794,99.15433403805497,98.72068230277186,1.279317697228145,71.1864406779661,28.177966101694917,102.25563909774435,0,97.79411764705883,2.2556390977443606,0,33.33333333333333,100,100,33.33333333333333,50,100,100,150,469,336,133,136,133,130,3,2,2,473,472,1,3,0,0,0,336,127,3,3,0,466,6,463,6,6,0,0,2,2,2,0,2,0,3,2,0,2,0,0
Connecticut,2022,2.4549015281072433,984.7465107298506,14.674242842169141,1.0205770397749214,12.715838252330778,9.654107133006013,1.5722403045181221,1.0205770397749214,99.10880262438491,0.8911973756150903,97.59704756697649,98.60228004817793,1.3977199518220778,NA,NA,NA,NA,NA,NA,0.4428649535265172,86.65413533834587,19.305856832971802,59.55056179775281,65.78947368421053,6.954887218045112,64.04494382022472,41.57303370786517,41.57303370786517,35701,NA,NA,NA,NA,NA,NA,57,37,36580,36254,326,NA,NA,NA,NA,NA,NA,NA,NA,NA,35722,532,35202,499,532,0,162,461,350,89,372,53,297,37,57,0,37,0,0
Delaware,2022,0.9898317286061371,976.8739314316566,26.275533159362908,21.5963286241339,2.4295869702150634,1.6197246468100424,0.17996940520111582,0.17996940520111582,97.6881153305204,2.3118846694796065,95.42897327707455,97.51289609432573,2.4871039056742816,91.90137676594979,7.009808332583462,88.18998716302953,27.471116816431323,95.0509461426492,6.7381316998468606,1.4943741209563994,9.246575342465754,40.74074074074074,81.81818181818183,6.143344709897611,82.1917808219178,18.181818181818183,18.181818181818183,2181.8181818181815,10856,10213,779,687,653,609,44,2,2,11376,11113,263,112,9,1,0,10212,496,35,34,214,10821,292,10586,270,293,1,170,27,18,11,16,9,9,240,2,0,2,0,5
District of Columbia,2022,1.0477604121190953,978.6082249192351,18.423120579760763,6.985069414127302,4.103728280799791,2.5320876626211475,0.5238802060595477,0,98.93745680718729,1.062543192812716,96.82100898410505,98.23340471092077,1.7665952890792294,95.31127215576704,4.269623679385314,86.09406952965234,23.92638036809816,81.71021377672209,4.941860465116279,0.2505183137525916,22.274881516587676,25.53191489361702,50,13.615023474178404,37.91469194312796,50,0,666.6666666666667,11208,10916,489,421,344,327,17,6,0,11576,11453,123,48,0,1,0,10915,278,17,77,117,11242,211,11010,198,213,2,29,47,29,12,35,6,23,80,5,1,0,0,0
Florida,2022,1.3801226376076676,935.120749492007,18.14838790886695,5.097912283541026,11.148873424322527,6.2802323281365195,0.7282731833630037,0.4135872399345453,99.03522089301057,0.9647791069894173,92.60988998757853,98.65921196854028,1.3407880314597234,NA,NA,NA,NA,NA,NA,0.6655951845635343,61.43175625464454,12.379032258064516,44.951140065146575,34.60490463215259,28.090165964825363,52.76872964169381,29.967426710097723,369.38110749185665,208012,NA,NA,NA,NA,NA,NA,162,92,224611,222444,2167,NA,NA,NA,NA,NA,NA,NA,NA,NA,218407,4037,205223,2789,4037,0,1495,2480,1397,307,2173,138,1259,1134,162,0,92,0,66
Georgia,2022,1.6727729679888372,975.0226436340789,23.353542606751475,15.471109986862613,7.099085278781895,4.977519563283858,1.142381539114328,0.7996670773800296,96.45887445887446,3.5411255411255413,94.04958677685951,97.85505063185204,2.1449493681479623,93.81563593932322,5.163564556796762,122.55056890012644,5.467762326169406,74.08123791102514,8.807658833768494,0.03305785123966942,30.398322851153043,23.563218390804597,72.1951219512195,19.59524574365564,66.24737945492663,68.29268292682927,47.80487804878049,924.8780487804877,119490,114972,6328,7755,5745,5239,506,140,98,127050,122551,4499,1174,77,502,20,114450,3563,409,2010,346,119689,2862,116927,2563,3113,251,42,870,610,205,665,148,462,1896,102,38,68,30,30
Guam,2022,1.3901760889712698,905.4680259499537,34.291010194624654,21.316033364226136,4.170528266913809,0.4633920296570899,0.4633920296570899,0,100,0,90.54680259499537,97.64585465711362,2.3541453428863868,88.73957367933272,11.167747914735866,108.29875518672199,0,82.75862068965517,13.425925925925927,0,12.162162162162163,33.33333333333333,0,1.3513513513513513,62.16216216216216,33.33333333333333,0,1533.3333333333335,1954,1915,241,261,216,187,29,1,0,2158,2158,0,2,0,13,5,1897,172,24,45,0,2084,74,1908,46,74,0,0,9,1,3,6,0,1,46,1,0,0,0,2
Hawaii,2022,5.207989979563584,975.9377678159404,16.349133100402135,2.636956951677764,13.382556529764651,11.009295273254665,2.043641637550267,1.2525545520469379,97.92769528728212,2.0723047127178824,95.5713363460297,98.68278843555795,1.3172115644420426,90.42784626540971,5.5376095985233045,166.9047619047619,13.571428571428571,97.43223965763195,7.174231332357247,0.1355713363460297,81.85483870967742,38.91625615763547,81.0126582278481,66.26984126984127,16.129032258064516,39.24050632911392,24.050632911392405,50.63291139240506,14804,13717,840,1402,1366,1268,98,31,19,15490,15169,321,600,12,64,0,13653,604,86,36,114,14921,248,14609,195,252,4,21,203,167,79,124,64,103,40,31,0,19,0,16
Idaho,2022,1.8165304268846503,979.0142932262537,41.39777236005545,10.134327644724891,32.12390649648645,27.10454610641044,1.0038720780152015,0.860461781155887,95.70846868280185,4.291531317198151,93.69995882326029,95.9814453125,4.0185546875,92.91075099192122,5.043262106219226,73.8388625592417,71.37440758293839,95.89216944801026,10.843373493975903,3.069954705586311,77.59815242494227,5.654761904761905,81.57894736842105,62.72123893805309,24.480369515011546,55.26315789473685,47.368421052631575,557.8947368421052,20480,19436,1055,779,747,666,81,21,18,21857,20919,938,391,37,44,5,19387,231,39,32,753,20053,866,19657,823,904,38,671,672,567,38,634,31,536,212,21,0,18,0,7
Illinois,2022,2.4979926844499953,978.5075304746997,14.095815862253545,2.887290245662982,13.01713720305923,9.416134761839107,1.297658537376621,1.1354512202045435,98.66603716210808,1.3339628378919066,96.54546036521934,98.78407612164212,1.215923878357881,95.90345420481918,3.800517441341779,94.32351685872813,19.483568075117372,89.81900452488688,9.445843828715365,0.038410447641758556,92.34752589182969,19.190031152647975,54.87012987012987,56.38659543467702,20.48331415420023,51.94805194805194,45.45454545454545,115.5844155844156,120649,118248,4686,4420,3970,3595,375,160,140,124966,123299,1667,354,11,277,5,117966,2964,359,450,913,121561,1738,119182,1467,2059,321,48,1605,1161,308,1297,169,992,356,160,0,140,0,66
Indiana,2022,2.071485551066622,980.3916522992204,49.3811276086565,3.9885746635444277,40.24600499215151,30.89215408764571,1.3638352075345463,0.7205167134144773,97.14399990000875,2.8560000999912507,95.23916657292487,95.20853565710387,4.7914643428961385,NA,NA,NA,NA,NA,NA,1.0649068206531929,81.50078165711308,5.147058823529411,47.82608695652174,62.55862428348098,8.077123501823866,65.83850931677019,34.78260869565217,192.54658385093168,76198,NA,NA,NA,NA,NA,NA,106,56,80007,77722,2285,NA,NA,NA,NA,NA,NA,NA,NA,NA,73884,3838,72547,3651,3838,0,852,3128,2401,161,2967,77,2324,310,106,0,56,0,25
Iowa,2022,1.7503889753278508,978.5230051122472,12.224938875305625,2.4172038230717936,8.196265836852634,6.140253389642142,0.8057346076905979,0.694598799733274,97.98807546758869,2.0119245324113146,95.88358607171055,98.91819756381499,1.0818024361850138,93.92920649033118,5.467881751500333,102.23577235772359,8.790650406504065,94.23459244532803,7.9641350210970465,0.00816748795295527,67.04545454545455,21.35593220338983,50.79365079365079,49.66292134831461,19.772727272727273,46.03174603174603,39.682539682539684,138.0952380952381,35219,33807,1968,2012,1896,1745,151,29,25,36731,35992,739,213,4,0,0,33807,1532,147,116,173,35552,440,34838,381,445,5,3,295,221,63,232,32,189,87,29,0,25,0,12
Kansas,2022,2.1462218134180673,979.1788611087884,16.640187306630988,2.6479360035677457,11.344315299495499,8.08317306352259,1.5051425704490342,1.1985394542464531,98.97376479351155,1.0262352064884548,96.91301829015973,98.53970964987191,1.4602903501280957,NA,NA,NA,NA,NA,NA,0.2179370465392149,68.17420435510888,18.91891891891892,54.54545454545454,48.57621440536013,15.912897822445563,70.12987012987013,55.84415584415584,123.37662337662339,35130,NA,NA,NA,NA,NA,NA,54,43,36249,35877,372,NA,NA,NA,NA,NA,NA,NA,NA,NA,35280,597,34617,513,597,0,79,407,290,77,330,42,248,95,54,0,43,0,6
Kentucky,2022,1.1141831386951677,978.9336854702266,30.536871208682374,5.632814756736681,22.180497668468618,17.166673544340362,0.1650641686955804,0,97.59958113496315,2.400418865036852,95.54351766079986,97.09769206449573,2.902307935504268,93.88437254982874,5.504890025997606,118.10344827586208,0,57.25166613773405,7.372505543237251,0.024165290587619317,72.63513513513513,5.023255813953488,51.85185185185185,56.21621621621622,18.445945945945947,14.814814814814813,0,505.55555555555554,47445,45502,2668,3151,1804,1671,133,8,0,49658,48466,1192,277,19,181,6,45315,1213,108,1347,0,46986,1480,46068,1377,1480,0,12,1075,832,54,1021,28,804,273,8,0,0,0,0
Louisiana,2022,1.9165666589048702,977.5385552311523,17.499865661215498,3.3136900177327195,13.648820505472067,11.571047305163983,1.3612996829604687,0.9314155725518996,98.92269255984549,1.0773074401545086,96.70074596452682,98.49748053137884,1.5025194686211636,96.6039155277723,3.3960844722276953,97.31012658227847,2.689873417721519,53.60433604336043,7.077856420626897,0.27109874727572336,77.99385875127943,14.041994750656167,71.02803738317756,66.1207778915046,18.93551688843398,71.02803738317756,48.598130841121495,172.89719626168224,54575,53933,1896,1845,989,919,70,76,52,56437,55829,608,0,0,0,0,53933,919,70,856,51,54852,977,53755,820,977,0,153,762,646,107,655,76,570,185,71,5,47,5,5
Maine,2022,2.316052022091573,983.9657936932122,26.278282558346696,1.8706574024585783,26.189203634420096,22.804204525209336,2.226973098164974,1.4252627828255835,95.70332480818415,4.296675191815857,94.16879795396419,97.42893355060656,2.5710664493934456,NA,NA,NA,NA,NA,NA,0.2216538789428815,99.66101694915255,8.843537414965986,61.53846153846154,73.77521613832853,7.118644067796611,96.15384615384616,61.53846153846154,80.76923076923077,11046,NA,NA,NA,NA,NA,NA,25,16,11730,11226,504,NA,NA,NA,NA,NA,NA,NA,NA,NA,10931,295,10762,284,347,52,26,294,256,26,268,16,240,21,25,0,16,0,1
Marshall Islands,2022,NA,NA,NA,NA,NA,NA,NA,NA,NA,NA,NA,NA,NA,NA,NA,NA,NA,NA,NA,NA,NA,NA,NA,NA,NA,NA,NA,NA,NA,NA,NA,NA,NA,NA,NA,NA,NA,NA,NA,NA,NA,NA,NA,NA,NA,NA,NA,NA,NA,NA,NA,NA,NA,NA,NA,NA,NA,NA,NA,NA,NA,NA,NA,NA,NA,NA,NA,NA
Maryland,2022,1.1334171751517692,985.6071545018399,14.874159641032806,7.048923253683606,8.182340428835374,4.688931327340196,0.8694707097054668,0.7452606083189716,98.42295878604503,1.577041213954981,97.00637234676569,98.59168241965973,1.4083175803402646,96.25351281692983,3.111463039731706,93.9620758483034,26.44710578842315,83.21826872012745,7.147415443522655,0.03973165849111386,55.01043841336117,13.851992409867172,63.013698630136986,28.356807511737088,47.390396659707726,76.71232876712328,65.75342465753424,621.917808219178,63480,61994,2004,1883,1567,1455,112,56,48,65439,64407,1032,401,8,0,0,61994,1054,104,316,530,63449,958,62586,894,1065,107,26,527,302,73,454,46,256,454,56,0,48,0,7
Massachusetts,2022,1.9748210318439892,985.3630911757444,21.461657978422174,0.8712445728723481,17.613661114902637,14.825678481711124,1.5246780025266093,1.2052216591400815,99.03648417389303,0.9635158261069646,97.58689618476495,97.98258152934763,2.017418470652382,NA,NA,NA,NA,NA,NA,0.034513999741145,82.0703653585927,11.211871393239901,88.23529411764706,69.07983761840325,4.059539918809202,77.20588235294117,61.029411764705884,44.11764705882353,67859,NA,NA,NA,NA,NA,NA,105,83,69537,68867,670,NA,NA,NA,NA,NA,NA,NA,NA,NA,67389,1478,66490,1369,1478,0,24,1213,1021,136,1077,120,901,60,105,0,83,0,6
Michigan,2022,1.7213969642658242,960.2964853124334,11.462478609111253,5.042680518849297,5.771742762538352,3.746569863402088,1.053089907550857,0.7695657016717802,98.59530370192884,1.4046962980711633,94.68072361327422,99.10160698468935,0.8983930153106415,NA,NA,NA,NA,NA,NA,0.06888702527854319,50.35335689045937,29.82456140350877,66.47058823529412,32.11805555555556,43.99293286219081,61.1764705882353,44.70588235294118,292.94117647058823,94836,NA,NA,NA,NA,NA,NA,104,76,100164,98757,1407,NA,NA,NA,NA,NA,NA,NA,NA,NA,97625,1132,93984,852,1152,20,69,570,370,170,400,113,257,498,104,0,76,0,55
Micronesia,2022,NA,NA,NA,NA,NA,NA,NA,NA,NA,NA,NA,NA,NA,NA,NA,NA,NA,NA,NA,NA,NA,NA,NA,NA,NA,NA,NA,NA,NA,NA,NA,NA,NA,NA,NA,NA,NA,NA,NA,NA,NA,NA,NA,NA,NA,NA,NA,NA,NA,NA,NA,NA,NA,NA,NA,NA,NA,NA,NA,NA,NA,NA,NA,NA,NA,NA,NA,NA
Minnesota,2022,2.665082601505932,960.8425514152232,18.382648064604172,4.591648337534317,10.981424695361792,7.369113940308572,1.6696903045579334,1.2843771573522564,98.75225925103847,1.247740748961537,94.88537273678537,98.61816602058549,1.3818339794145167,92.06736558190313,7.468653170003371,98.30180567497851,7.910576096302665,91.97463371965887,9.747979077508322,0.012683514601896184,59.737991266375545,24.269005847953213,72.89156626506023,40.08733624454148,24.97816593886463,62.65060240963856,48.19277108433735,172.28915662650604,59848,57346,4652,4573,4206,3796,410,104,80,63074,62287,787,280,9,0,0,57346,3516,401,367,368,61142,1145,59021,827,1145,0,8,684,459,166,518,121,338,286,104,0,80,0,49
Mississippi,2022,1.8620757244127928,991.146973310248,41.84770180654014,21.952892750971873,18.130737316650876,13.785893959687694,0.686027898467871,0.32667995165136715,90.87967223822106,9.120327761778938,90.07511207434017,95.88002636783125,4.119973632168754,73.26451275685211,22.214236712292966,121.75,0,87.13612755163666,2.99417798724702,6.273194192916308,43.32552693208431,10.27027027027027,43.859649122807014,32.94301327088212,52.459016393442624,36.84210526315789,17.543859649122805,1178.9473684210525,30340,22427,6800,8279,7214,6998,216,21,10,33683,30611,3072,1308,76,68,27,22332,5622,113,1065,0,29330,1281,29090,1250,1281,0,2113,555,422,57,498,25,397,672,21,0,10,0,9
Missouri,2022,1.855204963044317,978.064056516964,18.789515865712843,2.5379203894446256,13.12000949864941,9.929056962213185,1.3505892130962627,1.0389147793048177,97.25181143731416,2.7481885626858347,95.11850119800236,98.31259484066767,1.6874051593323218,95.69889281367806,4.213541512066253,103.09968298696724,0,64.67372736590366,12.25567881669308,1.1474841950290118,69.826224328594,14.14027149321267,56.8,52.843601895734594,13.507109004739338,72.8,56.00000000000001,136.8,65900,64480,2839,2927,1893,1661,232,91,70,69282,67378,1904,51,8,0,29,64451,1610,195,1034,0,66112,1266,64788,1112,1266,0,795,884,669,125,759,71,598,171,91,0,70,0,21
Montana,2022,1.2369172216936253,981.0656517602283,19.790675547098004,14.557564224548049,5.99429115128449,5.423406279733587,1.141769743101808,0.7611798287345385,93.60527253295334,6.394727467046669,91.83291770573567,98.14760934923868,1.8523906507613228,93.71075166508088,5.261655566127497,118.08318264014466,7.233273056057866,78.25421133231241,5.088062622309197,0.8550053437833987,30.288461538461537,20.634920634920633,69.23076923076923,25.11013215859031,73.5576923076923,92.3076923076923,61.53846153846154,1176.923076923077,10311,9849,553,653,511,485,26,12,8,11228,10510,718,108,0,31,1,9817,346,25,142,40,10302,208,10120,191,227,19,96,63,57,13,50,9,48,153,12,0,8,0,1
Nebraska,2022,1.699923098716963,933.3387299145991,18.901525883352896,6.394948799935241,2.549884648075444,0.8094871898652204,1.699923098716963,0,100,0,93.33387299145991,99.99132697311362,0.008673026886383347,91.87679604970252,7.823693690047355,104.81117434040353,0,84.55083909180652,8.990075890251022,0,13.49036402569593,66.66666666666666,47.61904761904761,4.282655246252676,33.83297644539615,100,0,376.1904761904762,23060,22700,1933,2026,1713,1559,154,42,0,24707,24707,0,0,74,13,6,22681,1546,74,313,0,24240,467,23058,2,467,0,0,63,20,42,21,20,0,158,42,0,0,0,0
Nevada,2022,1.6706594376497288,986.1618963560711,15.82398184339932,9.235909721346616,6.115243979321649,3.593493884756021,0.788046904551759,0.788046904551759,96.34353741496598,3.6564625850340136,95.01032555879495,98.568003835704,1.4319961642959884,94.36073635102761,4.3468667255075015,144.52501812907906,0,80.98344204716508,7.6208178438661704,1.4243197278911566,38.645418326693225,27.31958762886598,47.16981132075472,22.709163346613543,58.366533864541836,47.16981132075472,47.16981132075472,552.8301886792452,31285,29935,1379,1993,1614,1491,123,25,25,32928,31724,1204,390,20,204,0,29731,897,103,379,0,31222,502,30837,448,502,0,469,194,114,53,141,25,89,293,25,0,25,0,28
New Hampshire,2022,1.3168557536466774,986.6288492706645,41.430307941653155,8.812803889789302,27.856564019448946,17.423014586709886,0.7090761750405187,0.506482982171799,81.21092464626521,18.78907535373478,80.1250411319513,95.86242299794662,4.137577002053388,NA,NA,NA,NA,NA,NA,0,67.23716381418093,4.7272727272727275,46.15384615384615,42.053789731051346,21.271393643031786,53.84615384615385,38.46153846153847,669.2307692307693,9740,NA,NA,NA,NA,NA,NA,7,5,12156,9872,2284,NA,NA,NA,NA,NA,NA,NA,NA,NA,9463,409,9337,403,409,0,0,275,172,13,262,6,166,87,7,0,5,0,6
New Jersey,2022,0.9942576547693931,984.1426049550555,7.883042834243046,4.0886309680823,3.6726660308828603,2.810299697664509,0.5377107724773249,0.42611042347259703,98.93900003011353,1.060999969886472,97.37008522128424,99.34950465449522,0.6504953455047783,96.81837550473794,0.773086054014569,411.54855643044624,0,80.73979591836735,6.832543443917852,0.030113528000562117,46.58944658944659,27.071823204419886,68.36734693877551,35.64993564993565,51.86615186615187,54.08163265306123,42.857142857142854,411.2244897959184,97003,95430,762,3136,2532,2359,173,53,42,99623,98566,1057,2359,15,0,0,95430,0,158,604,0,97789,777,96372,631,777,0,30,362,277,98,264,67,210,403,53,0,42,0,40
New Mexico,2022,2.1855534914217025,960.5507594798382,25.953447710632716,9.179324663971151,16.774123046661565,11.037045131679598,1.6938039558518194,1.4206097694241067,99.32164758235199,0.6783524176480165,95.40348401801704,97.81001137656428,2.1899886234357226,93.64003933996284,4.9502786580701565,128.47682119205297,0,68.72852233676976,13.875000000000002,0.26048732837683836,64.63157894736841,13.029315960912053,52.5,39.920948616600796,35.368421052631575,77.5,65,420,17580,17138,906,1164,800,689,111,31,26,18427,18302,125,237,21,0,0,17138,452,90,364,0,17827,475,17195,385,506,31,48,307,202,40,267,21,181,168,31,0,26,0,6
New York,2022,1.1712391312978918,979.3643546273871,15.876245682296421,11.513876205979274,3.786675666018184,2.521141858895462,0.7096915075237226,0.3573271925993568,96.50561324188666,3.4943867581133374,94.51415763056056,98.58719557307766,1.4128044269223363,96.57164410211617,2.921149799499742,132.22901800883454,0,65.06488500578183,9.47867298578199,1.49670485459213,23.851203501094094,30.930537352555703,57.20338983050848,15.58282208588957,72.52266333229133,60.59322033898306,30.508474576271187,983.0508474576271,197338,194588,5886,7783,5064,4584,480,143,72,208792,201496,7296,984,38,478,397,193713,3122,45,2719,0,198297,3199,194550,2788,3260,61,3125,763,508,236,527,135,373,2320,141,2,71,1,5
North Carolina,2022,1.9988414877907499,978.2574997348476,9.553646457971299,3.3205244307381028,5.466219578856337,3.0594512568225762,1.4359024565353957,0.8974390353346223,98.87229871984125,1.1277012801587494,96.72256773870888,99.23106433372809,0.768935666271913,96.00476458542396,3.995235414576041,95.36450888298958,4.635491117010415,90.47109207708779,11.810650887573965,0.09276512676556237,57.21605465414176,36.56716417910448,56.326530612244895,30.889621087314662,34.75661827497865,71.83673469387755,44.89795918367347,166.12244897959184,119906,117674,4897,4670,4225,3726,499,176,110,123969,122571,1398,0,0,0,0,117674,3726,499,445,227,121400,1171,118984,922,1214,43,115,670,375,245,425,138,237,407,176,0,110,0,36
North Dakota,2022,1.828655024229679,985.1878943037397,28.069854621925575,11.429093901435493,10.971930145378074,6.766023589649813,1.1886257657492914,0.9143275121148395,98.43398433984339,1.5660156601566018,96.9759697596976,97.31786542923435,2.6821345707656614,84.95016915058974,14.5286641675048,99.24480805538074,4.342353681560731,90.29803424223208,5.969101123595506,0.018000180001800016,39.08794788273616,16.666666666666664,60,23.870967741935484,40.71661237785016,65,50,625,10775,9291,1589,1577,1424,1339,85,13,10,11111,10937,174,53,4,0,0,9291,1286,81,153,69,10630,307,10486,289,310,3,2,120,74,20,100,12,62,125,13,0,10,0,2
Ohio,2022,1.6545572260988417,976.9401082256272,42.530913043825784,8.584514303527325,32.20391818334412,28.758922219824314,0.7513448273105852,0.5115539249774197,97.06573771636499,2.9342622836350096,94.82741230962596,96.26178164681241,3.7382183531875897,95.50152267222981,4.301848787856988,104.86807878112225,0,5.829199149539334,1.82370820668693,0.046550961665283073,75.71884984025559,5.137751303052867,77.77777777777779,65.16935337801122,20.18417590678444,45.410628019323674,30.917874396135264,518.8405797101449,122224,119481,5382,5644,329,323,6,94,64,128891,125109,3782,245,1,16,0,119465,62,5,5315,0,119788,5321,117655,4569,5521,200,60,4029,3598,207,3822,161,3437,1074,91,3,64,0,47
Oklahoma,2022,1.931264539349515,970.6798929026028,14.83562305227582,12.597111881666155,2.326295922398279,0.833955141991836,0.3511390071544573,0.13167712768292147,98.3636991624212,1.6363008375787926,95.47966496848287,98.66832466651594,1.3316753334840605,94.82947811965062,5.166132642759953,100.21240441801189,0,73.8024586689275,3.331418724870764,0.30006044383041186,15.680473372781064,83.01886792452831,32.95454545454545,5.507246376811594,84.91124260355029,18.181818181818183,6.8181818181818175,652.2727272727273,44230,43210,2354,2359,1741,1683,58,16,6,46324,45566,758,1,1,0,3,43207,1682,54,618,0,44890,676,43641,589,690,14,139,106,38,88,18,29,9,574,16,0,6,0,72
Oregon,2022,2.392040104842609,973.9929256686261,39.54500343537674,4.351477212000916,33.10685294042802,27.1776471486373,2.0103315774741075,1.5522813446319057,98.25478184773097,1.7452181522690335,95.69946243280411,96.2194644023514,3.780535597648596,NA,NA,NA,NA,NA,NA,0.1525190648831104,83.71943371943372,7.22521137586472,69.14893617021278,68.72586872586872,11.003861003861005,84.04255319148936,64.8936170212766,181.91489361702128,38275,NA,NA,NA,NA,NA,NA,79,61,39995,39297,698,NA,NA,NA,NA,NA,NA,NA,NA,NA,37743,1554,36828,1447,1554,0,61,1301,1068,94,1207,65,1003,171,79,0,61,0,1
Palau,2022,NA,896.7741935483871,0,NA,NA,NA,NA,NA,98.72611464968153,1.2738853503184715,88.53503184713377,100,0,84.51612903225806,15.483870967741936,100,0,100,0,0,NA,NA,NA,NA,NA,NA,NA,NA,139,131,24,24,24,24,0,NA,NA,157,155,2,0,0,0,0,131,24,0,0,0,155,0,139,0,NA,0,0,NA,NA,NA,NA,NA,NA,NA,NA,NA,NA,NA,NA
Pennsylvania,2022,1.6614420062695925,969.9373040752351,11.700626959247648,5.72884012539185,5.846394984326019,4.192789968652038,1.0031347962382446,0.713166144200627,97.90907347017072,2.090926529829273,94.96566276616151,99.02879674218674,0.9712032578132576,93.79075235109718,4.133228840125392,153.28024270003792,0,85.9228104898565,5.110855168442269,0.3767504316132745,49.966510381781646,28.418230563002684,72.64150943396226,32.902829028290284,48.96182183523108,60.37735849056604,42.924528301886795,344.811320754717,123764,119677,5274,8084,6946,6591,355,128,91,130325,127600,2725,2619,30,149,12,119516,3823,313,1138,0,126107,1493,122562,1202,1626,133,491,746,535,212,534,154,381,731,128,0,91,0,40
Puerto Rico,2022,0.4953764861294584,975.6164685160722,32.08938793483048,2.642007926023778,21.136063408190225,15.081461911052399,0.16512549537648613,0.055041831792162044,96.25430463576159,3.7456953642384105,93.90728476821192,96.91960507757405,3.080394922425952,95.7892998678996,3.3190224570673714,127.19734660033168,0.16583747927031509,24.902216427640155,3.1413612565445024,1.4781456953642385,65.86620926243569,2.34375,44.44444444444444,41.896024464831804,8.233276157804461,33.33333333333333,11.11111111111111,533.3333333333333,17725,17403,603,767,191,185,6,3,1,18875,18168,707,159,3,3,0,17400,23,3,576,1,17585,583,17179,546,654,71,279,384,274,9,375,4,270,48,3,0,1,0,3
Rhode Island,2022,2.2729425134955963,959.7499763235154,25.76001515295009,3.220001894118761,24.62354389620229,16.85765697509234,1.325883132872431,0.28411781418694954,98.59930899243626,1.4006910075637315,94.6306844710057,97.87842905072036,2.1215709492796524,85.8793446349086,9.082299460176154,152.65901981230448,4.066736183524505,93.85245901639344,10.407569141193596,0.21477262115977216,95.58823529411765,9.230769230769232,66.66666666666666,55.27950310559007,12.5,58.333333333333336,12.5,141.66666666666669,10134,9068,959,1464,1374,1231,143,14,3,10709,10559,150,507,25,11,1,9056,713,117,90,39,10287,272,9919,215,322,50,23,260,178,24,236,16,162,34,14,0,3,0,4
South Carolina,2022,1.680223011417879,979.6654828731813,18.005117042807502,13.5181578645893,4.047809982052163,2.883109940046588,1.298354145186543,0.7637377324626723,97.14359906517788,2.856400934822124,95.16823088622621,98.53047223683954,1.469527763160459,95.08152900294039,4.630160003054951,114.43298969072164,4.164948453608248,75.27927927927928,7.467687888942078,1.7286790073079348,22.481442205726403,41.509433962264154,61.36363636363637,16.01272534464475,75.0795334040297,77.27272727272727,45.45454545454545,804.5454545454545,51309,49798,2425,2775,2089,1933,156,68,40,53914,52374,1540,139,12,277,23,49498,1517,121,686,101,51431,943,50555,754,943,0,932,212,151,88,124,54,97,708,60,8,38,2,17
South Dakota,2022,2.339890805095762,978.7676575093162,21.492330357916632,16.552560880492244,2.946529161972441,2.339890805095762,0.17332524482190834,0.08666262241095417,95.9185369908562,4.081463009143807,93.88196176226101,98.05206304232335,1.9479369576766425,NA,NA,NA,NA,NA,NA,0.12468827930174563,13.709677419354838,79.41176470588235,81.48148148148148,10.887096774193548,77.01612903225806,7.4074074074074066,3.7037037037037033,707.4074074074074,11294,NA,NA,NA,NA,NA,NA,2,1,12030,11539,491,NA,NA,NA,NA,NA,NA,NA,NA,NA,11291,248,11074,220,248,0,15,34,27,27,7,22,5,191,2,0,1,0,25
Tennessee,2022,1.5716729071326214,976.748486109185,20.31618360837609,8.147274996533074,9.77672999583969,5.1310497850506165,0.808949290435908,0.4622567373919475,98.65018924711569,1.3498107528843084,96.35642300150485,98.07382867960246,1.9261713203975392,NA,NA,NA,NA,NA,NA,0.2964111450590542,48.122866894197955,16.07565011820331,41.911764705882355,24.288840262582056,40.1023890784983,51.470588235294116,29.411764705882355,518.3823529411765,84520,NA,NA,NA,NA,NA,NA,70,40,87716,86532,1184,NA,NA,NA,NA,NA,NA,NA,NA,NA,84774,1758,82892,1628,1828,70,260,846,444,136,710,57,387,705,66,4,39,1,9
Texas,2022,1.2988527684119007,982.4469325868906,15.88841529359374,9.881883919672584,6.094005131793795,3.9495727039463917,0.5062875076870879,0,98.45707365959579,1.5429263404042093,96.72885000835143,98.53008628458262,1.4699137154173658,96.06156031978286,3.704116037915898,92.65779304422499,13.839988550164591,76.96169292554835,10.8078273958856,0.4799461332887923,38.35502168835502,21.31361461505002,59.795918367346935,22.75156512444648,62.19552886219552,38.9795918367347,0,760.8163265306122,370634,362398,13974,12948,9965,8888,1077,191,0,383168,377256,5912,849,35,24,0,362374,8015,1042,2983,1934,371262,5994,365186,5448,6549,555,1839,2299,1490,490,1809,293,1197,3728,158,33,0,0,245
Utah,2022,2.19501172824894,985.3665884783403,9.72691471733844,0.5379930706492501,14.827089027093331,12.933353418407972,1.6785383804256602,1.46334115216596,98.69591997111485,1.3040800288851602,97.25166195866873,99.14389918976173,0.8561008102382669,94.73197185220255,5.15827756138501,97.78890279516061,6.382978723404255,96.71501706484642,9.792677547419498,0.033982541469320136,152.43362831858406,14.804063860667634,87.25490196078431,79.39233817701454,5.530973451327434,76.47058823529412,66.66666666666666,24.509803921568626,45789,44021,2397,2344,2267,2045,222,78,68,47083,46469,614,51,0,38,11,43972,1956,211,77,153,46017,452,45397,392,757,305,16,689,601,102,587,89,512,25,78,0,68,0,2
Vermont,2022,1.3958125623130608,978.0658025922233,5.782652043868395,0,5.583250249252243,4.785643070787637,0.5982053838484547,0.5982053838484547,98.31405606743776,1.685943932562243,96.15761615369536,99.61264016309887,0.3873598369011213,91.7048853439681,5.423728813559322,151.83823529411765,1.1029411764705883,98.06295399515739,4.444444444444445,0,96.55172413793103,25,85.71428571428571,82.75862068965517,0,42.857142857142854,42.857142857142854,0,4905,4599,272,413,405,387,18,3,3,5101,5015,86,143,1,0,0,4599,244,17,8,3,4986,29,4886,19,29,0,0,28,24,7,21,6,18,0,3,0,3,0,4
Virgin Islands,2022,NA,NA,NA,NA,NA,NA,NA,NA,NA,NA,NA,NA,NA,NA,NA,NA,NA,NA,NA,NA,NA,NA,NA,NA,NA,NA,NA,NA,NA,NA,NA,NA,NA,NA,NA,NA,NA,NA,NA,NA,NA,NA,NA,NA,NA,NA,NA,NA,NA,NA,NA,NA,NA,NA,NA,NA,NA,NA,NA,NA,NA,NA,NA,NA,NA,NA,NA,NA
Virginia,2022,1.388028785581584,976.7238249802473,15.246962352388477,2.818766149181063,9.363855730423456,7.474001153131606,0.3630229131521066,0.22422003459394818,97.71819082894257,2.2818091710574366,95.4436851165945,98.71772448020289,1.2822755197971096,96.04305024664204,3.2992376518823807,110.67961165048543,22.459546925566343,87.953216374269,10.704787234042554,0.10224842193124314,61.41456582633054,14.823261117445838,70,48.84856943475227,18.487394957983195,26.153846153846157,16.153846153846153,203.07692307692307,91478,89952,3090,3420,3008,2686,322,34,21,95845,93658,2187,586,30,376,32,89544,1724,260,412,694,92230,1428,90305,1173,1433,5,98,877,700,130,747,91,609,264,34,0,21,0,88
Washington,2022,2.235892874789999,961.7427611424055,12.575353295780216,2.890601838126297,6.571795631979445,3.6935467931613797,1.6800079059195574,1.1241229370491155,98.84973258114148,1.1502674188585245,95.0680147507754,98.98400873418535,1.0159912658146555,92.2064927364364,5.007905919557269,148.37197829304392,7.252096694622595,93.39983374896093,5.82057671769313,0.32603121107773464,52.25933202357563,34.02255639097744,67.95580110497238,26.46017699115044,22.98624754420432,75.13812154696133,50.27624309392266,129.28176795580112,77855,74643,4054,6015,5618,5291,327,136,91,81894,80952,942,2236,19,0,0,74643,3055,308,397,294,79934,1018,77064,791,1130,112,267,532,299,181,351,123,176,234,136,0,91,0,11
West Virginia,2022,0.4059382973787984,969.1486893992113,48.82857805613547,13.279981442820691,27.71978659243795,24.704244954766878,0.4059382973787984,0.2899559266991417,98.28441151325164,1.7155884867483613,95.25220860644058,95.11129727142173,4.8887027285782665,NA,NA,NA,NA,NA,NA,0.9005414648047877,56.76959619952494,1.4644351464435146,42.857142857142854,50.5938242280285,27.197149643705465,100,71.42857142857143,3271.4285714285716,16712,NA,NA,NA,NA,NA,NA,7,5,17545,17244,301,NA,NA,NA,NA,NA,NA,NA,NA,NA,16402,842,15895,817,842,0,158,478,426,7,471,3,423,229,7,0,5,0,0
Wisconsin,2022,2.0026702269692924,959.5186744719455,14.070042107425285,2.687343808839136,7.5827599192085176,5.03235082674335,1.0783608914450036,0.5990893841361131,97.83963022508038,2.160369774919614,93.87895230439443,99.83766523360151,0.16233476639848726,95.98610112628803,3.952278251343672,100.04330879168471,1.6890428757037679,72.51082251082252,8.835820895522389,0.12392818863879956,53.892944038929436,26.410835214446955,63.24786324786324,35.76642335766424,19.099756690997566,53.84615384615385,29.914529914529915,134.18803418803418,56057,56077,2309,2310,1675,1527,148,63,35,59712,58422,1290,11,25,0,4,56073,1516,119,635,39,57600,822,55966,91,822,0,74,443,294,117,326,74,220,157,63,0,35,0,7
Wyoming,2022,1.7113519680547633,992.9644419091081,5.704506560182544,0.19015021867275148,5.894656778855296,5.324206122837041,1.7113519680547633,1.1409013120365088,98.06078687301884,1.9392131269811672,97.37087451053515,99.5212562236691,0.4787437763309077,96.7104012169614,3.2895987830386004,98.26589595375722,2.312138728323699,97.05882352941177,12.727272727272727,0,103.33333333333334,29.03225806451613,100,73.68421052631578,3.3333333333333335,100,66.66666666666666,11.11111111111111,5222,5086,173,170,165,144,21,9,6,5363,5259,104,0,0,1,0,5085,143,21,5,4,5229,30,5197,25,38,8,0,31,28,9,22,9,19,1,8,1,5,1,0
US,2022,1.7678690919996594,974.1079899677939,17.618935140738955,6.242223997357216,10.130295785469986,7.319519225294509,1.0663024194889528,0.7227066887575139,98.09216827362269,1.907831726377304,95.5523648686012,98.47898458150736,1.5210154184926423,75.70098884539996,3.4494023576473585,116.52189545421116,6.407249728298618,80.85500294538416,9.234492089925062,0.4701701183595555,57.49664043002496,17.45130773511408,62.26084183673469,39.872251566146666,35.429065079669805,60.3156887755102,40.880102040816325,353.09311224489795,3455915,2685700,122377,142596,115296,104649,10647,3783,2564,3616776,3547774,69002,23216,850,3374,620,2681706,78059,9177,27300,7841,3485266,62508,3403350,52565,65128,2620,17005,35940,25968,6272,29668,3905,22063,22146,3651,132,2500,64,1220
State/Territory average,2022,1.843865829848058,971.3304670755302,20.998284347315888,7.220477763650872,11.913050546227103,8.727241592122176,1.0972381320605455,0.7437579746111516,97.49305300572436,2.5069469942756393,94.68414985697217,98.15549341020586,1.8445065897941342,92.21219497785613,6.394849377338113,125.21861366658234,7.726663311472376,81.73203147257912,8.154391024115542,0.6372051719882885,56.34814364773695,25.249399423839265,61.00927639345027,38.49876191510895,34.87014117663035,58.06722031108093,37.77124855196902,504.49675706500824,62834.818181818184,62458.13953488372,2845.9767441860463,3316.186046511628,2681.3023255813955,2433.6976744186045,247.6046511627907,70.05555555555556,47.48148148148148,65759.56363636363,64504.98181818182,1254.581818181818,539.9069767441861,19.767441860465116,78.46511627906976,14.418604651162791,62365.25581395349,1815.3255813953488,213.41860465116278,634.8837209302326,182.34883720930233,63368.472727272725,1136.509090909091,61879.09090909091,955.7272727272727,1206.0740740740741,47.63636363636363,309.1818181818182,665.5555555555555,480.8888888888889,116.14814814814815,549.4074074074074,72.31481481481481,408.5740740740741,410.1111111111111,67.61111111111111,2.4444444444444446,46.2962962962963,1.1851851851851851,22.59259259259259
State/Territory median,2022,1.7834597011062505,978.0658025922233,18.005117042807502,6.00427568802605,8.189303132844003,5.371910291898173,1.0657253994979303,0.7328886608667244,98.28441151325164,1.7155884867483613,95.23916657292487,98.53970964987191,1.4602903501280957,93.92920649033118,5.007905919557269,108.29875518672199,2.312138728323699,85.9228104898565,7.748776508972267,0.21477262115977216,55.890017306443056,21.334773409219927,61.017679503595,35.12742014104412,27.643657804265416,60.48528941477455,42.857142857142854,393.7074829931973,38275,43210,2004,2310,1713,1559,143,47.5,25.5,39995,39297,758,213,10,3,0,43207,1286,104,364,40,37743,822,36828,631,832,2,69,452,296.5,83.5,340.5,49.5,238.5,213,47.5,0,25.5,0,7
State/Territory SD,2022,0.768585533591572,21.286830139751654,11.433610772696968,5.582177023580272,9.27225689229844,7.898679215160314,0.6998269507206236,0.6678442985969377,2.8165596767882177,2.8165596767882173,3.060245127608598,1.177995437758068,1.177995437758069,5.713882822832223,5.09752121535144,55.52664007577549,13.383545491342629,18.831075128375268,3.710535150643359,1.3094082646326186,28.32200582261375,20.00275909394771,19.225511923589828,21.9146828921327,23.750023526031637,23.89965245172123,23.091259525078506,564.3977296666096,78952.7068220076,83322.84259421342,3136.7619297945125,3345.754888524618,2971.131118060721,2620.5096426793425,402.7363629883571,102.78341703606696,86.48453689702052,81889.62165843493,80908.30602613172,1434.495196936424,924.7673018490725,30.034771285249594,134.10645182398756,60.36170047075323,83280.31713810579,2231.664526343405,397.3414767796526,991.4923386420214,350.2089773210201,79903.19547215417,1274.749806573929,78135.3127589314,1112.8037738331225,1336.834896903621,101.68276077282638,592.8649552966132,800.0450144568321,627.3670246735946,147.7342600762583,723.8103451824599,90.3199395177685,589.8693364060767,635.7282458061175,101.90291655549277,7.542750278314024,86.31089693323773,4.7107827898727495,37.95305865244816
